ISO-10303-21;
HEADER;
FILE_DESCRIPTION(('Open CASCADE Model'),'2;1');
FILE_NAME('Open CASCADE Shape Model','2026-07-28T10:24:28',('Author'),(
    'Open CASCADE'),'Open CASCADE STEP processor 7.6','Open CASCADE 7.6'
  ,'Unknown');
FILE_SCHEMA((
'AP242_MANAGED_MODEL_BASED_3D_ENGINEERING_MIM_LF. {1 0 10303 442 1 1 4 
}'));
ENDSEC;
DATA;
#1 = APPLICATION_PROTOCOL_DEFINITION('international standard',
  'ap242_managed_model_based_3d_engineering',2013,#2);
#2 = APPLICATION_CONTEXT('Managed model based 3d engineering');
#3 = SHAPE_DEFINITION_REPRESENTATION(#4,#10);
#4 = PRODUCT_DEFINITION_SHAPE('','',#5);
#5 = PRODUCT_DEFINITION('design','',#6,#9);
#6 = PRODUCT_DEFINITION_FORMATION('','',#7);
#7 = PRODUCT('Open CASCADE STEP translator 7.6 1',
  'Open CASCADE STEP translator 7.6 1','',(#8));
#8 = PRODUCT_CONTEXT('',#2,'mechanical');
#9 = PRODUCT_DEFINITION_CONTEXT('part definition',#2,'design');
#10 = ADVANCED_BREP_SHAPE_REPRESENTATION('',(#11,#15),#4918);
#11 = AXIS2_PLACEMENT_3D('',#12,#13,#14);
#12 = CARTESIAN_POINT('',(0.,0.,0.));
#13 = DIRECTION('',(0.,0.,1.));
#14 = DIRECTION('',(1.,0.,-0.));
#15 = MANIFOLD_SOLID_BREP('',#16);
#16 = CLOSED_SHELL('',(#17,#394,#1137,#1184,#1470,#1519,#1841,#1891,
    #2155,#2204,#2464,#2489,#2539,#2921,#2948,#3015,#3083,#3109,#3134,
    #3160,#3185,#3211,#3238,#3291,#3316,#3342,#3367,#3392,#3417,#3425,
    #3517,#3560,#3584,#3611,#3638,#3645,#3669,#3750,#3778,#3858,#3886,
    #3967,#3974,#4051,#4100,#4150,#4199,#4249,#4298,#4348,#4375,#4381,
    #4387,#4485,#4520,#4618,#4787,#4832,#4839,#4866,#4911));
#17 = ADVANCED_FACE('',(#18),#32,.F.);
#18 = FACE_BOUND('',#19,.F.);
#19 = EDGE_LOOP('',(#20,#55,#83,#111,#139,#162,#188,#214,#240,#266,#292,
    #318,#344,#370));
#20 = ORIENTED_EDGE('',*,*,#21,.F.);
#21 = EDGE_CURVE('',#22,#24,#26,.T.);
#22 = VERTEX_POINT('',#23);
#23 = CARTESIAN_POINT('',(-7.3,-46.7,0.));
#24 = VERTEX_POINT('',#25);
#25 = CARTESIAN_POINT('',(-0.825,-46.7,0.));
#26 = SURFACE_CURVE('',#27,(#31,#43),.PCURVE_S1.);
#27 = LINE('',#28,#29);
#28 = CARTESIAN_POINT('',(-7.3,-46.7,0.));
#29 = VECTOR('',#30,1.);
#30 = DIRECTION('',(1.,0.,0.));
#31 = PCURVE('',#32,#37);
#32 = PLANE('',#33);
#33 = AXIS2_PLACEMENT_3D('',#34,#35,#36);
#34 = CARTESIAN_POINT('',(-7.3,-46.7,0.));
#35 = DIRECTION('',(0.,1.,0.));
#36 = DIRECTION('',(1.,0.,0.));
#37 = DEFINITIONAL_REPRESENTATION('',(#38),#42);
#38 = LINE('',#39,#40);
#39 = CARTESIAN_POINT('',(0.,0.));
#40 = VECTOR('',#41,1.);
#41 = DIRECTION('',(1.,0.));
#42 = ( GEOMETRIC_REPRESENTATION_CONTEXT(2) 
PARAMETRIC_REPRESENTATION_CONTEXT() REPRESENTATION_CONTEXT('2D SPACE',''
  ) );
#43 = PCURVE('',#44,#49);
#44 = PLANE('',#45);
#45 = AXIS2_PLACEMENT_3D('',#46,#47,#48);
#46 = CARTESIAN_POINT('',(5.214365172488E-16,3.293283266834E-16,0.));
#47 = DIRECTION('',(0.,0.,1.));
#48 = DIRECTION('',(1.,0.,-0.));
#49 = DEFINITIONAL_REPRESENTATION('',(#50),#54);
#50 = LINE('',#51,#52);
#51 = CARTESIAN_POINT('',(-7.3,-46.7));
#52 = VECTOR('',#53,1.);
#53 = DIRECTION('',(1.,0.));
#54 = ( GEOMETRIC_REPRESENTATION_CONTEXT(2) 
PARAMETRIC_REPRESENTATION_CONTEXT() REPRESENTATION_CONTEXT('2D SPACE',''
  ) );
#55 = ORIENTED_EDGE('',*,*,#56,.T.);
#56 = EDGE_CURVE('',#22,#57,#59,.T.);
#57 = VERTEX_POINT('',#58);
#58 = CARTESIAN_POINT('',(-7.3,-46.7,14.461553390593));
#59 = SURFACE_CURVE('',#60,(#64,#71),.PCURVE_S1.);
#60 = LINE('',#61,#62);
#61 = CARTESIAN_POINT('',(-7.3,-46.7,0.));
#62 = VECTOR('',#63,1.);
#63 = DIRECTION('',(0.,0.,1.));
#64 = PCURVE('',#32,#65);
#65 = DEFINITIONAL_REPRESENTATION('',(#66),#70);
#66 = LINE('',#67,#68);
#67 = CARTESIAN_POINT('',(-3.552713678801E-15,0.));
#68 = VECTOR('',#69,1.);
#69 = DIRECTION('',(0.,-1.));
#70 = ( GEOMETRIC_REPRESENTATION_CONTEXT(2) 
PARAMETRIC_REPRESENTATION_CONTEXT() REPRESENTATION_CONTEXT('2D SPACE',''
  ) );
#71 = PCURVE('',#72,#77);
#72 = CYLINDRICAL_SURFACE('',#73,19.4);
#73 = AXIS2_PLACEMENT_3D('',#74,#75,#76);
#74 = CARTESIAN_POINT('',(-7.3,-27.3,0.));
#75 = DIRECTION('',(-0.,0.,-1.));
#76 = DIRECTION('',(1.,0.,0.));
#77 = DEFINITIONAL_REPRESENTATION('',(#78),#82);
#78 = LINE('',#79,#80);
#79 = CARTESIAN_POINT('',(-4.712388980385,0.));
#80 = VECTOR('',#81,1.);
#81 = DIRECTION('',(-0.,-1.));
#82 = ( GEOMETRIC_REPRESENTATION_CONTEXT(2) 
PARAMETRIC_REPRESENTATION_CONTEXT() REPRESENTATION_CONTEXT('2D SPACE',''
  ) );
#83 = ORIENTED_EDGE('',*,*,#84,.T.);
#84 = EDGE_CURVE('',#57,#85,#87,.T.);
#85 = VERTEX_POINT('',#86);
#86 = CARTESIAN_POINT('',(7.3,-46.7,14.461553390593));
#87 = SURFACE_CURVE('',#88,(#92,#99),.PCURVE_S1.);
#88 = LINE('',#89,#90);
#89 = CARTESIAN_POINT('',(-7.3,-46.7,14.461553390593));
#90 = VECTOR('',#91,1.);
#91 = DIRECTION('',(1.,0.,0.));
#92 = PCURVE('',#32,#93);
#93 = DEFINITIONAL_REPRESENTATION('',(#94),#98);
#94 = LINE('',#95,#96);
#95 = CARTESIAN_POINT('',(0.,-14.46155339059));
#96 = VECTOR('',#97,1.);
#97 = DIRECTION('',(1.,0.));
#98 = ( GEOMETRIC_REPRESENTATION_CONTEXT(2) 
PARAMETRIC_REPRESENTATION_CONTEXT() REPRESENTATION_CONTEXT('2D SPACE',''
  ) );
#99 = PCURVE('',#100,#105);
#100 = PLANE('',#101);
#101 = AXIS2_PLACEMENT_3D('',#102,#103,#104);
#102 = CARTESIAN_POINT('',(5.214365172488E-16,3.293283266834E-16,
    14.461553390593));
#103 = DIRECTION('',(0.,0.,1.));
#104 = DIRECTION('',(1.,0.,-0.));
#105 = DEFINITIONAL_REPRESENTATION('',(#106),#110);
#106 = LINE('',#107,#108);
#107 = CARTESIAN_POINT('',(-7.3,-46.7));
#108 = VECTOR('',#109,1.);
#109 = DIRECTION('',(1.,0.));
#110 = ( GEOMETRIC_REPRESENTATION_CONTEXT(2) 
PARAMETRIC_REPRESENTATION_CONTEXT() REPRESENTATION_CONTEXT('2D SPACE',''
  ) );
#111 = ORIENTED_EDGE('',*,*,#112,.F.);
#112 = EDGE_CURVE('',#113,#85,#115,.T.);
#113 = VERTEX_POINT('',#114);
#114 = CARTESIAN_POINT('',(7.3,-46.7,0.));
#115 = SURFACE_CURVE('',#116,(#120,#127),.PCURVE_S1.);
#116 = LINE('',#117,#118);
#117 = CARTESIAN_POINT('',(7.3,-46.7,0.));
#118 = VECTOR('',#119,1.);
#119 = DIRECTION('',(0.,0.,1.));
#120 = PCURVE('',#32,#121);
#121 = DEFINITIONAL_REPRESENTATION('',(#122),#126);
#122 = LINE('',#123,#124);
#123 = CARTESIAN_POINT('',(14.6,0.));
#124 = VECTOR('',#125,1.);
#125 = DIRECTION('',(0.,-1.));
#126 = ( GEOMETRIC_REPRESENTATION_CONTEXT(2) 
PARAMETRIC_REPRESENTATION_CONTEXT() REPRESENTATION_CONTEXT('2D SPACE',''
  ) );
#127 = PCURVE('',#128,#133);
#128 = CYLINDRICAL_SURFACE('',#129,19.4);
#129 = AXIS2_PLACEMENT_3D('',#130,#131,#132);
#130 = CARTESIAN_POINT('',(7.3,-27.3,0.));
#131 = DIRECTION('',(-0.,0.,-1.));
#132 = DIRECTION('',(1.,0.,0.));
#133 = DEFINITIONAL_REPRESENTATION('',(#134),#138);
#134 = LINE('',#135,#136);
#135 = CARTESIAN_POINT('',(-4.712388980385,0.));
#136 = VECTOR('',#137,1.);
#137 = DIRECTION('',(-0.,-1.));
#138 = ( GEOMETRIC_REPRESENTATION_CONTEXT(2) 
PARAMETRIC_REPRESENTATION_CONTEXT() REPRESENTATION_CONTEXT('2D SPACE',''
  ) );
#139 = ORIENTED_EDGE('',*,*,#140,.F.);
#140 = EDGE_CURVE('',#141,#113,#143,.T.);
#141 = VERTEX_POINT('',#142);
#142 = CARTESIAN_POINT('',(0.825,-46.7,0.));
#143 = SURFACE_CURVE('',#144,(#148,#155),.PCURVE_S1.);
#144 = LINE('',#145,#146);
#145 = CARTESIAN_POINT('',(-7.3,-46.7,0.));
#146 = VECTOR('',#147,1.);
#147 = DIRECTION('',(1.,0.,0.));
#148 = PCURVE('',#32,#149);
#149 = DEFINITIONAL_REPRESENTATION('',(#150),#154);
#150 = LINE('',#151,#152);
#151 = CARTESIAN_POINT('',(0.,0.));
#152 = VECTOR('',#153,1.);
#153 = DIRECTION('',(1.,0.));
#154 = ( GEOMETRIC_REPRESENTATION_CONTEXT(2) 
PARAMETRIC_REPRESENTATION_CONTEXT() REPRESENTATION_CONTEXT('2D SPACE',''
  ) );
#155 = PCURVE('',#44,#156);
#156 = DEFINITIONAL_REPRESENTATION('',(#157),#161);
#157 = LINE('',#158,#159);
#158 = CARTESIAN_POINT('',(-7.3,-46.7));
#159 = VECTOR('',#160,1.);
#160 = DIRECTION('',(1.,0.));
#161 = ( GEOMETRIC_REPRESENTATION_CONTEXT(2) 
PARAMETRIC_REPRESENTATION_CONTEXT() REPRESENTATION_CONTEXT('2D SPACE',''
  ) );
#162 = ORIENTED_EDGE('',*,*,#163,.T.);
#163 = EDGE_CURVE('',#141,#164,#166,.T.);
#164 = VERTEX_POINT('',#165);
#165 = CARTESIAN_POINT('',(0.825,-46.7,0.296446609407));
#166 = SURFACE_CURVE('',#167,(#171,#177),.PCURVE_S1.);
#167 = LINE('',#168,#169);
#168 = CARTESIAN_POINT('',(0.825,-46.7,-0.625));
#169 = VECTOR('',#170,1.);
#170 = DIRECTION('',(0.,-0.,1.));
#171 = PCURVE('',#32,#172);
#172 = DEFINITIONAL_REPRESENTATION('',(#173),#176);
#173 = B_SPLINE_CURVE_WITH_KNOTS('',1,(#174,#175),.UNSPECIFIED.,.F.,.F.,
  (2,2),(0.625,0.921446609407),.PIECEWISE_BEZIER_KNOTS.);
#174 = CARTESIAN_POINT('',(8.125,0.));
#175 = CARTESIAN_POINT('',(8.125,-0.296446609407));
#176 = ( GEOMETRIC_REPRESENTATION_CONTEXT(2) 
PARAMETRIC_REPRESENTATION_CONTEXT() REPRESENTATION_CONTEXT('2D SPACE',''
  ) );
#177 = PCURVE('',#178,#183);
#178 = PLANE('',#179);
#179 = AXIS2_PLACEMENT_3D('',#180,#181,#182);
#180 = CARTESIAN_POINT('',(0.825,38.7,-1.25));
#181 = DIRECTION('',(-1.,0.,0.));
#182 = DIRECTION('',(0.,0.,1.));
#183 = DEFINITIONAL_REPRESENTATION('',(#184),#187);
#184 = B_SPLINE_CURVE_WITH_KNOTS('',1,(#185,#186),.UNSPECIFIED.,.F.,.F.,
  (2,2),(0.625,0.921446609407),.PIECEWISE_BEZIER_KNOTS.);
#185 = CARTESIAN_POINT('',(1.25,-85.4));
#186 = CARTESIAN_POINT('',(1.546446609407,-85.4));
#187 = ( GEOMETRIC_REPRESENTATION_CONTEXT(2) 
PARAMETRIC_REPRESENTATION_CONTEXT() REPRESENTATION_CONTEXT('2D SPACE',''
  ) );
#188 = ORIENTED_EDGE('',*,*,#189,.T.);
#189 = EDGE_CURVE('',#164,#190,#192,.T.);
#190 = VERTEX_POINT('',#191);
#191 = CARTESIAN_POINT('',(1.4,-46.7,0.871446609407));
#192 = SURFACE_CURVE('',#193,(#197,#203),.PCURVE_S1.);
#193 = LINE('',#194,#195);
#194 = CARTESIAN_POINT('',(-1.280361652352,-46.7,-1.808915042945));
#195 = VECTOR('',#196,1.);
#196 = DIRECTION('',(0.707106781187,-0.,0.707106781187));
#197 = PCURVE('',#32,#198);
#198 = DEFINITIONAL_REPRESENTATION('',(#199),#202);
#199 = B_SPLINE_CURVE_WITH_KNOTS('',1,(#200,#201),.UNSPECIFIED.,.F.,.F.,
  (2,2),(2.977431002456,3.790603800821),.PIECEWISE_BEZIER_KNOTS.);
#200 = CARTESIAN_POINT('',(8.125,-0.296446609407));
#201 = CARTESIAN_POINT('',(8.7,-0.871446609407));
#202 = ( GEOMETRIC_REPRESENTATION_CONTEXT(2) 
PARAMETRIC_REPRESENTATION_CONTEXT() REPRESENTATION_CONTEXT('2D SPACE',''
  ) );
#203 = PCURVE('',#204,#209);
#204 = PLANE('',#205);
#205 = AXIS2_PLACEMENT_3D('',#206,#207,#208);
#206 = CARTESIAN_POINT('',(0.825,38.7,0.296446609407));
#207 = DIRECTION('',(-0.707106781187,0.,0.707106781187));
#208 = DIRECTION('',(0.707106781187,0.,0.707106781187));
#209 = DEFINITIONAL_REPRESENTATION('',(#210),#213);
#210 = B_SPLINE_CURVE_WITH_KNOTS('',1,(#211,#212),.UNSPECIFIED.,.F.,.F.,
  (2,2),(2.977431002456,3.790603800821),.PIECEWISE_BEZIER_KNOTS.);
#211 = CARTESIAN_POINT('',(0.,-85.4));
#212 = CARTESIAN_POINT('',(0.813172798365,-85.4));
#213 = ( GEOMETRIC_REPRESENTATION_CONTEXT(2) 
PARAMETRIC_REPRESENTATION_CONTEXT() REPRESENTATION_CONTEXT('2D SPACE',''
  ) );
#214 = ORIENTED_EDGE('',*,*,#215,.T.);
#215 = EDGE_CURVE('',#190,#216,#218,.T.);
#216 = VERTEX_POINT('',#217);
#217 = CARTESIAN_POINT('',(1.4,-46.7,1.478553390593));
#218 = SURFACE_CURVE('',#219,(#223,#229),.PCURVE_S1.);
#219 = LINE('',#220,#221);
#220 = CARTESIAN_POINT('',(1.4,-46.7,0.435723304703));
#221 = VECTOR('',#222,1.);
#222 = DIRECTION('',(0.,-0.,1.));
#223 = PCURVE('',#32,#224);
#224 = DEFINITIONAL_REPRESENTATION('',(#225),#228);
#225 = B_SPLINE_CURVE_WITH_KNOTS('',1,(#226,#227),.UNSPECIFIED.,.F.,.F.,
  (2,2),(0.435723304703,1.04283008589),.PIECEWISE_BEZIER_KNOTS.);
#226 = CARTESIAN_POINT('',(8.7,-0.871446609407));
#227 = CARTESIAN_POINT('',(8.7,-1.478553390593));
#228 = ( GEOMETRIC_REPRESENTATION_CONTEXT(2) 
PARAMETRIC_REPRESENTATION_CONTEXT() REPRESENTATION_CONTEXT('2D SPACE',''
  ) );
#229 = PCURVE('',#230,#235);
#230 = PLANE('',#231);
#231 = AXIS2_PLACEMENT_3D('',#232,#233,#234);
#232 = CARTESIAN_POINT('',(1.4,38.7,0.871446609407));
#233 = DIRECTION('',(-1.,0.,0.));
#234 = DIRECTION('',(0.,0.,1.));
#235 = DEFINITIONAL_REPRESENTATION('',(#236),#239);
#236 = B_SPLINE_CURVE_WITH_KNOTS('',1,(#237,#238),.UNSPECIFIED.,.F.,.F.,
  (2,2),(0.435723304703,1.04283008589),.PIECEWISE_BEZIER_KNOTS.);
#237 = CARTESIAN_POINT('',(0.,-85.4));
#238 = CARTESIAN_POINT('',(0.607106781187,-85.4));
#239 = ( GEOMETRIC_REPRESENTATION_CONTEXT(2) 
PARAMETRIC_REPRESENTATION_CONTEXT() REPRESENTATION_CONTEXT('2D SPACE',''
  ) );
#240 = ORIENTED_EDGE('',*,*,#241,.T.);
#241 = EDGE_CURVE('',#216,#242,#244,.T.);
#242 = VERTEX_POINT('',#243);
#243 = CARTESIAN_POINT('',(0.2,-46.7,2.678553390593));
#244 = SURFACE_CURVE('',#245,(#249,#255),.PCURVE_S1.);
#245 = LINE('',#246,#247);
#246 = CARTESIAN_POINT('',(-0.405361652352,-46.7,3.283915042945));
#247 = VECTOR('',#248,1.);
#248 = DIRECTION('',(-0.707106781187,0.,0.707106781187));
#249 = PCURVE('',#32,#250);
#250 = DEFINITIONAL_REPRESENTATION('',(#251),#254);
#251 = B_SPLINE_CURVE_WITH_KNOTS('',1,(#252,#253),.UNSPECIFIED.,.F.,.F.,
  (2,2),(-2.553166933744,-0.856110658896),.PIECEWISE_BEZIER_KNOTS.);
#252 = CARTESIAN_POINT('',(8.7,-1.478553390593));
#253 = CARTESIAN_POINT('',(7.5,-2.678553390593));
#254 = ( GEOMETRIC_REPRESENTATION_CONTEXT(2) 
PARAMETRIC_REPRESENTATION_CONTEXT() REPRESENTATION_CONTEXT('2D SPACE',''
  ) );
#255 = PCURVE('',#256,#261);
#256 = PLANE('',#257);
#257 = AXIS2_PLACEMENT_3D('',#258,#259,#260);
#258 = CARTESIAN_POINT('',(1.4,38.7,1.478553390593));
#259 = DIRECTION('',(-0.707106781187,-0.,-0.707106781187));
#260 = DIRECTION('',(-0.707106781187,0.,0.707106781187));
#261 = DEFINITIONAL_REPRESENTATION('',(#262),#265);
#262 = B_SPLINE_CURVE_WITH_KNOTS('',1,(#263,#264),.UNSPECIFIED.,.F.,.F.,
  (2,2),(-2.553166933744,-0.856110658896),.PIECEWISE_BEZIER_KNOTS.);
#263 = CARTESIAN_POINT('',(0.,-85.4));
#264 = CARTESIAN_POINT('',(1.697056274848,-85.4));
#265 = ( GEOMETRIC_REPRESENTATION_CONTEXT(2) 
PARAMETRIC_REPRESENTATION_CONTEXT() REPRESENTATION_CONTEXT('2D SPACE',''
  ) );
#266 = ORIENTED_EDGE('',*,*,#267,.T.);
#267 = EDGE_CURVE('',#242,#268,#270,.T.);
#268 = VERTEX_POINT('',#269);
#269 = CARTESIAN_POINT('',(-0.2,-46.7,2.678553390593));
#270 = SURFACE_CURVE('',#271,(#275,#281),.PCURVE_S1.);
#271 = LINE('',#272,#273);
#272 = CARTESIAN_POINT('',(-3.55,-46.7,2.678553390593));
#273 = VECTOR('',#274,1.);
#274 = DIRECTION('',(-1.,0.,0.));
#275 = PCURVE('',#32,#276);
#276 = DEFINITIONAL_REPRESENTATION('',(#277),#280);
#277 = B_SPLINE_CURVE_WITH_KNOTS('',1,(#278,#279),.UNSPECIFIED.,.F.,.F.,
  (2,2),(-3.75,-3.35),.PIECEWISE_BEZIER_KNOTS.);
#278 = CARTESIAN_POINT('',(7.5,-2.678553390593));
#279 = CARTESIAN_POINT('',(7.1,-2.678553390593));
#280 = ( GEOMETRIC_REPRESENTATION_CONTEXT(2) 
PARAMETRIC_REPRESENTATION_CONTEXT() REPRESENTATION_CONTEXT('2D SPACE',''
  ) );
#281 = PCURVE('',#282,#287);
#282 = PLANE('',#283);
#283 = AXIS2_PLACEMENT_3D('',#284,#285,#286);
#284 = CARTESIAN_POINT('',(0.2,38.7,2.678553390593));
#285 = DIRECTION('',(-0.,-0.,-1.));
#286 = DIRECTION('',(-1.,0.,0.));
#287 = DEFINITIONAL_REPRESENTATION('',(#288),#291);
#288 = B_SPLINE_CURVE_WITH_KNOTS('',1,(#289,#290),.UNSPECIFIED.,.F.,.F.,
  (2,2),(-3.75,-3.35),.PIECEWISE_BEZIER_KNOTS.);
#289 = CARTESIAN_POINT('',(0.,-85.4));
#290 = CARTESIAN_POINT('',(0.4,-85.4));
#291 = ( GEOMETRIC_REPRESENTATION_CONTEXT(2) 
PARAMETRIC_REPRESENTATION_CONTEXT() REPRESENTATION_CONTEXT('2D SPACE',''
  ) );
#292 = ORIENTED_EDGE('',*,*,#293,.T.);
#293 = EDGE_CURVE('',#268,#294,#296,.T.);
#294 = VERTEX_POINT('',#295);
#295 = CARTESIAN_POINT('',(-1.4,-46.7,1.478553390593));
#296 = SURFACE_CURVE('',#297,(#301,#307),.PCURVE_S1.);
#297 = LINE('',#298,#299);
#298 = CARTESIAN_POINT('',(-2.644638347648,-46.7,0.233915042945));
#299 = VECTOR('',#300,1.);
#300 = DIRECTION('',(-0.707106781187,0.,-0.707106781187));
#301 = PCURVE('',#32,#302);
#302 = DEFINITIONAL_REPRESENTATION('',(#303),#306);
#303 = B_SPLINE_CURVE_WITH_KNOTS('',1,(#304,#305),.UNSPECIFIED.,.F.,.F.,
  (2,2),(-3.457240706342,-1.760184431494),.PIECEWISE_BEZIER_KNOTS.);
#304 = CARTESIAN_POINT('',(7.1,-2.678553390593));
#305 = CARTESIAN_POINT('',(5.9,-1.478553390593));
#306 = ( GEOMETRIC_REPRESENTATION_CONTEXT(2) 
PARAMETRIC_REPRESENTATION_CONTEXT() REPRESENTATION_CONTEXT('2D SPACE',''
  ) );
#307 = PCURVE('',#308,#313);
#308 = PLANE('',#309);
#309 = AXIS2_PLACEMENT_3D('',#310,#311,#312);
#310 = CARTESIAN_POINT('',(-0.2,38.7,2.678553390593));
#311 = DIRECTION('',(0.707106781187,0.,-0.707106781187));
#312 = DIRECTION('',(-0.707106781187,-0.,-0.707106781187));
#313 = DEFINITIONAL_REPRESENTATION('',(#314),#317);
#314 = B_SPLINE_CURVE_WITH_KNOTS('',1,(#315,#316),.UNSPECIFIED.,.F.,.F.,
  (2,2),(-3.457240706342,-1.760184431494),.PIECEWISE_BEZIER_KNOTS.);
#315 = CARTESIAN_POINT('',(0.,-85.4));
#316 = CARTESIAN_POINT('',(1.697056274848,-85.4));
#317 = ( GEOMETRIC_REPRESENTATION_CONTEXT(2) 
PARAMETRIC_REPRESENTATION_CONTEXT() REPRESENTATION_CONTEXT('2D SPACE',''
  ) );
#318 = ORIENTED_EDGE('',*,*,#319,.T.);
#319 = EDGE_CURVE('',#294,#320,#322,.T.);
#320 = VERTEX_POINT('',#321);
#321 = CARTESIAN_POINT('',(-1.4,-46.7,0.871446609407));
#322 = SURFACE_CURVE('',#323,(#327,#333),.PCURVE_S1.);
#323 = LINE('',#324,#325);
#324 = CARTESIAN_POINT('',(-1.4,-46.7,0.739276695297));
#325 = VECTOR('',#326,1.);
#326 = DIRECTION('',(0.,0.,-1.));
#327 = PCURVE('',#32,#328);
#328 = DEFINITIONAL_REPRESENTATION('',(#329),#332);
#329 = B_SPLINE_CURVE_WITH_KNOTS('',1,(#330,#331),.UNSPECIFIED.,.F.,.F.,
  (2,2),(-0.739276695297,-0.13216991411),.PIECEWISE_BEZIER_KNOTS.);
#330 = CARTESIAN_POINT('',(5.9,-1.478553390593));
#331 = CARTESIAN_POINT('',(5.9,-0.871446609407));
#332 = ( GEOMETRIC_REPRESENTATION_CONTEXT(2) 
PARAMETRIC_REPRESENTATION_CONTEXT() REPRESENTATION_CONTEXT('2D SPACE',''
  ) );
#333 = PCURVE('',#334,#339);
#334 = PLANE('',#335);
#335 = AXIS2_PLACEMENT_3D('',#336,#337,#338);
#336 = CARTESIAN_POINT('',(-1.4,38.7,1.478553390593));
#337 = DIRECTION('',(1.,0.,0.));
#338 = DIRECTION('',(0.,0.,-1.));
#339 = DEFINITIONAL_REPRESENTATION('',(#340),#343);
#340 = B_SPLINE_CURVE_WITH_KNOTS('',1,(#341,#342),.UNSPECIFIED.,.F.,.F.,
  (2,2),(-0.739276695297,-0.13216991411),.PIECEWISE_BEZIER_KNOTS.);
#341 = CARTESIAN_POINT('',(0.,-85.4));
#342 = CARTESIAN_POINT('',(0.607106781187,-85.4));
#343 = ( GEOMETRIC_REPRESENTATION_CONTEXT(2) 
PARAMETRIC_REPRESENTATION_CONTEXT() REPRESENTATION_CONTEXT('2D SPACE',''
  ) );
#344 = ORIENTED_EDGE('',*,*,#345,.T.);
#345 = EDGE_CURVE('',#320,#346,#348,.T.);
#346 = VERTEX_POINT('',#347);
#347 = CARTESIAN_POINT('',(-0.825,-46.7,0.296446609407));
#348 = SURFACE_CURVE('',#349,(#353,#359),.PCURVE_S1.);
#349 = LINE('',#350,#351);
#350 = CARTESIAN_POINT('',(-2.657138347648,-46.7,2.128584957055));
#351 = VECTOR('',#352,1.);
#352 = DIRECTION('',(0.707106781187,0.,-0.707106781187));
#353 = PCURVE('',#32,#354);
#354 = DEFINITIONAL_REPRESENTATION('',(#355),#358);
#355 = B_SPLINE_CURVE_WITH_KNOTS('',1,(#356,#357),.UNSPECIFIED.,.F.,.F.,
  (2,2),(1.777862101024,2.591034899388),.PIECEWISE_BEZIER_KNOTS.);
#356 = CARTESIAN_POINT('',(5.9,-0.871446609407));
#357 = CARTESIAN_POINT('',(6.475,-0.296446609407));
#358 = ( GEOMETRIC_REPRESENTATION_CONTEXT(2) 
PARAMETRIC_REPRESENTATION_CONTEXT() REPRESENTATION_CONTEXT('2D SPACE',''
  ) );
#359 = PCURVE('',#360,#365);
#360 = PLANE('',#361);
#361 = AXIS2_PLACEMENT_3D('',#362,#363,#364);
#362 = CARTESIAN_POINT('',(-1.4,38.7,0.871446609407));
#363 = DIRECTION('',(0.707106781187,0.,0.707106781187));
#364 = DIRECTION('',(0.707106781187,0.,-0.707106781187));
#365 = DEFINITIONAL_REPRESENTATION('',(#366),#369);
#366 = B_SPLINE_CURVE_WITH_KNOTS('',1,(#367,#368),.UNSPECIFIED.,.F.,.F.,
  (2,2),(1.777862101024,2.591034899388),.PIECEWISE_BEZIER_KNOTS.);
#367 = CARTESIAN_POINT('',(0.,-85.4));
#368 = CARTESIAN_POINT('',(0.813172798365,-85.4));
#369 = ( GEOMETRIC_REPRESENTATION_CONTEXT(2) 
PARAMETRIC_REPRESENTATION_CONTEXT() REPRESENTATION_CONTEXT('2D SPACE',''
  ) );
#370 = ORIENTED_EDGE('',*,*,#371,.T.);
#371 = EDGE_CURVE('',#346,#24,#372,.T.);
#372 = SURFACE_CURVE('',#373,(#377,#383),.PCURVE_S1.);
#373 = LINE('',#374,#375);
#374 = CARTESIAN_POINT('',(-0.825,-46.7,0.148223304703));
#375 = VECTOR('',#376,1.);
#376 = DIRECTION('',(0.,0.,-1.));
#377 = PCURVE('',#32,#378);
#378 = DEFINITIONAL_REPRESENTATION('',(#379),#382);
#379 = B_SPLINE_CURVE_WITH_KNOTS('',1,(#380,#381),.UNSPECIFIED.,.F.,.F.,
  (2,2),(-0.148223304703,0.148223304703),.PIECEWISE_BEZIER_KNOTS.);
#380 = CARTESIAN_POINT('',(6.475,-0.296446609407));
#381 = CARTESIAN_POINT('',(6.475,0.));
#382 = ( GEOMETRIC_REPRESENTATION_CONTEXT(2) 
PARAMETRIC_REPRESENTATION_CONTEXT() REPRESENTATION_CONTEXT('2D SPACE',''
  ) );
#383 = PCURVE('',#384,#389);
#384 = PLANE('',#385);
#385 = AXIS2_PLACEMENT_3D('',#386,#387,#388);
#386 = CARTESIAN_POINT('',(-0.825,38.7,0.296446609407));
#387 = DIRECTION('',(1.,0.,0.));
#388 = DIRECTION('',(0.,0.,-1.));
#389 = DEFINITIONAL_REPRESENTATION('',(#390),#393);
#390 = B_SPLINE_CURVE_WITH_KNOTS('',1,(#391,#392),.UNSPECIFIED.,.F.,.F.,
  (2,2),(-0.148223304703,0.148223304703),.PIECEWISE_BEZIER_KNOTS.);
#391 = CARTESIAN_POINT('',(0.,-85.4));
#392 = CARTESIAN_POINT('',(0.296446609407,-85.4));
#393 = ( GEOMETRIC_REPRESENTATION_CONTEXT(2) 
PARAMETRIC_REPRESENTATION_CONTEXT() REPRESENTATION_CONTEXT('2D SPACE',''
  ) );
#394 = ADVANCED_FACE('',(#395),#44,.F.);
#395 = FACE_BOUND('',#396,.F.);
#396 = EDGE_LOOP('',(#397,#425,#453,#475,#476,#497,#526,#552,#581,#607,
    #636,#662,#688,#714,#743,#769,#802,#828,#857,#876,#877,#901,#929,
    #955,#981,#1004,#1033,#1061,#1090,#1113));
#397 = ORIENTED_EDGE('',*,*,#398,.F.);
#398 = EDGE_CURVE('',#399,#401,#403,.T.);
#399 = VERTEX_POINT('',#400);
#400 = CARTESIAN_POINT('',(-26.7,-1.055436024665,-6.722920831148E-15));
#401 = VERTEX_POINT('',#402);
#402 = CARTESIAN_POINT('',(-25.64456397533,1.767519243184E-17,
    -5.551115123126E-17));
#403 = SURFACE_CURVE('',#404,(#408,#414),.PCURVE_S1.);
#404 = LINE('',#405,#406);
#405 = CARTESIAN_POINT('',(-19.49728198766,6.147281987667,0.));
#406 = VECTOR('',#407,1.);
#407 = DIRECTION('',(0.707106781187,0.707106781187,-0.));
#408 = PCURVE('',#44,#409);
#409 = DEFINITIONAL_REPRESENTATION('',(#410),#413);
#410 = B_SPLINE_CURVE_WITH_KNOTS('',1,(#411,#412),.UNSPECIFIED.,.F.,.F.,
  (2,2),(-10.18618149899,-8.68987552884),.PIECEWISE_BEZIER_KNOTS.);
#411 = CARTESIAN_POINT('',(-26.7,-1.055436024665));
#412 = CARTESIAN_POINT('',(-25.64195190177,2.612073557366E-03));
#413 = ( GEOMETRIC_REPRESENTATION_CONTEXT(2) 
PARAMETRIC_REPRESENTATION_CONTEXT() REPRESENTATION_CONTEXT('2D SPACE',''
  ) );
#414 = PCURVE('',#415,#420);
#415 = PLANE('',#416);
#416 = AXIS2_PLACEMENT_3D('',#417,#418,#419);
#417 = CARTESIAN_POINT('',(-26.43218330662,-0.267816693374,0.995));
#418 = DIRECTION('',(0.66329725354,-0.66329725354,0.34651624333));
#419 = DIRECTION('',(0.707106781187,0.707106781187,1.23690808377E-17));
#420 = DEFINITIONAL_REPRESENTATION('',(#421),#424);
#421 = B_SPLINE_CURVE_WITH_KNOTS('',1,(#422,#423),.UNSPECIFIED.,.F.,.F.,
  (2,2),(-10.18618149899,-8.68987552884),.PIECEWISE_BEZIER_KNOTS.);
#422 = CARTESIAN_POINT('',(-0.746305970149,-1.060717865972));
#423 = CARTESIAN_POINT('',(0.75,-1.060717865972));
#424 = ( GEOMETRIC_REPRESENTATION_CONTEXT(2) 
PARAMETRIC_REPRESENTATION_CONTEXT() REPRESENTATION_CONTEXT('2D SPACE',''
  ) );
#425 = ORIENTED_EDGE('',*,*,#426,.T.);
#426 = EDGE_CURVE('',#399,#427,#429,.T.);
#427 = VERTEX_POINT('',#428);
#428 = CARTESIAN_POINT('',(-26.7,-27.3,0.));
#429 = SURFACE_CURVE('',#430,(#434,#441),.PCURVE_S1.);
#430 = LINE('',#431,#432);
#431 = CARTESIAN_POINT('',(-26.7,27.3,0.));
#432 = VECTOR('',#433,1.);
#433 = DIRECTION('',(0.,-1.,-0.));
#434 = PCURVE('',#44,#435);
#435 = DEFINITIONAL_REPRESENTATION('',(#436),#440);
#436 = LINE('',#437,#438);
#437 = CARTESIAN_POINT('',(-26.7,27.3));
#438 = VECTOR('',#439,1.);
#439 = DIRECTION('',(0.,-1.));
#440 = ( GEOMETRIC_REPRESENTATION_CONTEXT(2) 
PARAMETRIC_REPRESENTATION_CONTEXT() REPRESENTATION_CONTEXT('2D SPACE',''
  ) );
#441 = PCURVE('',#442,#447);
#442 = PLANE('',#443);
#443 = AXIS2_PLACEMENT_3D('',#444,#445,#446);
#444 = CARTESIAN_POINT('',(-26.7,27.3,0.));
#445 = DIRECTION('',(1.,0.,-0.));
#446 = DIRECTION('',(0.,-1.,0.));
#447 = DEFINITIONAL_REPRESENTATION('',(#448),#452);
#448 = LINE('',#449,#450);
#449 = CARTESIAN_POINT('',(0.,0.));
#450 = VECTOR('',#451,1.);
#451 = DIRECTION('',(1.,0.));
#452 = ( GEOMETRIC_REPRESENTATION_CONTEXT(2) 
PARAMETRIC_REPRESENTATION_CONTEXT() REPRESENTATION_CONTEXT('2D SPACE',''
  ) );
#453 = ORIENTED_EDGE('',*,*,#454,.T.);
#454 = EDGE_CURVE('',#427,#22,#455,.T.);
#455 = SURFACE_CURVE('',#456,(#461,#468),.PCURVE_S1.);
#456 = CIRCLE('',#457,19.4);
#457 = AXIS2_PLACEMENT_3D('',#458,#459,#460);
#458 = CARTESIAN_POINT('',(-7.3,-27.3,0.));
#459 = DIRECTION('',(0.,-0.,1.));
#460 = DIRECTION('',(1.,0.,0.));
#461 = PCURVE('',#44,#462);
#462 = DEFINITIONAL_REPRESENTATION('',(#463),#467);
#463 = CIRCLE('',#464,19.4);
#464 = AXIS2_PLACEMENT_2D('',#465,#466);
#465 = CARTESIAN_POINT('',(-7.3,-27.3));
#466 = DIRECTION('',(1.,0.));
#467 = ( GEOMETRIC_REPRESENTATION_CONTEXT(2) 
PARAMETRIC_REPRESENTATION_CONTEXT() REPRESENTATION_CONTEXT('2D SPACE',''
  ) );
#468 = PCURVE('',#72,#469);
#469 = DEFINITIONAL_REPRESENTATION('',(#470),#474);
#470 = LINE('',#471,#472);
#471 = CARTESIAN_POINT('',(-0.,0.));
#472 = VECTOR('',#473,1.);
#473 = DIRECTION('',(-1.,0.));
#474 = ( GEOMETRIC_REPRESENTATION_CONTEXT(2) 
PARAMETRIC_REPRESENTATION_CONTEXT() REPRESENTATION_CONTEXT('2D SPACE',''
  ) );
#475 = ORIENTED_EDGE('',*,*,#21,.T.);
#476 = ORIENTED_EDGE('',*,*,#477,.T.);
#477 = EDGE_CURVE('',#24,#478,#480,.T.);
#478 = VERTEX_POINT('',#479);
#479 = CARTESIAN_POINT('',(-0.825,-17.49995014559,0.));
#480 = SURFACE_CURVE('',#481,(#485,#491),.PCURVE_S1.);
#481 = LINE('',#482,#483);
#482 = CARTESIAN_POINT('',(-0.825,19.35,0.));
#483 = VECTOR('',#484,1.);
#484 = DIRECTION('',(0.,1.,0.));
#485 = PCURVE('',#44,#486);
#486 = DEFINITIONAL_REPRESENTATION('',(#487),#490);
#487 = B_SPLINE_CURVE_WITH_KNOTS('',1,(#488,#489),.UNSPECIFIED.,.F.,.F.,
  (2,2),(-66.05,19.35),.PIECEWISE_BEZIER_KNOTS.);
#488 = CARTESIAN_POINT('',(-0.825,-46.7));
#489 = CARTESIAN_POINT('',(-0.825,38.7));
#490 = ( GEOMETRIC_REPRESENTATION_CONTEXT(2) 
PARAMETRIC_REPRESENTATION_CONTEXT() REPRESENTATION_CONTEXT('2D SPACE',''
  ) );
#491 = PCURVE('',#384,#492);
#492 = DEFINITIONAL_REPRESENTATION('',(#493),#496);
#493 = B_SPLINE_CURVE_WITH_KNOTS('',1,(#494,#495),.UNSPECIFIED.,.F.,.F.,
  (2,2),(-66.05,19.35),.PIECEWISE_BEZIER_KNOTS.);
#494 = CARTESIAN_POINT('',(0.296446609407,-85.4));
#495 = CARTESIAN_POINT('',(0.296446609407,0.));
#496 = ( GEOMETRIC_REPRESENTATION_CONTEXT(2) 
PARAMETRIC_REPRESENTATION_CONTEXT() REPRESENTATION_CONTEXT('2D SPACE',''
  ) );
#497 = ORIENTED_EDGE('',*,*,#498,.F.);
#498 = EDGE_CURVE('',#499,#478,#501,.T.);
#499 = VERTEX_POINT('',#500);
#500 = CARTESIAN_POINT('',(-0.825,-15.8000498544,0.));
#501 = SURFACE_CURVE('',#502,(#507,#514),.PCURVE_S1.);
#502 = CIRCLE('',#503,1.1845);
#503 = AXIS2_PLACEMENT_3D('',#504,#505,#506);
#504 = CARTESIAN_POINT('',(0.,-16.65,0.));
#505 = DIRECTION('',(0.,0.,1.));
#506 = DIRECTION('',(-0.696496411988,0.717560274881,0.));
#507 = PCURVE('',#44,#508);
#508 = DEFINITIONAL_REPRESENTATION('',(#509),#513);
#509 = CIRCLE('',#510,1.1845);
#510 = AXIS2_PLACEMENT_2D('',#511,#512);
#511 = CARTESIAN_POINT('',(-5.214365172488E-16,-16.65));
#512 = DIRECTION('',(-0.696496411988,0.717560274881));
#513 = ( GEOMETRIC_REPRESENTATION_CONTEXT(2) 
PARAMETRIC_REPRESENTATION_CONTEXT() REPRESENTATION_CONTEXT('2D SPACE',''
  ) );
#514 = PCURVE('',#515,#520);
#515 = CYLINDRICAL_SURFACE('',#516,1.1845);
#516 = AXIS2_PLACEMENT_3D('',#517,#518,#519);
#517 = CARTESIAN_POINT('',(0.,-16.65,-1.));
#518 = DIRECTION('',(0.,0.,-1.));
#519 = DIRECTION('',(-1.,0.,0.));
#520 = DEFINITIONAL_REPRESENTATION('',(#521),#525);
#521 = LINE('',#522,#523);
#522 = CARTESIAN_POINT('',(7.083478421625,-1.));
#523 = VECTOR('',#524,1.);
#524 = DIRECTION('',(-1.,-0.));
#525 = ( GEOMETRIC_REPRESENTATION_CONTEXT(2) 
PARAMETRIC_REPRESENTATION_CONTEXT() REPRESENTATION_CONTEXT('2D SPACE',''
  ) );
#526 = ORIENTED_EDGE('',*,*,#527,.T.);
#527 = EDGE_CURVE('',#499,#528,#530,.T.);
#528 = VERTEX_POINT('',#529);
#529 = CARTESIAN_POINT('',(-0.825,-0.849950145597,0.));
#530 = SURFACE_CURVE('',#531,(#535,#541),.PCURVE_S1.);
#531 = LINE('',#532,#533);
#532 = CARTESIAN_POINT('',(-0.825,19.35,0.));
#533 = VECTOR('',#534,1.);
#534 = DIRECTION('',(0.,1.,0.));
#535 = PCURVE('',#44,#536);
#536 = DEFINITIONAL_REPRESENTATION('',(#537),#540);
#537 = B_SPLINE_CURVE_WITH_KNOTS('',1,(#538,#539),.UNSPECIFIED.,.F.,.F.,
  (2,2),(-66.05,19.35),.PIECEWISE_BEZIER_KNOTS.);
#538 = CARTESIAN_POINT('',(-0.825,-46.7));
#539 = CARTESIAN_POINT('',(-0.825,38.7));
#540 = ( GEOMETRIC_REPRESENTATION_CONTEXT(2) 
PARAMETRIC_REPRESENTATION_CONTEXT() REPRESENTATION_CONTEXT('2D SPACE',''
  ) );
#541 = PCURVE('',#542,#547);
#542 = PLANE('',#543);
#543 = AXIS2_PLACEMENT_3D('',#544,#545,#546);
#544 = CARTESIAN_POINT('',(-0.825,38.7,0.296446609407));
#545 = DIRECTION('',(1.,0.,0.));
#546 = DIRECTION('',(0.,0.,-1.));
#547 = DEFINITIONAL_REPRESENTATION('',(#548),#551);
#548 = B_SPLINE_CURVE_WITH_KNOTS('',1,(#549,#550),.UNSPECIFIED.,.F.,.F.,
  (2,2),(-66.05,19.35),.PIECEWISE_BEZIER_KNOTS.);
#549 = CARTESIAN_POINT('',(0.296446609407,-85.4));
#550 = CARTESIAN_POINT('',(0.296446609407,0.));
#551 = ( GEOMETRIC_REPRESENTATION_CONTEXT(2) 
PARAMETRIC_REPRESENTATION_CONTEXT() REPRESENTATION_CONTEXT('2D SPACE',''
  ) );
#552 = ORIENTED_EDGE('',*,*,#553,.F.);
#553 = EDGE_CURVE('',#554,#528,#556,.T.);
#554 = VERTEX_POINT('',#555);
#555 = CARTESIAN_POINT('',(-0.825,0.849950145597,0.));
#556 = SURFACE_CURVE('',#557,(#562,#569),.PCURVE_S1.);
#557 = CIRCLE('',#558,1.1845);
#558 = AXIS2_PLACEMENT_3D('',#559,#560,#561);
#559 = CARTESIAN_POINT('',(0.,0.,0.));
#560 = DIRECTION('',(0.,0.,1.));
#561 = DIRECTION('',(-0.696496411988,0.717560274881,0.));
#562 = PCURVE('',#44,#563);
#563 = DEFINITIONAL_REPRESENTATION('',(#564),#568);
#564 = CIRCLE('',#565,1.1845);
#565 = AXIS2_PLACEMENT_2D('',#566,#567);
#566 = CARTESIAN_POINT('',(-5.214365172488E-16,-3.293283266834E-16));
#567 = DIRECTION('',(-0.696496411988,0.717560274881));
#568 = ( GEOMETRIC_REPRESENTATION_CONTEXT(2) 
PARAMETRIC_REPRESENTATION_CONTEXT() REPRESENTATION_CONTEXT('2D SPACE',''
  ) );
#569 = PCURVE('',#570,#575);
#570 = CYLINDRICAL_SURFACE('',#571,1.1845);
#571 = AXIS2_PLACEMENT_3D('',#572,#573,#574);
#572 = CARTESIAN_POINT('',(0.,0.,-1.));
#573 = DIRECTION('',(0.,0.,-1.));
#574 = DIRECTION('',(-1.,0.,0.));
#575 = DEFINITIONAL_REPRESENTATION('',(#576),#580);
#576 = LINE('',#577,#578);
#577 = CARTESIAN_POINT('',(7.083478421625,-1.));
#578 = VECTOR('',#579,1.);
#579 = DIRECTION('',(-1.,-0.));
#580 = ( GEOMETRIC_REPRESENTATION_CONTEXT(2) 
PARAMETRIC_REPRESENTATION_CONTEXT() REPRESENTATION_CONTEXT('2D SPACE',''
  ) );
#581 = ORIENTED_EDGE('',*,*,#582,.T.);
#582 = EDGE_CURVE('',#554,#583,#585,.T.);
#583 = VERTEX_POINT('',#584);
#584 = CARTESIAN_POINT('',(-0.825,15.800049854403,0.));
#585 = SURFACE_CURVE('',#586,(#590,#596),.PCURVE_S1.);
#586 = LINE('',#587,#588);
#587 = CARTESIAN_POINT('',(-0.825,19.35,0.));
#588 = VECTOR('',#589,1.);
#589 = DIRECTION('',(0.,1.,0.));
#590 = PCURVE('',#44,#591);
#591 = DEFINITIONAL_REPRESENTATION('',(#592),#595);
#592 = B_SPLINE_CURVE_WITH_KNOTS('',1,(#593,#594),.UNSPECIFIED.,.F.,.F.,
  (2,2),(-66.05,19.35),.PIECEWISE_BEZIER_KNOTS.);
#593 = CARTESIAN_POINT('',(-0.825,-46.7));
#594 = CARTESIAN_POINT('',(-0.825,38.7));
#595 = ( GEOMETRIC_REPRESENTATION_CONTEXT(2) 
PARAMETRIC_REPRESENTATION_CONTEXT() REPRESENTATION_CONTEXT('2D SPACE',''
  ) );
#596 = PCURVE('',#597,#602);
#597 = PLANE('',#598);
#598 = AXIS2_PLACEMENT_3D('',#599,#600,#601);
#599 = CARTESIAN_POINT('',(-0.825,38.7,0.296446609407));
#600 = DIRECTION('',(1.,0.,0.));
#601 = DIRECTION('',(0.,0.,-1.));
#602 = DEFINITIONAL_REPRESENTATION('',(#603),#606);
#603 = B_SPLINE_CURVE_WITH_KNOTS('',1,(#604,#605),.UNSPECIFIED.,.F.,.F.,
  (2,2),(-66.05,19.35),.PIECEWISE_BEZIER_KNOTS.);
#604 = CARTESIAN_POINT('',(0.296446609407,-85.4));
#605 = CARTESIAN_POINT('',(0.296446609407,0.));
#606 = ( GEOMETRIC_REPRESENTATION_CONTEXT(2) 
PARAMETRIC_REPRESENTATION_CONTEXT() REPRESENTATION_CONTEXT('2D SPACE',''
  ) );
#607 = ORIENTED_EDGE('',*,*,#608,.F.);
#608 = EDGE_CURVE('',#609,#583,#611,.T.);
#609 = VERTEX_POINT('',#610);
#610 = CARTESIAN_POINT('',(-0.825,17.499950145597,0.));
#611 = SURFACE_CURVE('',#612,(#617,#624),.PCURVE_S1.);
#612 = CIRCLE('',#613,1.1845);
#613 = AXIS2_PLACEMENT_3D('',#614,#615,#616);
#614 = CARTESIAN_POINT('',(0.,16.65,0.));
#615 = DIRECTION('',(0.,0.,1.));
#616 = DIRECTION('',(-0.696496411988,0.717560274881,0.));
#617 = PCURVE('',#44,#618);
#618 = DEFINITIONAL_REPRESENTATION('',(#619),#623);
#619 = CIRCLE('',#620,1.1845);
#620 = AXIS2_PLACEMENT_2D('',#621,#622);
#621 = CARTESIAN_POINT('',(-5.214365172488E-16,16.65));
#622 = DIRECTION('',(-0.696496411988,0.717560274881));
#623 = ( GEOMETRIC_REPRESENTATION_CONTEXT(2) 
PARAMETRIC_REPRESENTATION_CONTEXT() REPRESENTATION_CONTEXT('2D SPACE',''
  ) );
#624 = PCURVE('',#625,#630);
#625 = CYLINDRICAL_SURFACE('',#626,1.1845);
#626 = AXIS2_PLACEMENT_3D('',#627,#628,#629);
#627 = CARTESIAN_POINT('',(0.,16.65,-1.));
#628 = DIRECTION('',(0.,0.,-1.));
#629 = DIRECTION('',(-1.,0.,0.));
#630 = DEFINITIONAL_REPRESENTATION('',(#631),#635);
#631 = LINE('',#632,#633);
#632 = CARTESIAN_POINT('',(7.083478421625,-1.));
#633 = VECTOR('',#634,1.);
#634 = DIRECTION('',(-1.,-0.));
#635 = ( GEOMETRIC_REPRESENTATION_CONTEXT(2) 
PARAMETRIC_REPRESENTATION_CONTEXT() REPRESENTATION_CONTEXT('2D SPACE',''
  ) );
#636 = ORIENTED_EDGE('',*,*,#637,.T.);
#637 = EDGE_CURVE('',#609,#638,#640,.T.);
#638 = VERTEX_POINT('',#639);
#639 = CARTESIAN_POINT('',(-0.825,38.7,0.));
#640 = SURFACE_CURVE('',#641,(#645,#651),.PCURVE_S1.);
#641 = LINE('',#642,#643);
#642 = CARTESIAN_POINT('',(-0.825,19.35,0.));
#643 = VECTOR('',#644,1.);
#644 = DIRECTION('',(0.,1.,0.));
#645 = PCURVE('',#44,#646);
#646 = DEFINITIONAL_REPRESENTATION('',(#647),#650);
#647 = B_SPLINE_CURVE_WITH_KNOTS('',1,(#648,#649),.UNSPECIFIED.,.F.,.F.,
  (2,2),(-66.05,19.35),.PIECEWISE_BEZIER_KNOTS.);
#648 = CARTESIAN_POINT('',(-0.825,-46.7));
#649 = CARTESIAN_POINT('',(-0.825,38.7));
#650 = ( GEOMETRIC_REPRESENTATION_CONTEXT(2) 
PARAMETRIC_REPRESENTATION_CONTEXT() REPRESENTATION_CONTEXT('2D SPACE',''
  ) );
#651 = PCURVE('',#652,#657);
#652 = PLANE('',#653);
#653 = AXIS2_PLACEMENT_3D('',#654,#655,#656);
#654 = CARTESIAN_POINT('',(-0.825,38.7,0.296446609407));
#655 = DIRECTION('',(1.,0.,0.));
#656 = DIRECTION('',(0.,0.,-1.));
#657 = DEFINITIONAL_REPRESENTATION('',(#658),#661);
#658 = B_SPLINE_CURVE_WITH_KNOTS('',1,(#659,#660),.UNSPECIFIED.,.F.,.F.,
  (2,2),(-66.05,19.35),.PIECEWISE_BEZIER_KNOTS.);
#659 = CARTESIAN_POINT('',(0.296446609407,-85.4));
#660 = CARTESIAN_POINT('',(0.296446609407,0.));
#661 = ( GEOMETRIC_REPRESENTATION_CONTEXT(2) 
PARAMETRIC_REPRESENTATION_CONTEXT() REPRESENTATION_CONTEXT('2D SPACE',''
  ) );
#662 = ORIENTED_EDGE('',*,*,#663,.T.);
#663 = EDGE_CURVE('',#638,#664,#666,.T.);
#664 = VERTEX_POINT('',#665);
#665 = CARTESIAN_POINT('',(0.825,38.7,0.));
#666 = SURFACE_CURVE('',#667,(#671,#677),.PCURVE_S1.);
#667 = LINE('',#668,#669);
#668 = CARTESIAN_POINT('',(2.802342628254E-16,38.7,0.));
#669 = VECTOR('',#670,1.);
#670 = DIRECTION('',(1.,0.,0.));
#671 = PCURVE('',#44,#672);
#672 = DEFINITIONAL_REPRESENTATION('',(#673),#676);
#673 = B_SPLINE_CURVE_WITH_KNOTS('',1,(#674,#675),.UNSPECIFIED.,.F.,.F.,
  (2,2),(-1.4,1.4),.PIECEWISE_BEZIER_KNOTS.);
#674 = CARTESIAN_POINT('',(-1.4,38.7));
#675 = CARTESIAN_POINT('',(1.4,38.7));
#676 = ( GEOMETRIC_REPRESENTATION_CONTEXT(2) 
PARAMETRIC_REPRESENTATION_CONTEXT() REPRESENTATION_CONTEXT('2D SPACE',''
  ) );
#677 = PCURVE('',#678,#683);
#678 = PLANE('',#679);
#679 = AXIS2_PLACEMENT_3D('',#680,#681,#682);
#680 = CARTESIAN_POINT('',(3.903200840211E-17,38.7,0.612217647074));
#681 = DIRECTION('',(-0.,-1.,-0.));
#682 = DIRECTION('',(0.,0.,-1.));
#683 = DEFINITIONAL_REPRESENTATION('',(#684),#687);
#684 = B_SPLINE_CURVE_WITH_KNOTS('',1,(#685,#686),.UNSPECIFIED.,.F.,.F.,
  (2,2),(-1.4,1.4),.PIECEWISE_BEZIER_KNOTS.);
#685 = CARTESIAN_POINT('',(0.612217647074,-1.4));
#686 = CARTESIAN_POINT('',(0.612217647074,1.4));
#687 = ( GEOMETRIC_REPRESENTATION_CONTEXT(2) 
PARAMETRIC_REPRESENTATION_CONTEXT() REPRESENTATION_CONTEXT('2D SPACE',''
  ) );
#688 = ORIENTED_EDGE('',*,*,#689,.T.);
#689 = EDGE_CURVE('',#664,#690,#692,.T.);
#690 = VERTEX_POINT('',#691);
#691 = CARTESIAN_POINT('',(0.825,17.499950145597,0.));
#692 = SURFACE_CURVE('',#693,(#697,#703),.PCURVE_S1.);
#693 = LINE('',#694,#695);
#694 = CARTESIAN_POINT('',(0.825,19.35,0.));
#695 = VECTOR('',#696,1.);
#696 = DIRECTION('',(0.,-1.,0.));
#697 = PCURVE('',#44,#698);
#698 = DEFINITIONAL_REPRESENTATION('',(#699),#702);
#699 = B_SPLINE_CURVE_WITH_KNOTS('',1,(#700,#701),.UNSPECIFIED.,.F.,.F.,
  (2,2),(-19.35,66.05),.PIECEWISE_BEZIER_KNOTS.);
#700 = CARTESIAN_POINT('',(0.825,38.7));
#701 = CARTESIAN_POINT('',(0.825,-46.7));
#702 = ( GEOMETRIC_REPRESENTATION_CONTEXT(2) 
PARAMETRIC_REPRESENTATION_CONTEXT() REPRESENTATION_CONTEXT('2D SPACE',''
  ) );
#703 = PCURVE('',#704,#709);
#704 = PLANE('',#705);
#705 = AXIS2_PLACEMENT_3D('',#706,#707,#708);
#706 = CARTESIAN_POINT('',(0.825,38.7,-1.25));
#707 = DIRECTION('',(-1.,0.,0.));
#708 = DIRECTION('',(0.,0.,1.));
#709 = DEFINITIONAL_REPRESENTATION('',(#710),#713);
#710 = B_SPLINE_CURVE_WITH_KNOTS('',1,(#711,#712),.UNSPECIFIED.,.F.,.F.,
  (2,2),(-19.35,66.05),.PIECEWISE_BEZIER_KNOTS.);
#711 = CARTESIAN_POINT('',(1.25,0.));
#712 = CARTESIAN_POINT('',(1.25,-85.4));
#713 = ( GEOMETRIC_REPRESENTATION_CONTEXT(2) 
PARAMETRIC_REPRESENTATION_CONTEXT() REPRESENTATION_CONTEXT('2D SPACE',''
  ) );
#714 = ORIENTED_EDGE('',*,*,#715,.F.);
#715 = EDGE_CURVE('',#716,#690,#718,.T.);
#716 = VERTEX_POINT('',#717);
#717 = CARTESIAN_POINT('',(0.825,15.800049854403,0.));
#718 = SURFACE_CURVE('',#719,(#724,#731),.PCURVE_S1.);
#719 = CIRCLE('',#720,1.1845);
#720 = AXIS2_PLACEMENT_3D('',#721,#722,#723);
#721 = CARTESIAN_POINT('',(0.,16.65,0.));
#722 = DIRECTION('',(-0.,0.,1.));
#723 = DIRECTION('',(0.696496411988,-0.717560274881,0.));
#724 = PCURVE('',#44,#725);
#725 = DEFINITIONAL_REPRESENTATION('',(#726),#730);
#726 = CIRCLE('',#727,1.1845);
#727 = AXIS2_PLACEMENT_2D('',#728,#729);
#728 = CARTESIAN_POINT('',(-5.214365172488E-16,16.65));
#729 = DIRECTION('',(0.696496411988,-0.717560274881));
#730 = ( GEOMETRIC_REPRESENTATION_CONTEXT(2) 
PARAMETRIC_REPRESENTATION_CONTEXT() REPRESENTATION_CONTEXT('2D SPACE',''
  ) );
#731 = PCURVE('',#732,#737);
#732 = CYLINDRICAL_SURFACE('',#733,1.1845);
#733 = AXIS2_PLACEMENT_3D('',#734,#735,#736);
#734 = CARTESIAN_POINT('',(0.,16.65,-1.));
#735 = DIRECTION('',(0.,0.,-1.));
#736 = DIRECTION('',(1.,0.,0.));
#737 = DEFINITIONAL_REPRESENTATION('',(#738),#742);
#738 = LINE('',#739,#740);
#739 = CARTESIAN_POINT('',(7.083478421625,-1.));
#740 = VECTOR('',#741,1.);
#741 = DIRECTION('',(-1.,-0.));
#742 = ( GEOMETRIC_REPRESENTATION_CONTEXT(2) 
PARAMETRIC_REPRESENTATION_CONTEXT() REPRESENTATION_CONTEXT('2D SPACE',''
  ) );
#743 = ORIENTED_EDGE('',*,*,#744,.T.);
#744 = EDGE_CURVE('',#716,#745,#747,.T.);
#745 = VERTEX_POINT('',#746);
#746 = CARTESIAN_POINT('',(0.825,0.849950145597,0.));
#747 = SURFACE_CURVE('',#748,(#752,#758),.PCURVE_S1.);
#748 = LINE('',#749,#750);
#749 = CARTESIAN_POINT('',(0.825,19.35,0.));
#750 = VECTOR('',#751,1.);
#751 = DIRECTION('',(0.,-1.,0.));
#752 = PCURVE('',#44,#753);
#753 = DEFINITIONAL_REPRESENTATION('',(#754),#757);
#754 = B_SPLINE_CURVE_WITH_KNOTS('',1,(#755,#756),.UNSPECIFIED.,.F.,.F.,
  (2,2),(-19.35,66.05),.PIECEWISE_BEZIER_KNOTS.);
#755 = CARTESIAN_POINT('',(0.825,38.7));
#756 = CARTESIAN_POINT('',(0.825,-46.7));
#757 = ( GEOMETRIC_REPRESENTATION_CONTEXT(2) 
PARAMETRIC_REPRESENTATION_CONTEXT() REPRESENTATION_CONTEXT('2D SPACE',''
  ) );
#758 = PCURVE('',#759,#764);
#759 = PLANE('',#760);
#760 = AXIS2_PLACEMENT_3D('',#761,#762,#763);
#761 = CARTESIAN_POINT('',(0.825,38.7,-1.25));
#762 = DIRECTION('',(-1.,0.,0.));
#763 = DIRECTION('',(0.,0.,1.));
#764 = DEFINITIONAL_REPRESENTATION('',(#765),#768);
#765 = B_SPLINE_CURVE_WITH_KNOTS('',1,(#766,#767),.UNSPECIFIED.,.F.,.F.,
  (2,2),(-19.35,66.05),.PIECEWISE_BEZIER_KNOTS.);
#766 = CARTESIAN_POINT('',(1.25,0.));
#767 = CARTESIAN_POINT('',(1.25,-85.4));
#768 = ( GEOMETRIC_REPRESENTATION_CONTEXT(2) 
PARAMETRIC_REPRESENTATION_CONTEXT() REPRESENTATION_CONTEXT('2D SPACE',''
  ) );
#769 = ORIENTED_EDGE('',*,*,#770,.T.);
#770 = EDGE_CURVE('',#745,#771,#773,.T.);
#771 = VERTEX_POINT('',#772);
#772 = CARTESIAN_POINT('',(0.825,-0.849950145597,0.));
#773 = SURFACE_CURVE('',#774,(#779,#790),.PCURVE_S1.);
#774 = CIRCLE('',#775,1.1845);
#775 = AXIS2_PLACEMENT_3D('',#776,#777,#778);
#776 = CARTESIAN_POINT('',(0.,0.,0.));
#777 = DIRECTION('',(0.,0.,-1.));
#778 = DIRECTION('',(-1.,0.,0.));
#779 = PCURVE('',#44,#780);
#780 = DEFINITIONAL_REPRESENTATION('',(#781),#789);
#781 = ( BOUNDED_CURVE() B_SPLINE_CURVE(2,(#782,#783,#784,#785,#786,#787
,#788),.UNSPECIFIED.,.T.,.F.) B_SPLINE_CURVE_WITH_KNOTS((1,2,2,2,2,1),(
    -2.094395102393,0.,2.094395102393,4.188790204786,6.28318530718,
8.377580409573),.UNSPECIFIED.) CURVE() GEOMETRIC_REPRESENTATION_ITEM() 
RATIONAL_B_SPLINE_CURVE((1.,0.5,1.,0.5,1.,0.5,1.)) REPRESENTATION_ITEM(
  '') );
#782 = CARTESIAN_POINT('',(-1.1845,-3.293283266834E-16));
#783 = CARTESIAN_POINT('',(-1.1845,2.051614181565));
#784 = CARTESIAN_POINT('',(0.59225,1.025807090783));
#785 = CARTESIAN_POINT('',(2.369,-3.920949996544E-17));
#786 = CARTESIAN_POINT('',(0.59225,-1.025807090783));
#787 = CARTESIAN_POINT('',(-1.1845,-2.051614181565));
#788 = CARTESIAN_POINT('',(-1.1845,-3.293283266834E-16));
#789 = ( GEOMETRIC_REPRESENTATION_CONTEXT(2) 
PARAMETRIC_REPRESENTATION_CONTEXT() REPRESENTATION_CONTEXT('2D SPACE',''
  ) );
#790 = PCURVE('',#791,#796);
#791 = CYLINDRICAL_SURFACE('',#792,1.1845);
#792 = AXIS2_PLACEMENT_3D('',#793,#794,#795);
#793 = CARTESIAN_POINT('',(0.,0.,-1.));
#794 = DIRECTION('',(0.,0.,-1.));
#795 = DIRECTION('',(-1.,0.,0.));
#796 = DEFINITIONAL_REPRESENTATION('',(#797),#801);
#797 = LINE('',#798,#799);
#798 = CARTESIAN_POINT('',(0.,-1.));
#799 = VECTOR('',#800,1.);
#800 = DIRECTION('',(1.,0.));
#801 = ( GEOMETRIC_REPRESENTATION_CONTEXT(2) 
PARAMETRIC_REPRESENTATION_CONTEXT() REPRESENTATION_CONTEXT('2D SPACE',''
  ) );
#802 = ORIENTED_EDGE('',*,*,#803,.T.);
#803 = EDGE_CURVE('',#771,#804,#806,.T.);
#804 = VERTEX_POINT('',#805);
#805 = CARTESIAN_POINT('',(0.825,-15.8000498544,0.));
#806 = SURFACE_CURVE('',#807,(#811,#817),.PCURVE_S1.);
#807 = LINE('',#808,#809);
#808 = CARTESIAN_POINT('',(0.825,19.35,0.));
#809 = VECTOR('',#810,1.);
#810 = DIRECTION('',(0.,-1.,0.));
#811 = PCURVE('',#44,#812);
#812 = DEFINITIONAL_REPRESENTATION('',(#813),#816);
#813 = B_SPLINE_CURVE_WITH_KNOTS('',1,(#814,#815),.UNSPECIFIED.,.F.,.F.,
  (2,2),(-19.35,66.05),.PIECEWISE_BEZIER_KNOTS.);
#814 = CARTESIAN_POINT('',(0.825,38.7));
#815 = CARTESIAN_POINT('',(0.825,-46.7));
#816 = ( GEOMETRIC_REPRESENTATION_CONTEXT(2) 
PARAMETRIC_REPRESENTATION_CONTEXT() REPRESENTATION_CONTEXT('2D SPACE',''
  ) );
#817 = PCURVE('',#818,#823);
#818 = PLANE('',#819);
#819 = AXIS2_PLACEMENT_3D('',#820,#821,#822);
#820 = CARTESIAN_POINT('',(0.825,38.7,-1.25));
#821 = DIRECTION('',(-1.,0.,0.));
#822 = DIRECTION('',(0.,0.,1.));
#823 = DEFINITIONAL_REPRESENTATION('',(#824),#827);
#824 = B_SPLINE_CURVE_WITH_KNOTS('',1,(#825,#826),.UNSPECIFIED.,.F.,.F.,
  (2,2),(-19.35,66.05),.PIECEWISE_BEZIER_KNOTS.);
#825 = CARTESIAN_POINT('',(1.25,0.));
#826 = CARTESIAN_POINT('',(1.25,-85.4));
#827 = ( GEOMETRIC_REPRESENTATION_CONTEXT(2) 
PARAMETRIC_REPRESENTATION_CONTEXT() REPRESENTATION_CONTEXT('2D SPACE',''
  ) );
#828 = ORIENTED_EDGE('',*,*,#829,.F.);
#829 = EDGE_CURVE('',#830,#804,#832,.T.);
#830 = VERTEX_POINT('',#831);
#831 = CARTESIAN_POINT('',(0.825,-17.49995014559,0.));
#832 = SURFACE_CURVE('',#833,(#838,#845),.PCURVE_S1.);
#833 = CIRCLE('',#834,1.1845);
#834 = AXIS2_PLACEMENT_3D('',#835,#836,#837);
#835 = CARTESIAN_POINT('',(0.,-16.65,0.));
#836 = DIRECTION('',(-0.,0.,1.));
#837 = DIRECTION('',(0.696496411988,-0.717560274881,0.));
#838 = PCURVE('',#44,#839);
#839 = DEFINITIONAL_REPRESENTATION('',(#840),#844);
#840 = CIRCLE('',#841,1.1845);
#841 = AXIS2_PLACEMENT_2D('',#842,#843);
#842 = CARTESIAN_POINT('',(-5.214365172488E-16,-16.65));
#843 = DIRECTION('',(0.696496411988,-0.717560274881));
#844 = ( GEOMETRIC_REPRESENTATION_CONTEXT(2) 
PARAMETRIC_REPRESENTATION_CONTEXT() REPRESENTATION_CONTEXT('2D SPACE',''
  ) );
#845 = PCURVE('',#846,#851);
#846 = CYLINDRICAL_SURFACE('',#847,1.1845);
#847 = AXIS2_PLACEMENT_3D('',#848,#849,#850);
#848 = CARTESIAN_POINT('',(0.,-16.65,-1.));
#849 = DIRECTION('',(0.,0.,-1.));
#850 = DIRECTION('',(1.,0.,0.));
#851 = DEFINITIONAL_REPRESENTATION('',(#852),#856);
#852 = LINE('',#853,#854);
#853 = CARTESIAN_POINT('',(7.083478421625,-1.));
#854 = VECTOR('',#855,1.);
#855 = DIRECTION('',(-1.,-0.));
#856 = ( GEOMETRIC_REPRESENTATION_CONTEXT(2) 
PARAMETRIC_REPRESENTATION_CONTEXT() REPRESENTATION_CONTEXT('2D SPACE',''
  ) );
#857 = ORIENTED_EDGE('',*,*,#858,.T.);
#858 = EDGE_CURVE('',#830,#141,#859,.T.);
#859 = SURFACE_CURVE('',#860,(#864,#870),.PCURVE_S1.);
#860 = LINE('',#861,#862);
#861 = CARTESIAN_POINT('',(0.825,19.35,0.));
#862 = VECTOR('',#863,1.);
#863 = DIRECTION('',(0.,-1.,0.));
#864 = PCURVE('',#44,#865);
#865 = DEFINITIONAL_REPRESENTATION('',(#866),#869);
#866 = B_SPLINE_CURVE_WITH_KNOTS('',1,(#867,#868),.UNSPECIFIED.,.F.,.F.,
  (2,2),(-19.35,66.05),.PIECEWISE_BEZIER_KNOTS.);
#867 = CARTESIAN_POINT('',(0.825,38.7));
#868 = CARTESIAN_POINT('',(0.825,-46.7));
#869 = ( GEOMETRIC_REPRESENTATION_CONTEXT(2) 
PARAMETRIC_REPRESENTATION_CONTEXT() REPRESENTATION_CONTEXT('2D SPACE',''
  ) );
#870 = PCURVE('',#178,#871);
#871 = DEFINITIONAL_REPRESENTATION('',(#872),#875);
#872 = B_SPLINE_CURVE_WITH_KNOTS('',1,(#873,#874),.UNSPECIFIED.,.F.,.F.,
  (2,2),(-19.35,66.05),.PIECEWISE_BEZIER_KNOTS.);
#873 = CARTESIAN_POINT('',(1.25,0.));
#874 = CARTESIAN_POINT('',(1.25,-85.4));
#875 = ( GEOMETRIC_REPRESENTATION_CONTEXT(2) 
PARAMETRIC_REPRESENTATION_CONTEXT() REPRESENTATION_CONTEXT('2D SPACE',''
  ) );
#876 = ORIENTED_EDGE('',*,*,#140,.T.);
#877 = ORIENTED_EDGE('',*,*,#878,.T.);
#878 = EDGE_CURVE('',#113,#879,#881,.T.);
#879 = VERTEX_POINT('',#880);
#880 = CARTESIAN_POINT('',(26.7,-27.3,0.));
#881 = SURFACE_CURVE('',#882,(#887,#894),.PCURVE_S1.);
#882 = CIRCLE('',#883,19.4);
#883 = AXIS2_PLACEMENT_3D('',#884,#885,#886);
#884 = CARTESIAN_POINT('',(7.3,-27.3,0.));
#885 = DIRECTION('',(0.,-0.,1.));
#886 = DIRECTION('',(1.,0.,0.));
#887 = PCURVE('',#44,#888);
#888 = DEFINITIONAL_REPRESENTATION('',(#889),#893);
#889 = CIRCLE('',#890,19.4);
#890 = AXIS2_PLACEMENT_2D('',#891,#892);
#891 = CARTESIAN_POINT('',(7.3,-27.3));
#892 = DIRECTION('',(1.,0.));
#893 = ( GEOMETRIC_REPRESENTATION_CONTEXT(2) 
PARAMETRIC_REPRESENTATION_CONTEXT() REPRESENTATION_CONTEXT('2D SPACE',''
  ) );
#894 = PCURVE('',#128,#895);
#895 = DEFINITIONAL_REPRESENTATION('',(#896),#900);
#896 = LINE('',#897,#898);
#897 = CARTESIAN_POINT('',(-0.,0.));
#898 = VECTOR('',#899,1.);
#899 = DIRECTION('',(-1.,0.));
#900 = ( GEOMETRIC_REPRESENTATION_CONTEXT(2) 
PARAMETRIC_REPRESENTATION_CONTEXT() REPRESENTATION_CONTEXT('2D SPACE',''
  ) );
#901 = ORIENTED_EDGE('',*,*,#902,.T.);
#902 = EDGE_CURVE('',#879,#903,#905,.T.);
#903 = VERTEX_POINT('',#904);
#904 = CARTESIAN_POINT('',(26.7,-1.055436024665,-6.722920831148E-15));
#905 = SURFACE_CURVE('',#906,(#910,#917),.PCURVE_S1.);
#906 = LINE('',#907,#908);
#907 = CARTESIAN_POINT('',(26.7,-27.3,0.));
#908 = VECTOR('',#909,1.);
#909 = DIRECTION('',(0.,1.,0.));
#910 = PCURVE('',#44,#911);
#911 = DEFINITIONAL_REPRESENTATION('',(#912),#916);
#912 = LINE('',#913,#914);
#913 = CARTESIAN_POINT('',(26.7,-27.3));
#914 = VECTOR('',#915,1.);
#915 = DIRECTION('',(0.,1.));
#916 = ( GEOMETRIC_REPRESENTATION_CONTEXT(2) 
PARAMETRIC_REPRESENTATION_CONTEXT() REPRESENTATION_CONTEXT('2D SPACE',''
  ) );
#917 = PCURVE('',#918,#923);
#918 = PLANE('',#919);
#919 = AXIS2_PLACEMENT_3D('',#920,#921,#922);
#920 = CARTESIAN_POINT('',(26.7,-27.3,0.));
#921 = DIRECTION('',(-1.,0.,0.));
#922 = DIRECTION('',(0.,1.,0.));
#923 = DEFINITIONAL_REPRESENTATION('',(#924),#928);
#924 = LINE('',#925,#926);
#925 = CARTESIAN_POINT('',(0.,0.));
#926 = VECTOR('',#927,1.);
#927 = DIRECTION('',(1.,0.));
#928 = ( GEOMETRIC_REPRESENTATION_CONTEXT(2) 
PARAMETRIC_REPRESENTATION_CONTEXT() REPRESENTATION_CONTEXT('2D SPACE',''
  ) );
#929 = ORIENTED_EDGE('',*,*,#930,.F.);
#930 = EDGE_CURVE('',#931,#903,#933,.T.);
#931 = VERTEX_POINT('',#932);
#932 = CARTESIAN_POINT('',(25.644563975335,-1.767519243184E-17,
    -5.551115123126E-17));
#933 = SURFACE_CURVE('',#934,(#938,#944),.PCURVE_S1.);
#934 = LINE('',#935,#936);
#935 = CARTESIAN_POINT('',(19.497281987667,6.147281987667,0.));
#936 = VECTOR('',#937,1.);
#937 = DIRECTION('',(0.707106781187,-0.707106781187,0.));
#938 = PCURVE('',#44,#939);
#939 = DEFINITIONAL_REPRESENTATION('',(#940),#943);
#940 = B_SPLINE_CURVE_WITH_KNOTS('',1,(#941,#942),.UNSPECIFIED.,.F.,.F.,
  (2,2),(8.68987552884,10.18618149899),.PIECEWISE_BEZIER_KNOTS.);
#941 = CARTESIAN_POINT('',(25.641951901778,2.612073557368E-03));
#942 = CARTESIAN_POINT('',(26.7,-1.055436024665));
#943 = ( GEOMETRIC_REPRESENTATION_CONTEXT(2) 
PARAMETRIC_REPRESENTATION_CONTEXT() REPRESENTATION_CONTEXT('2D SPACE',''
  ) );
#944 = PCURVE('',#945,#950);
#945 = PLANE('',#946);
#946 = AXIS2_PLACEMENT_3D('',#947,#948,#949);
#947 = CARTESIAN_POINT('',(26.432183306626,-0.267816693374,0.995));
#948 = DIRECTION('',(-0.66329725354,-0.66329725354,0.34651624333));
#949 = DIRECTION('',(0.707106781187,-0.707106781187,1.23690808377E-17));
#950 = DEFINITIONAL_REPRESENTATION('',(#951),#954);
#951 = B_SPLINE_CURVE_WITH_KNOTS('',1,(#952,#953),.UNSPECIFIED.,.F.,.F.,
  (2,2),(8.68987552884,10.18618149899),.PIECEWISE_BEZIER_KNOTS.);
#952 = CARTESIAN_POINT('',(-0.75,-1.060717865972));
#953 = CARTESIAN_POINT('',(0.746305970149,-1.060717865972));
#954 = ( GEOMETRIC_REPRESENTATION_CONTEXT(2) 
PARAMETRIC_REPRESENTATION_CONTEXT() REPRESENTATION_CONTEXT('2D SPACE',''
  ) );
#955 = ORIENTED_EDGE('',*,*,#956,.F.);
#956 = EDGE_CURVE('',#957,#931,#959,.T.);
#957 = VERTEX_POINT('',#958);
#958 = CARTESIAN_POINT('',(26.7,1.055436024665,-6.722920831148E-15));
#959 = SURFACE_CURVE('',#960,(#964,#970),.PCURVE_S1.);
#960 = LINE('',#961,#962);
#961 = CARTESIAN_POINT('',(19.497281987667,-6.147281987667,0.));
#962 = VECTOR('',#963,1.);
#963 = DIRECTION('',(-0.707106781187,-0.707106781187,0.));
#964 = PCURVE('',#44,#965);
#965 = DEFINITIONAL_REPRESENTATION('',(#966),#969);
#966 = B_SPLINE_CURVE_WITH_KNOTS('',1,(#967,#968),.UNSPECIFIED.,.F.,.F.,
  (2,2),(-10.18618149899,-8.68987552884),.PIECEWISE_BEZIER_KNOTS.);
#967 = CARTESIAN_POINT('',(26.7,1.055436024665));
#968 = CARTESIAN_POINT('',(25.641951901778,-2.612073557366E-03));
#969 = ( GEOMETRIC_REPRESENTATION_CONTEXT(2) 
PARAMETRIC_REPRESENTATION_CONTEXT() REPRESENTATION_CONTEXT('2D SPACE',''
  ) );
#970 = PCURVE('',#971,#976);
#971 = PLANE('',#972);
#972 = AXIS2_PLACEMENT_3D('',#973,#974,#975);
#973 = CARTESIAN_POINT('',(26.432183306626,0.267816693374,0.995));
#974 = DIRECTION('',(-0.66329725354,0.66329725354,0.34651624333));
#975 = DIRECTION('',(-0.707106781187,-0.707106781187,1.23690808377E-17)
  );
#976 = DEFINITIONAL_REPRESENTATION('',(#977),#980);
#977 = B_SPLINE_CURVE_WITH_KNOTS('',1,(#978,#979),.UNSPECIFIED.,.F.,.F.,
  (2,2),(-10.18618149899,-8.68987552884),.PIECEWISE_BEZIER_KNOTS.);
#978 = CARTESIAN_POINT('',(-0.746305970149,-1.060717865972));
#979 = CARTESIAN_POINT('',(0.75,-1.060717865972));
#980 = ( GEOMETRIC_REPRESENTATION_CONTEXT(2) 
PARAMETRIC_REPRESENTATION_CONTEXT() REPRESENTATION_CONTEXT('2D SPACE',''
  ) );
#981 = ORIENTED_EDGE('',*,*,#982,.T.);
#982 = EDGE_CURVE('',#957,#983,#985,.T.);
#983 = VERTEX_POINT('',#984);
#984 = CARTESIAN_POINT('',(26.7,27.3,0.));
#985 = SURFACE_CURVE('',#986,(#990,#997),.PCURVE_S1.);
#986 = LINE('',#987,#988);
#987 = CARTESIAN_POINT('',(26.7,-27.3,0.));
#988 = VECTOR('',#989,1.);
#989 = DIRECTION('',(0.,1.,0.));
#990 = PCURVE('',#44,#991);
#991 = DEFINITIONAL_REPRESENTATION('',(#992),#996);
#992 = LINE('',#993,#994);
#993 = CARTESIAN_POINT('',(26.7,-27.3));
#994 = VECTOR('',#995,1.);
#995 = DIRECTION('',(0.,1.));
#996 = ( GEOMETRIC_REPRESENTATION_CONTEXT(2) 
PARAMETRIC_REPRESENTATION_CONTEXT() REPRESENTATION_CONTEXT('2D SPACE',''
  ) );
#997 = PCURVE('',#918,#998);
#998 = DEFINITIONAL_REPRESENTATION('',(#999),#1003);
#999 = LINE('',#1000,#1001);
#1000 = CARTESIAN_POINT('',(0.,0.));
#1001 = VECTOR('',#1002,1.);
#1002 = DIRECTION('',(1.,0.));
#1003 = ( GEOMETRIC_REPRESENTATION_CONTEXT(2) 
PARAMETRIC_REPRESENTATION_CONTEXT() REPRESENTATION_CONTEXT('2D SPACE',''
  ) );
#1004 = ORIENTED_EDGE('',*,*,#1005,.T.);
#1005 = EDGE_CURVE('',#983,#1006,#1008,.T.);
#1006 = VERTEX_POINT('',#1007);
#1007 = CARTESIAN_POINT('',(7.3,46.7,0.));
#1008 = SURFACE_CURVE('',#1009,(#1014,#1021),.PCURVE_S1.);
#1009 = CIRCLE('',#1010,19.4);
#1010 = AXIS2_PLACEMENT_3D('',#1011,#1012,#1013);
#1011 = CARTESIAN_POINT('',(7.3,27.3,0.));
#1012 = DIRECTION('',(0.,-0.,1.));
#1013 = DIRECTION('',(1.,0.,0.));
#1014 = PCURVE('',#44,#1015);
#1015 = DEFINITIONAL_REPRESENTATION('',(#1016),#1020);
#1016 = CIRCLE('',#1017,19.4);
#1017 = AXIS2_PLACEMENT_2D('',#1018,#1019);
#1018 = CARTESIAN_POINT('',(7.3,27.3));
#1019 = DIRECTION('',(1.,0.));
#1020 = ( GEOMETRIC_REPRESENTATION_CONTEXT(2) 
PARAMETRIC_REPRESENTATION_CONTEXT() REPRESENTATION_CONTEXT('2D SPACE',''
  ) );
#1021 = PCURVE('',#1022,#1027);
#1022 = CYLINDRICAL_SURFACE('',#1023,19.4);
#1023 = AXIS2_PLACEMENT_3D('',#1024,#1025,#1026);
#1024 = CARTESIAN_POINT('',(7.3,27.3,0.));
#1025 = DIRECTION('',(-0.,0.,-1.));
#1026 = DIRECTION('',(1.,0.,0.));
#1027 = DEFINITIONAL_REPRESENTATION('',(#1028),#1032);
#1028 = LINE('',#1029,#1030);
#1029 = CARTESIAN_POINT('',(-0.,0.));
#1030 = VECTOR('',#1031,1.);
#1031 = DIRECTION('',(-1.,0.));
#1032 = ( GEOMETRIC_REPRESENTATION_CONTEXT(2) 
PARAMETRIC_REPRESENTATION_CONTEXT() REPRESENTATION_CONTEXT('2D SPACE',''
  ) );
#1033 = ORIENTED_EDGE('',*,*,#1034,.T.);
#1034 = EDGE_CURVE('',#1006,#1035,#1037,.T.);
#1035 = VERTEX_POINT('',#1036);
#1036 = CARTESIAN_POINT('',(-7.3,46.7,0.));
#1037 = SURFACE_CURVE('',#1038,(#1042,#1049),.PCURVE_S1.);
#1038 = LINE('',#1039,#1040);
#1039 = CARTESIAN_POINT('',(7.3,46.7,0.));
#1040 = VECTOR('',#1041,1.);
#1041 = DIRECTION('',(-1.,0.,0.));
#1042 = PCURVE('',#44,#1043);
#1043 = DEFINITIONAL_REPRESENTATION('',(#1044),#1048);
#1044 = LINE('',#1045,#1046);
#1045 = CARTESIAN_POINT('',(7.3,46.7));
#1046 = VECTOR('',#1047,1.);
#1047 = DIRECTION('',(-1.,0.));
#1048 = ( GEOMETRIC_REPRESENTATION_CONTEXT(2) 
PARAMETRIC_REPRESENTATION_CONTEXT() REPRESENTATION_CONTEXT('2D SPACE',''
  ) );
#1049 = PCURVE('',#1050,#1055);
#1050 = PLANE('',#1051);
#1051 = AXIS2_PLACEMENT_3D('',#1052,#1053,#1054);
#1052 = CARTESIAN_POINT('',(7.3,46.7,0.));
#1053 = DIRECTION('',(0.,-1.,0.));
#1054 = DIRECTION('',(-1.,0.,0.));
#1055 = DEFINITIONAL_REPRESENTATION('',(#1056),#1060);
#1056 = LINE('',#1057,#1058);
#1057 = CARTESIAN_POINT('',(0.,-0.));
#1058 = VECTOR('',#1059,1.);
#1059 = DIRECTION('',(1.,0.));
#1060 = ( GEOMETRIC_REPRESENTATION_CONTEXT(2) 
PARAMETRIC_REPRESENTATION_CONTEXT() REPRESENTATION_CONTEXT('2D SPACE',''
  ) );
#1061 = ORIENTED_EDGE('',*,*,#1062,.T.);
#1062 = EDGE_CURVE('',#1035,#1063,#1065,.T.);
#1063 = VERTEX_POINT('',#1064);
#1064 = CARTESIAN_POINT('',(-26.7,27.3,0.));
#1065 = SURFACE_CURVE('',#1066,(#1071,#1078),.PCURVE_S1.);
#1066 = CIRCLE('',#1067,19.4);
#1067 = AXIS2_PLACEMENT_3D('',#1068,#1069,#1070);
#1068 = CARTESIAN_POINT('',(-7.3,27.3,0.));
#1069 = DIRECTION('',(0.,-0.,1.));
#1070 = DIRECTION('',(1.,0.,0.));
#1071 = PCURVE('',#44,#1072);
#1072 = DEFINITIONAL_REPRESENTATION('',(#1073),#1077);
#1073 = CIRCLE('',#1074,19.4);
#1074 = AXIS2_PLACEMENT_2D('',#1075,#1076);
#1075 = CARTESIAN_POINT('',(-7.3,27.3));
#1076 = DIRECTION('',(1.,0.));
#1077 = ( GEOMETRIC_REPRESENTATION_CONTEXT(2) 
PARAMETRIC_REPRESENTATION_CONTEXT() REPRESENTATION_CONTEXT('2D SPACE',''
  ) );
#1078 = PCURVE('',#1079,#1084);
#1079 = CYLINDRICAL_SURFACE('',#1080,19.4);
#1080 = AXIS2_PLACEMENT_3D('',#1081,#1082,#1083);
#1081 = CARTESIAN_POINT('',(-7.3,27.3,0.));
#1082 = DIRECTION('',(-0.,0.,-1.));
#1083 = DIRECTION('',(1.,0.,0.));
#1084 = DEFINITIONAL_REPRESENTATION('',(#1085),#1089);
#1085 = LINE('',#1086,#1087);
#1086 = CARTESIAN_POINT('',(-0.,0.));
#1087 = VECTOR('',#1088,1.);
#1088 = DIRECTION('',(-1.,0.));
#1089 = ( GEOMETRIC_REPRESENTATION_CONTEXT(2) 
PARAMETRIC_REPRESENTATION_CONTEXT() REPRESENTATION_CONTEXT('2D SPACE',''
  ) );
#1090 = ORIENTED_EDGE('',*,*,#1091,.T.);
#1091 = EDGE_CURVE('',#1063,#1092,#1094,.T.);
#1092 = VERTEX_POINT('',#1093);
#1093 = CARTESIAN_POINT('',(-26.7,1.055436024665,-6.722920831148E-15));
#1094 = SURFACE_CURVE('',#1095,(#1099,#1106),.PCURVE_S1.);
#1095 = LINE('',#1096,#1097);
#1096 = CARTESIAN_POINT('',(-26.7,27.3,0.));
#1097 = VECTOR('',#1098,1.);
#1098 = DIRECTION('',(0.,-1.,-0.));
#1099 = PCURVE('',#44,#1100);
#1100 = DEFINITIONAL_REPRESENTATION('',(#1101),#1105);
#1101 = LINE('',#1102,#1103);
#1102 = CARTESIAN_POINT('',(-26.7,27.3));
#1103 = VECTOR('',#1104,1.);
#1104 = DIRECTION('',(0.,-1.));
#1105 = ( GEOMETRIC_REPRESENTATION_CONTEXT(2) 
PARAMETRIC_REPRESENTATION_CONTEXT() REPRESENTATION_CONTEXT('2D SPACE',''
  ) );
#1106 = PCURVE('',#442,#1107);
#1107 = DEFINITIONAL_REPRESENTATION('',(#1108),#1112);
#1108 = LINE('',#1109,#1110);
#1109 = CARTESIAN_POINT('',(0.,0.));
#1110 = VECTOR('',#1111,1.);
#1111 = DIRECTION('',(1.,0.));
#1112 = ( GEOMETRIC_REPRESENTATION_CONTEXT(2) 
PARAMETRIC_REPRESENTATION_CONTEXT() REPRESENTATION_CONTEXT('2D SPACE',''
  ) );
#1113 = ORIENTED_EDGE('',*,*,#1114,.F.);
#1114 = EDGE_CURVE('',#401,#1092,#1115,.T.);
#1115 = SURFACE_CURVE('',#1116,(#1120,#1126),.PCURVE_S1.);
#1116 = LINE('',#1117,#1118);
#1117 = CARTESIAN_POINT('',(-19.49728198766,-6.147281987667,0.));
#1118 = VECTOR('',#1119,1.);
#1119 = DIRECTION('',(-0.707106781187,0.707106781187,0.));
#1120 = PCURVE('',#44,#1121);
#1121 = DEFINITIONAL_REPRESENTATION('',(#1122),#1125);
#1122 = B_SPLINE_CURVE_WITH_KNOTS('',1,(#1123,#1124),.UNSPECIFIED.,.F.,
  .F.,(2,2),(8.68987552884,10.18618149899),.PIECEWISE_BEZIER_KNOTS.);
#1123 = CARTESIAN_POINT('',(-25.64195190177,-2.612073557368E-03));
#1124 = CARTESIAN_POINT('',(-26.7,1.055436024665));
#1125 = ( GEOMETRIC_REPRESENTATION_CONTEXT(2) 
PARAMETRIC_REPRESENTATION_CONTEXT() REPRESENTATION_CONTEXT('2D SPACE',''
  ) );
#1126 = PCURVE('',#1127,#1132);
#1127 = PLANE('',#1128);
#1128 = AXIS2_PLACEMENT_3D('',#1129,#1130,#1131);
#1129 = CARTESIAN_POINT('',(-26.43218330662,0.267816693374,0.995));
#1130 = DIRECTION('',(0.66329725354,0.66329725354,0.34651624333));
#1131 = DIRECTION('',(-0.707106781187,0.707106781187,1.23690808377E-17)
  );
#1132 = DEFINITIONAL_REPRESENTATION('',(#1133),#1136);
#1133 = B_SPLINE_CURVE_WITH_KNOTS('',1,(#1134,#1135),.UNSPECIFIED.,.F.,
  .F.,(2,2),(8.68987552884,10.18618149899),.PIECEWISE_BEZIER_KNOTS.);
#1134 = CARTESIAN_POINT('',(-0.75,-1.060717865972));
#1135 = CARTESIAN_POINT('',(0.746305970149,-1.060717865972));
#1136 = ( GEOMETRIC_REPRESENTATION_CONTEXT(2) 
PARAMETRIC_REPRESENTATION_CONTEXT() REPRESENTATION_CONTEXT('2D SPACE',''
  ) );
#1137 = ADVANCED_FACE('',(#1138),#384,.T.);
#1138 = FACE_BOUND('',#1139,.T.);
#1139 = EDGE_LOOP('',(#1140,#1161,#1182,#1183));
#1140 = ORIENTED_EDGE('',*,*,#1141,.F.);
#1141 = EDGE_CURVE('',#1142,#478,#1144,.T.);
#1142 = VERTEX_POINT('',#1143);
#1143 = CARTESIAN_POINT('',(-0.825,-17.49995014559,0.296446609407));
#1144 = SURFACE_CURVE('',#1145,(#1149,#1155),.PCURVE_S1.);
#1145 = LINE('',#1146,#1147);
#1146 = CARTESIAN_POINT('',(-0.825,-17.49995014559,-1.));
#1147 = VECTOR('',#1148,1.);
#1148 = DIRECTION('',(0.,0.,-1.));
#1149 = PCURVE('',#384,#1150);
#1150 = DEFINITIONAL_REPRESENTATION('',(#1151),#1154);
#1151 = B_SPLINE_CURVE_WITH_KNOTS('',1,(#1152,#1153),.UNSPECIFIED.,.F.,
  .F.,(2,2),(-1.326091270347,-0.970355339059),.PIECEWISE_BEZIER_KNOTS.);
#1152 = CARTESIAN_POINT('',(-2.964466094067E-02,-56.19995014559));
#1153 = CARTESIAN_POINT('',(0.326091270347,-56.19995014559));
#1154 = ( GEOMETRIC_REPRESENTATION_CONTEXT(2) 
PARAMETRIC_REPRESENTATION_CONTEXT() REPRESENTATION_CONTEXT('2D SPACE',''
  ) );
#1155 = PCURVE('',#515,#1156);
#1156 = DEFINITIONAL_REPRESENTATION('',(#1157),#1160);
#1157 = B_SPLINE_CURVE_WITH_KNOTS('',1,(#1158,#1159),.UNSPECIFIED.,.F.,
  .F.,(2,2),(-1.296446609407,-1.),.PIECEWISE_BEZIER_KNOTS.);
#1158 = CARTESIAN_POINT('',(5.482892192734,-1.296446609407));
#1159 = CARTESIAN_POINT('',(5.482892192734,-1.));
#1160 = ( GEOMETRIC_REPRESENTATION_CONTEXT(2) 
PARAMETRIC_REPRESENTATION_CONTEXT() REPRESENTATION_CONTEXT('2D SPACE',''
  ) );
#1161 = ORIENTED_EDGE('',*,*,#1162,.T.);
#1162 = EDGE_CURVE('',#1142,#346,#1163,.T.);
#1163 = SURFACE_CURVE('',#1164,(#1168,#1175),.PCURVE_S1.);
#1164 = LINE('',#1165,#1166);
#1165 = CARTESIAN_POINT('',(-0.825,38.7,0.296446609407));
#1166 = VECTOR('',#1167,1.);
#1167 = DIRECTION('',(0.,-1.,0.));
#1168 = PCURVE('',#384,#1169);
#1169 = DEFINITIONAL_REPRESENTATION('',(#1170),#1174);
#1170 = LINE('',#1171,#1172);
#1171 = CARTESIAN_POINT('',(0.,0.));
#1172 = VECTOR('',#1173,1.);
#1173 = DIRECTION('',(0.,-1.));
#1174 = ( GEOMETRIC_REPRESENTATION_CONTEXT(2) 
PARAMETRIC_REPRESENTATION_CONTEXT() REPRESENTATION_CONTEXT('2D SPACE',''
  ) );
#1175 = PCURVE('',#360,#1176);
#1176 = DEFINITIONAL_REPRESENTATION('',(#1177),#1181);
#1177 = LINE('',#1178,#1179);
#1178 = CARTESIAN_POINT('',(0.813172798365,0.));
#1179 = VECTOR('',#1180,1.);
#1180 = DIRECTION('',(0.,-1.));
#1181 = ( GEOMETRIC_REPRESENTATION_CONTEXT(2) 
PARAMETRIC_REPRESENTATION_CONTEXT() REPRESENTATION_CONTEXT('2D SPACE',''
  ) );
#1182 = ORIENTED_EDGE('',*,*,#371,.T.);
#1183 = ORIENTED_EDGE('',*,*,#477,.T.);
#1184 = ADVANCED_FACE('',(#1185),#360,.T.);
#1185 = FACE_BOUND('',#1186,.T.);
#1186 = EDGE_LOOP('',(#1187,#1212,#1233,#1234,#1235,#1263,#1291,#1314,
    #1342,#1370,#1393,#1421,#1449));
#1187 = ORIENTED_EDGE('',*,*,#1188,.F.);
#1188 = EDGE_CURVE('',#1189,#1191,#1193,.T.);
#1189 = VERTEX_POINT('',#1190);
#1190 = CARTESIAN_POINT('',(-1.4,38.7,0.871446609407));
#1191 = VERTEX_POINT('',#1192);
#1192 = CARTESIAN_POINT('',(-0.825,38.7,0.296446609407));
#1193 = SURFACE_CURVE('',#1194,(#1198,#1205),.PCURVE_S1.);
#1194 = LINE('',#1195,#1196);
#1195 = CARTESIAN_POINT('',(-1.4,38.7,0.871446609407));
#1196 = VECTOR('',#1197,1.);
#1197 = DIRECTION('',(0.707106781187,0.,-0.707106781187));
#1198 = PCURVE('',#360,#1199);
#1199 = DEFINITIONAL_REPRESENTATION('',(#1200),#1204);
#1200 = LINE('',#1201,#1202);
#1201 = CARTESIAN_POINT('',(0.,0.));
#1202 = VECTOR('',#1203,1.);
#1203 = DIRECTION('',(1.,0.));
#1204 = ( GEOMETRIC_REPRESENTATION_CONTEXT(2) 
PARAMETRIC_REPRESENTATION_CONTEXT() REPRESENTATION_CONTEXT('2D SPACE',''
  ) );
#1205 = PCURVE('',#678,#1206);
#1206 = DEFINITIONAL_REPRESENTATION('',(#1207),#1211);
#1207 = LINE('',#1208,#1209);
#1208 = CARTESIAN_POINT('',(-0.259228962333,-1.4));
#1209 = VECTOR('',#1210,1.);
#1210 = DIRECTION('',(0.707106781187,0.707106781187));
#1211 = ( GEOMETRIC_REPRESENTATION_CONTEXT(2) 
PARAMETRIC_REPRESENTATION_CONTEXT() REPRESENTATION_CONTEXT('2D SPACE',''
  ) );
#1212 = ORIENTED_EDGE('',*,*,#1213,.T.);
#1213 = EDGE_CURVE('',#1189,#320,#1214,.T.);
#1214 = SURFACE_CURVE('',#1215,(#1219,#1226),.PCURVE_S1.);
#1215 = LINE('',#1216,#1217);
#1216 = CARTESIAN_POINT('',(-1.4,38.7,0.871446609407));
#1217 = VECTOR('',#1218,1.);
#1218 = DIRECTION('',(0.,-1.,0.));
#1219 = PCURVE('',#360,#1220);
#1220 = DEFINITIONAL_REPRESENTATION('',(#1221),#1225);
#1221 = LINE('',#1222,#1223);
#1222 = CARTESIAN_POINT('',(0.,0.));
#1223 = VECTOR('',#1224,1.);
#1224 = DIRECTION('',(0.,-1.));
#1225 = ( GEOMETRIC_REPRESENTATION_CONTEXT(2) 
PARAMETRIC_REPRESENTATION_CONTEXT() REPRESENTATION_CONTEXT('2D SPACE',''
  ) );
#1226 = PCURVE('',#334,#1227);
#1227 = DEFINITIONAL_REPRESENTATION('',(#1228),#1232);
#1228 = LINE('',#1229,#1230);
#1229 = CARTESIAN_POINT('',(0.607106781187,0.));
#1230 = VECTOR('',#1231,1.);
#1231 = DIRECTION('',(0.,-1.));
#1232 = ( GEOMETRIC_REPRESENTATION_CONTEXT(2) 
PARAMETRIC_REPRESENTATION_CONTEXT() REPRESENTATION_CONTEXT('2D SPACE',''
  ) );
#1233 = ORIENTED_EDGE('',*,*,#345,.T.);
#1234 = ORIENTED_EDGE('',*,*,#1162,.F.);
#1235 = ORIENTED_EDGE('',*,*,#1236,.F.);
#1236 = EDGE_CURVE('',#1237,#1142,#1239,.T.);
#1237 = VERTEX_POINT('',#1238);
#1238 = CARTESIAN_POINT('',(-1.1845,-16.65,0.655946609407));
#1239 = SURFACE_CURVE('',#1240,(#1245,#1252),.PCURVE_S1.);
#1240 = ELLIPSE('',#1241,1.675135964631,1.1845);
#1241 = AXIS2_PLACEMENT_3D('',#1242,#1243,#1244);
#1242 = CARTESIAN_POINT('',(0.,-16.65,-0.528553390593));
#1243 = DIRECTION('',(0.707106781187,0.,0.707106781187));
#1244 = DIRECTION('',(0.707106781187,0.,-0.707106781187));
#1245 = PCURVE('',#360,#1246);
#1246 = DEFINITIONAL_REPRESENTATION('',(#1247),#1251);
#1247 = ELLIPSE('',#1248,1.675135964631,1.1845);
#1248 = AXIS2_PLACEMENT_2D('',#1249,#1250);
#1249 = CARTESIAN_POINT('',(1.979898987322,-55.35));
#1250 = DIRECTION('',(1.,0.));
#1251 = ( GEOMETRIC_REPRESENTATION_CONTEXT(2) 
PARAMETRIC_REPRESENTATION_CONTEXT() REPRESENTATION_CONTEXT('2D SPACE',''
  ) );
#1252 = PCURVE('',#515,#1253);
#1253 = DEFINITIONAL_REPRESENTATION('',(#1254),#1262);
#1254 = B_SPLINE_CURVE_WITH_KNOTS('',6,(#1255,#1256,#1257,#1258,#1259,
    #1260,#1261),.UNSPECIFIED.,.F.,.F.,(7,7),(3.14159265359,
    3.941885768035),.PIECEWISE_BEZIER_KNOTS.);
#1255 = CARTESIAN_POINT('',(6.28318530718,-1.655946609407));
#1256 = CARTESIAN_POINT('',(6.149803121439,-1.655946609407));
#1257 = CARTESIAN_POINT('',(6.016420935698,-1.630658917278));
#1258 = CARTESIAN_POINT('',(5.883038749957,-1.580082483071));
#1259 = CARTESIAN_POINT('',(5.749656564216,-1.505570138089));
#1260 = CARTESIAN_POINT('',(5.616274378475,-1.409814792743));
#1261 = CARTESIAN_POINT('',(5.482892192734,-1.296446601254));
#1262 = ( GEOMETRIC_REPRESENTATION_CONTEXT(2) 
PARAMETRIC_REPRESENTATION_CONTEXT() REPRESENTATION_CONTEXT('2D SPACE',''
  ) );
#1263 = ORIENTED_EDGE('',*,*,#1264,.F.);
#1264 = EDGE_CURVE('',#1265,#1237,#1267,.T.);
#1265 = VERTEX_POINT('',#1266);
#1266 = CARTESIAN_POINT('',(-0.825,-15.8000498544,0.296446609407));
#1267 = SURFACE_CURVE('',#1268,(#1273,#1280),.PCURVE_S1.);
#1268 = ELLIPSE('',#1269,1.675135964631,1.1845);
#1269 = AXIS2_PLACEMENT_3D('',#1270,#1271,#1272);
#1270 = CARTESIAN_POINT('',(0.,-16.65,-0.528553390593));
#1271 = DIRECTION('',(0.707106781187,0.,0.707106781187));
#1272 = DIRECTION('',(0.707106781187,0.,-0.707106781187));
#1273 = PCURVE('',#360,#1274);
#1274 = DEFINITIONAL_REPRESENTATION('',(#1275),#1279);
#1275 = ELLIPSE('',#1276,1.675135964631,1.1845);
#1276 = AXIS2_PLACEMENT_2D('',#1277,#1278);
#1277 = CARTESIAN_POINT('',(1.979898987322,-55.35));
#1278 = DIRECTION('',(1.,0.));
#1279 = ( GEOMETRIC_REPRESENTATION_CONTEXT(2) 
PARAMETRIC_REPRESENTATION_CONTEXT() REPRESENTATION_CONTEXT('2D SPACE',''
  ) );
#1280 = PCURVE('',#515,#1281);
#1281 = DEFINITIONAL_REPRESENTATION('',(#1282),#1290);
#1282 = B_SPLINE_CURVE_WITH_KNOTS('',6,(#1283,#1284,#1285,#1286,#1287,
    #1288,#1289),.UNSPECIFIED.,.F.,.F.,(7,7),(2.341299539144,
    3.14159265359),.PIECEWISE_BEZIER_KNOTS.);
#1283 = CARTESIAN_POINT('',(7.083478421625,-1.296446601254));
#1284 = CARTESIAN_POINT('',(6.950096235884,-1.409814792743));
#1285 = CARTESIAN_POINT('',(6.816714050143,-1.505570138089));
#1286 = CARTESIAN_POINT('',(6.683331864402,-1.580082483071));
#1287 = CARTESIAN_POINT('',(6.549949678661,-1.630658917278));
#1288 = CARTESIAN_POINT('',(6.416567492921,-1.655946609407));
#1289 = CARTESIAN_POINT('',(6.28318530718,-1.655946609407));
#1290 = ( GEOMETRIC_REPRESENTATION_CONTEXT(2) 
PARAMETRIC_REPRESENTATION_CONTEXT() REPRESENTATION_CONTEXT('2D SPACE',''
  ) );
#1291 = ORIENTED_EDGE('',*,*,#1292,.F.);
#1292 = EDGE_CURVE('',#1293,#1265,#1295,.T.);
#1293 = VERTEX_POINT('',#1294);
#1294 = CARTESIAN_POINT('',(-0.825,-0.849950145597,0.296446609407));
#1295 = SURFACE_CURVE('',#1296,(#1300,#1307),.PCURVE_S1.);
#1296 = LINE('',#1297,#1298);
#1297 = CARTESIAN_POINT('',(-0.825,38.7,0.296446609407));
#1298 = VECTOR('',#1299,1.);
#1299 = DIRECTION('',(0.,-1.,0.));
#1300 = PCURVE('',#360,#1301);
#1301 = DEFINITIONAL_REPRESENTATION('',(#1302),#1306);
#1302 = LINE('',#1303,#1304);
#1303 = CARTESIAN_POINT('',(0.813172798365,0.));
#1304 = VECTOR('',#1305,1.);
#1305 = DIRECTION('',(0.,-1.));
#1306 = ( GEOMETRIC_REPRESENTATION_CONTEXT(2) 
PARAMETRIC_REPRESENTATION_CONTEXT() REPRESENTATION_CONTEXT('2D SPACE',''
  ) );
#1307 = PCURVE('',#542,#1308);
#1308 = DEFINITIONAL_REPRESENTATION('',(#1309),#1313);
#1309 = LINE('',#1310,#1311);
#1310 = CARTESIAN_POINT('',(0.,0.));
#1311 = VECTOR('',#1312,1.);
#1312 = DIRECTION('',(0.,-1.));
#1313 = ( GEOMETRIC_REPRESENTATION_CONTEXT(2) 
PARAMETRIC_REPRESENTATION_CONTEXT() REPRESENTATION_CONTEXT('2D SPACE',''
  ) );
#1314 = ORIENTED_EDGE('',*,*,#1315,.F.);
#1315 = EDGE_CURVE('',#1316,#1293,#1318,.T.);
#1316 = VERTEX_POINT('',#1317);
#1317 = CARTESIAN_POINT('',(-1.1845,-7.252970262129E-17,0.655946609407)
  );
#1318 = SURFACE_CURVE('',#1319,(#1324,#1331),.PCURVE_S1.);
#1319 = ELLIPSE('',#1320,1.675135964631,1.1845);
#1320 = AXIS2_PLACEMENT_3D('',#1321,#1322,#1323);
#1321 = CARTESIAN_POINT('',(0.,0.,-0.528553390593));
#1322 = DIRECTION('',(0.707106781187,0.,0.707106781187));
#1323 = DIRECTION('',(0.707106781187,0.,-0.707106781187));
#1324 = PCURVE('',#360,#1325);
#1325 = DEFINITIONAL_REPRESENTATION('',(#1326),#1330);
#1326 = ELLIPSE('',#1327,1.675135964631,1.1845);
#1327 = AXIS2_PLACEMENT_2D('',#1328,#1329);
#1328 = CARTESIAN_POINT('',(1.979898987322,-38.7));
#1329 = DIRECTION('',(1.,0.));
#1330 = ( GEOMETRIC_REPRESENTATION_CONTEXT(2) 
PARAMETRIC_REPRESENTATION_CONTEXT() REPRESENTATION_CONTEXT('2D SPACE',''
  ) );
#1331 = PCURVE('',#570,#1332);
#1332 = DEFINITIONAL_REPRESENTATION('',(#1333),#1341);
#1333 = B_SPLINE_CURVE_WITH_KNOTS('',6,(#1334,#1335,#1336,#1337,#1338,
    #1339,#1340),.UNSPECIFIED.,.F.,.F.,(7,7),(3.14159265359,
    3.941885768035),.PIECEWISE_BEZIER_KNOTS.);
#1334 = CARTESIAN_POINT('',(6.28318530718,-1.655946609407));
#1335 = CARTESIAN_POINT('',(6.149803121439,-1.655946609407));
#1336 = CARTESIAN_POINT('',(6.016420935698,-1.630658917278));
#1337 = CARTESIAN_POINT('',(5.883038749957,-1.580082483071));
#1338 = CARTESIAN_POINT('',(5.749656564216,-1.505570138089));
#1339 = CARTESIAN_POINT('',(5.616274378475,-1.409814792743));
#1340 = CARTESIAN_POINT('',(5.482892192734,-1.296446601254));
#1341 = ( GEOMETRIC_REPRESENTATION_CONTEXT(2) 
PARAMETRIC_REPRESENTATION_CONTEXT() REPRESENTATION_CONTEXT('2D SPACE',''
  ) );
#1342 = ORIENTED_EDGE('',*,*,#1343,.F.);
#1343 = EDGE_CURVE('',#1344,#1316,#1346,.T.);
#1344 = VERTEX_POINT('',#1345);
#1345 = CARTESIAN_POINT('',(-0.825,0.849950145597,0.296446609407));
#1346 = SURFACE_CURVE('',#1347,(#1352,#1359),.PCURVE_S1.);
#1347 = ELLIPSE('',#1348,1.675135964631,1.1845);
#1348 = AXIS2_PLACEMENT_3D('',#1349,#1350,#1351);
#1349 = CARTESIAN_POINT('',(0.,0.,-0.528553390593));
#1350 = DIRECTION('',(0.707106781187,0.,0.707106781187));
#1351 = DIRECTION('',(0.707106781187,0.,-0.707106781187));
#1352 = PCURVE('',#360,#1353);
#1353 = DEFINITIONAL_REPRESENTATION('',(#1354),#1358);
#1354 = ELLIPSE('',#1355,1.675135964631,1.1845);
#1355 = AXIS2_PLACEMENT_2D('',#1356,#1357);
#1356 = CARTESIAN_POINT('',(1.979898987322,-38.7));
#1357 = DIRECTION('',(1.,0.));
#1358 = ( GEOMETRIC_REPRESENTATION_CONTEXT(2) 
PARAMETRIC_REPRESENTATION_CONTEXT() REPRESENTATION_CONTEXT('2D SPACE',''
  ) );
#1359 = PCURVE('',#570,#1360);
#1360 = DEFINITIONAL_REPRESENTATION('',(#1361),#1369);
#1361 = B_SPLINE_CURVE_WITH_KNOTS('',6,(#1362,#1363,#1364,#1365,#1366,
    #1367,#1368),.UNSPECIFIED.,.F.,.F.,(7,7),(2.341299539144,
    3.14159265359),.PIECEWISE_BEZIER_KNOTS.);
#1362 = CARTESIAN_POINT('',(7.083478421625,-1.296446601254));
#1363 = CARTESIAN_POINT('',(6.950096235884,-1.409814792743));
#1364 = CARTESIAN_POINT('',(6.816714050143,-1.505570138089));
#1365 = CARTESIAN_POINT('',(6.683331864402,-1.580082483071));
#1366 = CARTESIAN_POINT('',(6.549949678661,-1.630658917278));
#1367 = CARTESIAN_POINT('',(6.416567492921,-1.655946609407));
#1368 = CARTESIAN_POINT('',(6.28318530718,-1.655946609407));
#1369 = ( GEOMETRIC_REPRESENTATION_CONTEXT(2) 
PARAMETRIC_REPRESENTATION_CONTEXT() REPRESENTATION_CONTEXT('2D SPACE',''
  ) );
#1370 = ORIENTED_EDGE('',*,*,#1371,.F.);
#1371 = EDGE_CURVE('',#1372,#1344,#1374,.T.);
#1372 = VERTEX_POINT('',#1373);
#1373 = CARTESIAN_POINT('',(-0.825,15.800049854403,0.296446609407));
#1374 = SURFACE_CURVE('',#1375,(#1379,#1386),.PCURVE_S1.);
#1375 = LINE('',#1376,#1377);
#1376 = CARTESIAN_POINT('',(-0.825,38.7,0.296446609407));
#1377 = VECTOR('',#1378,1.);
#1378 = DIRECTION('',(0.,-1.,0.));
#1379 = PCURVE('',#360,#1380);
#1380 = DEFINITIONAL_REPRESENTATION('',(#1381),#1385);
#1381 = LINE('',#1382,#1383);
#1382 = CARTESIAN_POINT('',(0.813172798365,0.));
#1383 = VECTOR('',#1384,1.);
#1384 = DIRECTION('',(0.,-1.));
#1385 = ( GEOMETRIC_REPRESENTATION_CONTEXT(2) 
PARAMETRIC_REPRESENTATION_CONTEXT() REPRESENTATION_CONTEXT('2D SPACE',''
  ) );
#1386 = PCURVE('',#597,#1387);
#1387 = DEFINITIONAL_REPRESENTATION('',(#1388),#1392);
#1388 = LINE('',#1389,#1390);
#1389 = CARTESIAN_POINT('',(0.,0.));
#1390 = VECTOR('',#1391,1.);
#1391 = DIRECTION('',(0.,-1.));
#1392 = ( GEOMETRIC_REPRESENTATION_CONTEXT(2) 
PARAMETRIC_REPRESENTATION_CONTEXT() REPRESENTATION_CONTEXT('2D SPACE',''
  ) );
#1393 = ORIENTED_EDGE('',*,*,#1394,.F.);
#1394 = EDGE_CURVE('',#1395,#1372,#1397,.T.);
#1395 = VERTEX_POINT('',#1396);
#1396 = CARTESIAN_POINT('',(-1.1845,16.65,0.655946609407));
#1397 = SURFACE_CURVE('',#1398,(#1403,#1410),.PCURVE_S1.);
#1398 = ELLIPSE('',#1399,1.675135964631,1.1845);
#1399 = AXIS2_PLACEMENT_3D('',#1400,#1401,#1402);
#1400 = CARTESIAN_POINT('',(0.,16.65,-0.528553390593));
#1401 = DIRECTION('',(0.707106781187,0.,0.707106781187));
#1402 = DIRECTION('',(0.707106781187,0.,-0.707106781187));
#1403 = PCURVE('',#360,#1404);
#1404 = DEFINITIONAL_REPRESENTATION('',(#1405),#1409);
#1405 = ELLIPSE('',#1406,1.675135964631,1.1845);
#1406 = AXIS2_PLACEMENT_2D('',#1407,#1408);
#1407 = CARTESIAN_POINT('',(1.979898987322,-22.05));
#1408 = DIRECTION('',(1.,0.));
#1409 = ( GEOMETRIC_REPRESENTATION_CONTEXT(2) 
PARAMETRIC_REPRESENTATION_CONTEXT() REPRESENTATION_CONTEXT('2D SPACE',''
  ) );
#1410 = PCURVE('',#625,#1411);
#1411 = DEFINITIONAL_REPRESENTATION('',(#1412),#1420);
#1412 = B_SPLINE_CURVE_WITH_KNOTS('',6,(#1413,#1414,#1415,#1416,#1417,
    #1418,#1419),.UNSPECIFIED.,.F.,.F.,(7,7),(3.14159265359,
    3.941885768035),.PIECEWISE_BEZIER_KNOTS.);
#1413 = CARTESIAN_POINT('',(6.28318530718,-1.655946609407));
#1414 = CARTESIAN_POINT('',(6.149803121439,-1.655946609407));
#1415 = CARTESIAN_POINT('',(6.016420935698,-1.630658917278));
#1416 = CARTESIAN_POINT('',(5.883038749957,-1.580082483071));
#1417 = CARTESIAN_POINT('',(5.749656564216,-1.505570138089));
#1418 = CARTESIAN_POINT('',(5.616274378475,-1.409814792743));
#1419 = CARTESIAN_POINT('',(5.482892192734,-1.296446601254));
#1420 = ( GEOMETRIC_REPRESENTATION_CONTEXT(2) 
PARAMETRIC_REPRESENTATION_CONTEXT() REPRESENTATION_CONTEXT('2D SPACE',''
  ) );
#1421 = ORIENTED_EDGE('',*,*,#1422,.F.);
#1422 = EDGE_CURVE('',#1423,#1395,#1425,.T.);
#1423 = VERTEX_POINT('',#1424);
#1424 = CARTESIAN_POINT('',(-0.825,17.499950145597,0.296446609407));
#1425 = SURFACE_CURVE('',#1426,(#1431,#1438),.PCURVE_S1.);
#1426 = ELLIPSE('',#1427,1.675135964631,1.1845);
#1427 = AXIS2_PLACEMENT_3D('',#1428,#1429,#1430);
#1428 = CARTESIAN_POINT('',(0.,16.65,-0.528553390593));
#1429 = DIRECTION('',(0.707106781187,0.,0.707106781187));
#1430 = DIRECTION('',(0.707106781187,0.,-0.707106781187));
#1431 = PCURVE('',#360,#1432);
#1432 = DEFINITIONAL_REPRESENTATION('',(#1433),#1437);
#1433 = ELLIPSE('',#1434,1.675135964631,1.1845);
#1434 = AXIS2_PLACEMENT_2D('',#1435,#1436);
#1435 = CARTESIAN_POINT('',(1.979898987322,-22.05));
#1436 = DIRECTION('',(1.,0.));
#1437 = ( GEOMETRIC_REPRESENTATION_CONTEXT(2) 
PARAMETRIC_REPRESENTATION_CONTEXT() REPRESENTATION_CONTEXT('2D SPACE',''
  ) );
#1438 = PCURVE('',#625,#1439);
#1439 = DEFINITIONAL_REPRESENTATION('',(#1440),#1448);
#1440 = B_SPLINE_CURVE_WITH_KNOTS('',6,(#1441,#1442,#1443,#1444,#1445,
    #1446,#1447),.UNSPECIFIED.,.F.,.F.,(7,7),(2.341299539144,
    3.14159265359),.PIECEWISE_BEZIER_KNOTS.);
#1441 = CARTESIAN_POINT('',(7.083478421625,-1.296446601254));
#1442 = CARTESIAN_POINT('',(6.950096235884,-1.409814792743));
#1443 = CARTESIAN_POINT('',(6.816714050143,-1.505570138089));
#1444 = CARTESIAN_POINT('',(6.683331864402,-1.580082483071));
#1445 = CARTESIAN_POINT('',(6.549949678661,-1.630658917278));
#1446 = CARTESIAN_POINT('',(6.416567492921,-1.655946609407));
#1447 = CARTESIAN_POINT('',(6.28318530718,-1.655946609407));
#1448 = ( GEOMETRIC_REPRESENTATION_CONTEXT(2) 
PARAMETRIC_REPRESENTATION_CONTEXT() REPRESENTATION_CONTEXT('2D SPACE',''
  ) );
#1449 = ORIENTED_EDGE('',*,*,#1450,.F.);
#1450 = EDGE_CURVE('',#1191,#1423,#1451,.T.);
#1451 = SURFACE_CURVE('',#1452,(#1456,#1463),.PCURVE_S1.);
#1452 = LINE('',#1453,#1454);
#1453 = CARTESIAN_POINT('',(-0.825,38.7,0.296446609407));
#1454 = VECTOR('',#1455,1.);
#1455 = DIRECTION('',(0.,-1.,0.));
#1456 = PCURVE('',#360,#1457);
#1457 = DEFINITIONAL_REPRESENTATION('',(#1458),#1462);
#1458 = LINE('',#1459,#1460);
#1459 = CARTESIAN_POINT('',(0.813172798365,0.));
#1460 = VECTOR('',#1461,1.);
#1461 = DIRECTION('',(0.,-1.));
#1462 = ( GEOMETRIC_REPRESENTATION_CONTEXT(2) 
PARAMETRIC_REPRESENTATION_CONTEXT() REPRESENTATION_CONTEXT('2D SPACE',''
  ) );
#1463 = PCURVE('',#652,#1464);
#1464 = DEFINITIONAL_REPRESENTATION('',(#1465),#1469);
#1465 = LINE('',#1466,#1467);
#1466 = CARTESIAN_POINT('',(0.,0.));
#1467 = VECTOR('',#1468,1.);
#1468 = DIRECTION('',(0.,-1.));
#1469 = ( GEOMETRIC_REPRESENTATION_CONTEXT(2) 
PARAMETRIC_REPRESENTATION_CONTEXT() REPRESENTATION_CONTEXT('2D SPACE',''
  ) );
#1470 = ADVANCED_FACE('',(#1471),#334,.T.);
#1471 = FACE_BOUND('',#1472,.T.);
#1472 = EDGE_LOOP('',(#1473,#1496,#1517,#1518));
#1473 = ORIENTED_EDGE('',*,*,#1474,.F.);
#1474 = EDGE_CURVE('',#1475,#1189,#1477,.T.);
#1475 = VERTEX_POINT('',#1476);
#1476 = CARTESIAN_POINT('',(-1.4,38.7,1.478553390593));
#1477 = SURFACE_CURVE('',#1478,(#1482,#1489),.PCURVE_S1.);
#1478 = LINE('',#1479,#1480);
#1479 = CARTESIAN_POINT('',(-1.4,38.7,1.478553390593));
#1480 = VECTOR('',#1481,1.);
#1481 = DIRECTION('',(0.,0.,-1.));
#1482 = PCURVE('',#334,#1483);
#1483 = DEFINITIONAL_REPRESENTATION('',(#1484),#1488);
#1484 = LINE('',#1485,#1486);
#1485 = CARTESIAN_POINT('',(0.,0.));
#1486 = VECTOR('',#1487,1.);
#1487 = DIRECTION('',(1.,0.));
#1488 = ( GEOMETRIC_REPRESENTATION_CONTEXT(2) 
PARAMETRIC_REPRESENTATION_CONTEXT() REPRESENTATION_CONTEXT('2D SPACE',''
  ) );
#1489 = PCURVE('',#678,#1490);
#1490 = DEFINITIONAL_REPRESENTATION('',(#1491),#1495);
#1491 = LINE('',#1492,#1493);
#1492 = CARTESIAN_POINT('',(-0.866335743519,-1.4));
#1493 = VECTOR('',#1494,1.);
#1494 = DIRECTION('',(1.,0.));
#1495 = ( GEOMETRIC_REPRESENTATION_CONTEXT(2) 
PARAMETRIC_REPRESENTATION_CONTEXT() REPRESENTATION_CONTEXT('2D SPACE',''
  ) );
#1496 = ORIENTED_EDGE('',*,*,#1497,.T.);
#1497 = EDGE_CURVE('',#1475,#294,#1498,.T.);
#1498 = SURFACE_CURVE('',#1499,(#1503,#1510),.PCURVE_S1.);
#1499 = LINE('',#1500,#1501);
#1500 = CARTESIAN_POINT('',(-1.4,38.7,1.478553390593));
#1501 = VECTOR('',#1502,1.);
#1502 = DIRECTION('',(0.,-1.,0.));
#1503 = PCURVE('',#334,#1504);
#1504 = DEFINITIONAL_REPRESENTATION('',(#1505),#1509);
#1505 = LINE('',#1506,#1507);
#1506 = CARTESIAN_POINT('',(0.,0.));
#1507 = VECTOR('',#1508,1.);
#1508 = DIRECTION('',(0.,-1.));
#1509 = ( GEOMETRIC_REPRESENTATION_CONTEXT(2) 
PARAMETRIC_REPRESENTATION_CONTEXT() REPRESENTATION_CONTEXT('2D SPACE',''
  ) );
#1510 = PCURVE('',#308,#1511);
#1511 = DEFINITIONAL_REPRESENTATION('',(#1512),#1516);
#1512 = LINE('',#1513,#1514);
#1513 = CARTESIAN_POINT('',(1.697056274848,0.));
#1514 = VECTOR('',#1515,1.);
#1515 = DIRECTION('',(0.,-1.));
#1516 = ( GEOMETRIC_REPRESENTATION_CONTEXT(2) 
PARAMETRIC_REPRESENTATION_CONTEXT() REPRESENTATION_CONTEXT('2D SPACE',''
  ) );
#1517 = ORIENTED_EDGE('',*,*,#319,.T.);
#1518 = ORIENTED_EDGE('',*,*,#1213,.F.);
#1519 = ADVANCED_FACE('',(#1520),#308,.T.);
#1520 = FACE_BOUND('',#1521,.T.);
#1521 = EDGE_LOOP('',(#1522,#1545,#1573,#1607,#1636,#1664,#1698,#1727,
    #1755,#1789,#1818,#1839,#1840));
#1522 = ORIENTED_EDGE('',*,*,#1523,.F.);
#1523 = EDGE_CURVE('',#1524,#1475,#1526,.T.);
#1524 = VERTEX_POINT('',#1525);
#1525 = CARTESIAN_POINT('',(-0.2,38.7,2.678553390593));
#1526 = SURFACE_CURVE('',#1527,(#1531,#1538),.PCURVE_S1.);
#1527 = LINE('',#1528,#1529);
#1528 = CARTESIAN_POINT('',(-0.2,38.7,2.678553390593));
#1529 = VECTOR('',#1530,1.);
#1530 = DIRECTION('',(-0.707106781187,-0.,-0.707106781187));
#1531 = PCURVE('',#308,#1532);
#1532 = DEFINITIONAL_REPRESENTATION('',(#1533),#1537);
#1533 = LINE('',#1534,#1535);
#1534 = CARTESIAN_POINT('',(-0.,0.));
#1535 = VECTOR('',#1536,1.);
#1536 = DIRECTION('',(1.,0.));
#1537 = ( GEOMETRIC_REPRESENTATION_CONTEXT(2) 
PARAMETRIC_REPRESENTATION_CONTEXT() REPRESENTATION_CONTEXT('2D SPACE',''
  ) );
#1538 = PCURVE('',#678,#1539);
#1539 = DEFINITIONAL_REPRESENTATION('',(#1540),#1544);
#1540 = LINE('',#1541,#1542);
#1541 = CARTESIAN_POINT('',(-2.066335743519,-0.2));
#1542 = VECTOR('',#1543,1.);
#1543 = DIRECTION('',(0.707106781187,-0.707106781187));
#1544 = ( GEOMETRIC_REPRESENTATION_CONTEXT(2) 
PARAMETRIC_REPRESENTATION_CONTEXT() REPRESENTATION_CONTEXT('2D SPACE',''
  ) );
#1545 = ORIENTED_EDGE('',*,*,#1546,.T.);
#1546 = EDGE_CURVE('',#1524,#1547,#1549,.T.);
#1547 = VERTEX_POINT('',#1548);
#1548 = CARTESIAN_POINT('',(-0.2,17.817493147731,2.678553390593));
#1549 = SURFACE_CURVE('',#1550,(#1554,#1561),.PCURVE_S1.);
#1550 = LINE('',#1551,#1552);
#1551 = CARTESIAN_POINT('',(-0.2,38.7,2.678553390593));
#1552 = VECTOR('',#1553,1.);
#1553 = DIRECTION('',(0.,-1.,0.));
#1554 = PCURVE('',#308,#1555);
#1555 = DEFINITIONAL_REPRESENTATION('',(#1556),#1560);
#1556 = LINE('',#1557,#1558);
#1557 = CARTESIAN_POINT('',(-0.,0.));
#1558 = VECTOR('',#1559,1.);
#1559 = DIRECTION('',(0.,-1.));
#1560 = ( GEOMETRIC_REPRESENTATION_CONTEXT(2) 
PARAMETRIC_REPRESENTATION_CONTEXT() REPRESENTATION_CONTEXT('2D SPACE',''
  ) );
#1561 = PCURVE('',#1562,#1567);
#1562 = PLANE('',#1563);
#1563 = AXIS2_PLACEMENT_3D('',#1564,#1565,#1566);
#1564 = CARTESIAN_POINT('',(0.2,38.7,2.678553390593));
#1565 = DIRECTION('',(-0.,-0.,-1.));
#1566 = DIRECTION('',(-1.,0.,0.));
#1567 = DEFINITIONAL_REPRESENTATION('',(#1568),#1572);
#1568 = LINE('',#1569,#1570);
#1569 = CARTESIAN_POINT('',(0.4,0.));
#1570 = VECTOR('',#1571,1.);
#1571 = DIRECTION('',(0.,-1.));
#1572 = ( GEOMETRIC_REPRESENTATION_CONTEXT(2) 
PARAMETRIC_REPRESENTATION_CONTEXT() REPRESENTATION_CONTEXT('2D SPACE',''
  ) );
#1573 = ORIENTED_EDGE('',*,*,#1574,.F.);
#1574 = EDGE_CURVE('',#1575,#1547,#1577,.T.);
#1575 = VERTEX_POINT('',#1576);
#1576 = CARTESIAN_POINT('',(-1.1845,16.65,1.694053390593));
#1577 = SURFACE_CURVE('',#1578,(#1583,#1590),.PCURVE_S1.);
#1578 = ELLIPSE('',#1579,1.675135964631,1.1845);
#1579 = AXIS2_PLACEMENT_3D('',#1580,#1581,#1582);
#1580 = CARTESIAN_POINT('',(0.,16.65,2.878553390593));
#1581 = DIRECTION('',(0.707106781187,0.,-0.707106781187));
#1582 = DIRECTION('',(-0.707106781187,0.,-0.707106781187));
#1583 = PCURVE('',#308,#1584);
#1584 = DEFINITIONAL_REPRESENTATION('',(#1585),#1589);
#1585 = ELLIPSE('',#1586,1.675135964631,1.1845);
#1586 = AXIS2_PLACEMENT_2D('',#1587,#1588);
#1587 = CARTESIAN_POINT('',(-0.282842712475,-22.05));
#1588 = DIRECTION('',(1.,0.));
#1589 = ( GEOMETRIC_REPRESENTATION_CONTEXT(2) 
PARAMETRIC_REPRESENTATION_CONTEXT() REPRESENTATION_CONTEXT('2D SPACE',''
  ) );
#1590 = PCURVE('',#1591,#1596);
#1591 = CYLINDRICAL_SURFACE('',#1592,1.1845);
#1592 = AXIS2_PLACEMENT_3D('',#1593,#1594,#1595);
#1593 = CARTESIAN_POINT('',(0.,16.65,-1.));
#1594 = DIRECTION('',(0.,0.,-1.));
#1595 = DIRECTION('',(1.,0.,0.));
#1596 = DEFINITIONAL_REPRESENTATION('',(#1597),#1606);
#1597 = B_SPLINE_CURVE_WITH_KNOTS('',7,(#1598,#1599,#1600,#1601,#1602,
    #1603,#1604,#1605),.UNSPECIFIED.,.F.,.F.,(8,8),(0.,1.503205828282),
  .PIECEWISE_BEZIER_KNOTS.);
#1598 = CARTESIAN_POINT('',(3.14159265359,-2.694053390593));
#1599 = CARTESIAN_POINT('',(3.356336343344,-2.694053390593));
#1600 = CARTESIAN_POINT('',(3.571080033099,-2.757781154393));
#1601 = CARTESIAN_POINT('',(3.785823722854,-2.88522938771));
#1602 = CARTESIAN_POINT('',(4.000567412608,-3.069227504983));
#1603 = CARTESIAN_POINT('',(4.215311102363,-3.295292046601));
#1604 = CARTESIAN_POINT('',(4.430054792118,-3.544770296534));
#1605 = CARTESIAN_POINT('',(4.644798481872,-3.798553390593));
#1606 = ( GEOMETRIC_REPRESENTATION_CONTEXT(2) 
PARAMETRIC_REPRESENTATION_CONTEXT() REPRESENTATION_CONTEXT('2D SPACE',''
  ) );
#1607 = ORIENTED_EDGE('',*,*,#1608,.F.);
#1608 = EDGE_CURVE('',#1609,#1575,#1611,.T.);
#1609 = VERTEX_POINT('',#1610);
#1610 = CARTESIAN_POINT('',(-0.2,15.482506852269,2.678553390593));
#1611 = SURFACE_CURVE('',#1612,(#1617,#1624),.PCURVE_S1.);
#1612 = ELLIPSE('',#1613,1.675135964631,1.1845);
#1613 = AXIS2_PLACEMENT_3D('',#1614,#1615,#1616);
#1614 = CARTESIAN_POINT('',(0.,16.65,2.878553390593));
#1615 = DIRECTION('',(0.707106781187,0.,-0.707106781187));
#1616 = DIRECTION('',(-0.707106781187,0.,-0.707106781187));
#1617 = PCURVE('',#308,#1618);
#1618 = DEFINITIONAL_REPRESENTATION('',(#1619),#1623);
#1619 = ELLIPSE('',#1620,1.675135964631,1.1845);
#1620 = AXIS2_PLACEMENT_2D('',#1621,#1622);
#1621 = CARTESIAN_POINT('',(-0.282842712475,-22.05));
#1622 = DIRECTION('',(1.,0.));
#1623 = ( GEOMETRIC_REPRESENTATION_CONTEXT(2) 
PARAMETRIC_REPRESENTATION_CONTEXT() REPRESENTATION_CONTEXT('2D SPACE',''
  ) );
#1624 = PCURVE('',#1591,#1625);
#1625 = DEFINITIONAL_REPRESENTATION('',(#1626),#1635);
#1626 = B_SPLINE_CURVE_WITH_KNOTS('',7,(#1627,#1628,#1629,#1630,#1631,
    #1632,#1633,#1634),.UNSPECIFIED.,.F.,.F.,(8,8),(4.779979478897,
    6.28318530718),.PIECEWISE_BEZIER_KNOTS.);
#1627 = CARTESIAN_POINT('',(1.638386825307,-3.798553390593));
#1628 = CARTESIAN_POINT('',(1.853130515062,-3.544770296534));
#1629 = CARTESIAN_POINT('',(2.067874204817,-3.2952920466));
#1630 = CARTESIAN_POINT('',(2.282617894571,-3.069227504984));
#1631 = CARTESIAN_POINT('',(2.497361584326,-2.885229387708));
#1632 = CARTESIAN_POINT('',(2.71210527408,-2.757781154394));
#1633 = CARTESIAN_POINT('',(2.926848963835,-2.694053390593));
#1634 = CARTESIAN_POINT('',(3.14159265359,-2.694053390593));
#1635 = ( GEOMETRIC_REPRESENTATION_CONTEXT(2) 
PARAMETRIC_REPRESENTATION_CONTEXT() REPRESENTATION_CONTEXT('2D SPACE',''
  ) );
#1636 = ORIENTED_EDGE('',*,*,#1637,.T.);
#1637 = EDGE_CURVE('',#1609,#1638,#1640,.T.);
#1638 = VERTEX_POINT('',#1639);
#1639 = CARTESIAN_POINT('',(-0.2,1.167493147732,2.678553390593));
#1640 = SURFACE_CURVE('',#1641,(#1645,#1652),.PCURVE_S1.);
#1641 = LINE('',#1642,#1643);
#1642 = CARTESIAN_POINT('',(-0.2,38.7,2.678553390593));
#1643 = VECTOR('',#1644,1.);
#1644 = DIRECTION('',(0.,-1.,0.));
#1645 = PCURVE('',#308,#1646);
#1646 = DEFINITIONAL_REPRESENTATION('',(#1647),#1651);
#1647 = LINE('',#1648,#1649);
#1648 = CARTESIAN_POINT('',(-0.,0.));
#1649 = VECTOR('',#1650,1.);
#1650 = DIRECTION('',(0.,-1.));
#1651 = ( GEOMETRIC_REPRESENTATION_CONTEXT(2) 
PARAMETRIC_REPRESENTATION_CONTEXT() REPRESENTATION_CONTEXT('2D SPACE',''
  ) );
#1652 = PCURVE('',#1653,#1658);
#1653 = PLANE('',#1654);
#1654 = AXIS2_PLACEMENT_3D('',#1655,#1656,#1657);
#1655 = CARTESIAN_POINT('',(0.2,38.7,2.678553390593));
#1656 = DIRECTION('',(-0.,-0.,-1.));
#1657 = DIRECTION('',(-1.,0.,0.));
#1658 = DEFINITIONAL_REPRESENTATION('',(#1659),#1663);
#1659 = LINE('',#1660,#1661);
#1660 = CARTESIAN_POINT('',(0.4,0.));
#1661 = VECTOR('',#1662,1.);
#1662 = DIRECTION('',(0.,-1.));
#1663 = ( GEOMETRIC_REPRESENTATION_CONTEXT(2) 
PARAMETRIC_REPRESENTATION_CONTEXT() REPRESENTATION_CONTEXT('2D SPACE',''
  ) );
#1664 = ORIENTED_EDGE('',*,*,#1665,.F.);
#1665 = EDGE_CURVE('',#1666,#1638,#1668,.T.);
#1666 = VERTEX_POINT('',#1667);
#1667 = CARTESIAN_POINT('',(-1.1845,-7.252970262129E-17,1.694053390593)
  );
#1668 = SURFACE_CURVE('',#1669,(#1674,#1681),.PCURVE_S1.);
#1669 = ELLIPSE('',#1670,1.675135964631,1.1845);
#1670 = AXIS2_PLACEMENT_3D('',#1671,#1672,#1673);
#1671 = CARTESIAN_POINT('',(0.,0.,2.878553390593));
#1672 = DIRECTION('',(0.707106781187,0.,-0.707106781187));
#1673 = DIRECTION('',(-0.707106781187,0.,-0.707106781187));
#1674 = PCURVE('',#308,#1675);
#1675 = DEFINITIONAL_REPRESENTATION('',(#1676),#1680);
#1676 = ELLIPSE('',#1677,1.675135964631,1.1845);
#1677 = AXIS2_PLACEMENT_2D('',#1678,#1679);
#1678 = CARTESIAN_POINT('',(-0.282842712475,-38.7));
#1679 = DIRECTION('',(1.,0.));
#1680 = ( GEOMETRIC_REPRESENTATION_CONTEXT(2) 
PARAMETRIC_REPRESENTATION_CONTEXT() REPRESENTATION_CONTEXT('2D SPACE',''
  ) );
#1681 = PCURVE('',#1682,#1687);
#1682 = CYLINDRICAL_SURFACE('',#1683,1.1845);
#1683 = AXIS2_PLACEMENT_3D('',#1684,#1685,#1686);
#1684 = CARTESIAN_POINT('',(0.,0.,-1.));
#1685 = DIRECTION('',(0.,0.,-1.));
#1686 = DIRECTION('',(-1.,0.,0.));
#1687 = DEFINITIONAL_REPRESENTATION('',(#1688),#1697);
#1688 = B_SPLINE_CURVE_WITH_KNOTS('',7,(#1689,#1690,#1691,#1692,#1693,
    #1694,#1695,#1696),.UNSPECIFIED.,.F.,.F.,(8,8),(0.,1.503205828282),
  .PIECEWISE_BEZIER_KNOTS.);
#1689 = CARTESIAN_POINT('',(0.,-2.694053390593));
#1690 = CARTESIAN_POINT('',(0.214743689755,-2.694053390593));
#1691 = CARTESIAN_POINT('',(0.429487379509,-2.757781154393));
#1692 = CARTESIAN_POINT('',(0.644231069264,-2.885229387711));
#1693 = CARTESIAN_POINT('',(0.858974759018,-3.069227504981));
#1694 = CARTESIAN_POINT('',(1.073718448773,-3.295292046601));
#1695 = CARTESIAN_POINT('',(1.288462138528,-3.544770296534));
#1696 = CARTESIAN_POINT('',(1.503205828282,-3.798553390593));
#1697 = ( GEOMETRIC_REPRESENTATION_CONTEXT(2) 
PARAMETRIC_REPRESENTATION_CONTEXT() REPRESENTATION_CONTEXT('2D SPACE',''
  ) );
#1698 = ORIENTED_EDGE('',*,*,#1699,.F.);
#1699 = EDGE_CURVE('',#1700,#1666,#1702,.T.);
#1700 = VERTEX_POINT('',#1701);
#1701 = CARTESIAN_POINT('',(-0.2,-1.167493147732,2.678553390593));
#1702 = SURFACE_CURVE('',#1703,(#1708,#1715),.PCURVE_S1.);
#1703 = ELLIPSE('',#1704,1.675135964631,1.1845);
#1704 = AXIS2_PLACEMENT_3D('',#1705,#1706,#1707);
#1705 = CARTESIAN_POINT('',(0.,0.,2.878553390593));
#1706 = DIRECTION('',(0.707106781187,0.,-0.707106781187));
#1707 = DIRECTION('',(-0.707106781187,0.,-0.707106781187));
#1708 = PCURVE('',#308,#1709);
#1709 = DEFINITIONAL_REPRESENTATION('',(#1710),#1714);
#1710 = ELLIPSE('',#1711,1.675135964631,1.1845);
#1711 = AXIS2_PLACEMENT_2D('',#1712,#1713);
#1712 = CARTESIAN_POINT('',(-0.282842712475,-38.7));
#1713 = DIRECTION('',(1.,0.));
#1714 = ( GEOMETRIC_REPRESENTATION_CONTEXT(2) 
PARAMETRIC_REPRESENTATION_CONTEXT() REPRESENTATION_CONTEXT('2D SPACE',''
  ) );
#1715 = PCURVE('',#1682,#1716);
#1716 = DEFINITIONAL_REPRESENTATION('',(#1717),#1726);
#1717 = B_SPLINE_CURVE_WITH_KNOTS('',7,(#1718,#1719,#1720,#1721,#1722,
    #1723,#1724,#1725),.UNSPECIFIED.,.F.,.F.,(8,8),(4.779979478897,
    6.28318530718),.PIECEWISE_BEZIER_KNOTS.);
#1718 = CARTESIAN_POINT('',(4.779979478897,-3.798553390593));
#1719 = CARTESIAN_POINT('',(4.994723168652,-3.544770296534));
#1720 = CARTESIAN_POINT('',(5.209466858405,-3.2952920466));
#1721 = CARTESIAN_POINT('',(5.424210548164,-3.069227504982));
#1722 = CARTESIAN_POINT('',(5.638954237913,-2.88522938771));
#1723 = CARTESIAN_POINT('',(5.853697927671,-2.757781154393));
#1724 = CARTESIAN_POINT('',(6.068441617425,-2.694053390593));
#1725 = CARTESIAN_POINT('',(6.28318530718,-2.694053390593));
#1726 = ( GEOMETRIC_REPRESENTATION_CONTEXT(2) 
PARAMETRIC_REPRESENTATION_CONTEXT() REPRESENTATION_CONTEXT('2D SPACE',''
  ) );
#1727 = ORIENTED_EDGE('',*,*,#1728,.T.);
#1728 = EDGE_CURVE('',#1700,#1729,#1731,.T.);
#1729 = VERTEX_POINT('',#1730);
#1730 = CARTESIAN_POINT('',(-0.2,-15.48250685226,2.678553390593));
#1731 = SURFACE_CURVE('',#1732,(#1736,#1743),.PCURVE_S1.);
#1732 = LINE('',#1733,#1734);
#1733 = CARTESIAN_POINT('',(-0.2,38.7,2.678553390593));
#1734 = VECTOR('',#1735,1.);
#1735 = DIRECTION('',(0.,-1.,0.));
#1736 = PCURVE('',#308,#1737);
#1737 = DEFINITIONAL_REPRESENTATION('',(#1738),#1742);
#1738 = LINE('',#1739,#1740);
#1739 = CARTESIAN_POINT('',(-0.,0.));
#1740 = VECTOR('',#1741,1.);
#1741 = DIRECTION('',(0.,-1.));
#1742 = ( GEOMETRIC_REPRESENTATION_CONTEXT(2) 
PARAMETRIC_REPRESENTATION_CONTEXT() REPRESENTATION_CONTEXT('2D SPACE',''
  ) );
#1743 = PCURVE('',#1744,#1749);
#1744 = PLANE('',#1745);
#1745 = AXIS2_PLACEMENT_3D('',#1746,#1747,#1748);
#1746 = CARTESIAN_POINT('',(0.2,38.7,2.678553390593));
#1747 = DIRECTION('',(-0.,-0.,-1.));
#1748 = DIRECTION('',(-1.,0.,0.));
#1749 = DEFINITIONAL_REPRESENTATION('',(#1750),#1754);
#1750 = LINE('',#1751,#1752);
#1751 = CARTESIAN_POINT('',(0.4,0.));
#1752 = VECTOR('',#1753,1.);
#1753 = DIRECTION('',(0.,-1.));
#1754 = ( GEOMETRIC_REPRESENTATION_CONTEXT(2) 
PARAMETRIC_REPRESENTATION_CONTEXT() REPRESENTATION_CONTEXT('2D SPACE',''
  ) );
#1755 = ORIENTED_EDGE('',*,*,#1756,.F.);
#1756 = EDGE_CURVE('',#1757,#1729,#1759,.T.);
#1757 = VERTEX_POINT('',#1758);
#1758 = CARTESIAN_POINT('',(-1.1845,-16.65,1.694053390593));
#1759 = SURFACE_CURVE('',#1760,(#1765,#1772),.PCURVE_S1.);
#1760 = ELLIPSE('',#1761,1.675135964631,1.1845);
#1761 = AXIS2_PLACEMENT_3D('',#1762,#1763,#1764);
#1762 = CARTESIAN_POINT('',(0.,-16.65,2.878553390593));
#1763 = DIRECTION('',(0.707106781187,0.,-0.707106781187));
#1764 = DIRECTION('',(-0.707106781187,0.,-0.707106781187));
#1765 = PCURVE('',#308,#1766);
#1766 = DEFINITIONAL_REPRESENTATION('',(#1767),#1771);
#1767 = ELLIPSE('',#1768,1.675135964631,1.1845);
#1768 = AXIS2_PLACEMENT_2D('',#1769,#1770);
#1769 = CARTESIAN_POINT('',(-0.282842712475,-55.35));
#1770 = DIRECTION('',(1.,0.));
#1771 = ( GEOMETRIC_REPRESENTATION_CONTEXT(2) 
PARAMETRIC_REPRESENTATION_CONTEXT() REPRESENTATION_CONTEXT('2D SPACE',''
  ) );
#1772 = PCURVE('',#1773,#1778);
#1773 = CYLINDRICAL_SURFACE('',#1774,1.1845);
#1774 = AXIS2_PLACEMENT_3D('',#1775,#1776,#1777);
#1775 = CARTESIAN_POINT('',(0.,-16.65,-1.));
#1776 = DIRECTION('',(0.,0.,-1.));
#1777 = DIRECTION('',(1.,0.,0.));
#1778 = DEFINITIONAL_REPRESENTATION('',(#1779),#1788);
#1779 = B_SPLINE_CURVE_WITH_KNOTS('',7,(#1780,#1781,#1782,#1783,#1784,
    #1785,#1786,#1787),.UNSPECIFIED.,.F.,.F.,(8,8),(0.,1.503205828282),
  .PIECEWISE_BEZIER_KNOTS.);
#1780 = CARTESIAN_POINT('',(3.14159265359,-2.694053390593));
#1781 = CARTESIAN_POINT('',(3.356336343344,-2.694053390593));
#1782 = CARTESIAN_POINT('',(3.571080033099,-2.757781154393));
#1783 = CARTESIAN_POINT('',(3.785823722854,-2.88522938771));
#1784 = CARTESIAN_POINT('',(4.000567412608,-3.069227504983));
#1785 = CARTESIAN_POINT('',(4.215311102363,-3.2952920466));
#1786 = CARTESIAN_POINT('',(4.430054792118,-3.544770296534));
#1787 = CARTESIAN_POINT('',(4.644798481872,-3.798553390593));
#1788 = ( GEOMETRIC_REPRESENTATION_CONTEXT(2) 
PARAMETRIC_REPRESENTATION_CONTEXT() REPRESENTATION_CONTEXT('2D SPACE',''
  ) );
#1789 = ORIENTED_EDGE('',*,*,#1790,.F.);
#1790 = EDGE_CURVE('',#1791,#1757,#1793,.T.);
#1791 = VERTEX_POINT('',#1792);
#1792 = CARTESIAN_POINT('',(-0.2,-17.81749314773,2.678553390593));
#1793 = SURFACE_CURVE('',#1794,(#1799,#1806),.PCURVE_S1.);
#1794 = ELLIPSE('',#1795,1.675135964631,1.1845);
#1795 = AXIS2_PLACEMENT_3D('',#1796,#1797,#1798);
#1796 = CARTESIAN_POINT('',(0.,-16.65,2.878553390593));
#1797 = DIRECTION('',(0.707106781187,0.,-0.707106781187));
#1798 = DIRECTION('',(-0.707106781187,0.,-0.707106781187));
#1799 = PCURVE('',#308,#1800);
#1800 = DEFINITIONAL_REPRESENTATION('',(#1801),#1805);
#1801 = ELLIPSE('',#1802,1.675135964631,1.1845);
#1802 = AXIS2_PLACEMENT_2D('',#1803,#1804);
#1803 = CARTESIAN_POINT('',(-0.282842712475,-55.35));
#1804 = DIRECTION('',(1.,0.));
#1805 = ( GEOMETRIC_REPRESENTATION_CONTEXT(2) 
PARAMETRIC_REPRESENTATION_CONTEXT() REPRESENTATION_CONTEXT('2D SPACE',''
  ) );
#1806 = PCURVE('',#1773,#1807);
#1807 = DEFINITIONAL_REPRESENTATION('',(#1808),#1817);
#1808 = B_SPLINE_CURVE_WITH_KNOTS('',7,(#1809,#1810,#1811,#1812,#1813,
    #1814,#1815,#1816),.UNSPECIFIED.,.F.,.F.,(8,8),(4.779979478897,
    6.28318530718),.PIECEWISE_BEZIER_KNOTS.);
#1809 = CARTESIAN_POINT('',(1.638386825307,-3.798553390593));
#1810 = CARTESIAN_POINT('',(1.853130515062,-3.544770296534));
#1811 = CARTESIAN_POINT('',(2.067874204816,-3.2952920466));
#1812 = CARTESIAN_POINT('',(2.282617894572,-3.069227504983));
#1813 = CARTESIAN_POINT('',(2.497361584325,-2.885229387709));
#1814 = CARTESIAN_POINT('',(2.712105274081,-2.757781154393));
#1815 = CARTESIAN_POINT('',(2.926848963835,-2.694053390593));
#1816 = CARTESIAN_POINT('',(3.14159265359,-2.694053390593));
#1817 = ( GEOMETRIC_REPRESENTATION_CONTEXT(2) 
PARAMETRIC_REPRESENTATION_CONTEXT() REPRESENTATION_CONTEXT('2D SPACE',''
  ) );
#1818 = ORIENTED_EDGE('',*,*,#1819,.T.);
#1819 = EDGE_CURVE('',#1791,#268,#1820,.T.);
#1820 = SURFACE_CURVE('',#1821,(#1825,#1832),.PCURVE_S1.);
#1821 = LINE('',#1822,#1823);
#1822 = CARTESIAN_POINT('',(-0.2,38.7,2.678553390593));
#1823 = VECTOR('',#1824,1.);
#1824 = DIRECTION('',(0.,-1.,0.));
#1825 = PCURVE('',#308,#1826);
#1826 = DEFINITIONAL_REPRESENTATION('',(#1827),#1831);
#1827 = LINE('',#1828,#1829);
#1828 = CARTESIAN_POINT('',(-0.,0.));
#1829 = VECTOR('',#1830,1.);
#1830 = DIRECTION('',(0.,-1.));
#1831 = ( GEOMETRIC_REPRESENTATION_CONTEXT(2) 
PARAMETRIC_REPRESENTATION_CONTEXT() REPRESENTATION_CONTEXT('2D SPACE',''
  ) );
#1832 = PCURVE('',#282,#1833);
#1833 = DEFINITIONAL_REPRESENTATION('',(#1834),#1838);
#1834 = LINE('',#1835,#1836);
#1835 = CARTESIAN_POINT('',(0.4,0.));
#1836 = VECTOR('',#1837,1.);
#1837 = DIRECTION('',(0.,-1.));
#1838 = ( GEOMETRIC_REPRESENTATION_CONTEXT(2) 
PARAMETRIC_REPRESENTATION_CONTEXT() REPRESENTATION_CONTEXT('2D SPACE',''
  ) );
#1839 = ORIENTED_EDGE('',*,*,#293,.T.);
#1840 = ORIENTED_EDGE('',*,*,#1497,.F.);
#1841 = ADVANCED_FACE('',(#1842),#282,.T.);
#1842 = FACE_BOUND('',#1843,.T.);
#1843 = EDGE_LOOP('',(#1844,#1868,#1889,#1890));
#1844 = ORIENTED_EDGE('',*,*,#1845,.F.);
#1845 = EDGE_CURVE('',#1846,#1791,#1848,.T.);
#1846 = VERTEX_POINT('',#1847);
#1847 = CARTESIAN_POINT('',(0.2,-17.81749314773,2.678553390593));
#1848 = SURFACE_CURVE('',#1849,(#1854,#1861),.PCURVE_S1.);
#1849 = CIRCLE('',#1850,1.1845);
#1850 = AXIS2_PLACEMENT_3D('',#1851,#1852,#1853);
#1851 = CARTESIAN_POINT('',(0.,-16.65,2.678553390593));
#1852 = DIRECTION('',(0.,0.,-1.));
#1853 = DIRECTION('',(1.,0.,0.));
#1854 = PCURVE('',#282,#1855);
#1855 = DEFINITIONAL_REPRESENTATION('',(#1856),#1860);
#1856 = CIRCLE('',#1857,1.1845);
#1857 = AXIS2_PLACEMENT_2D('',#1858,#1859);
#1858 = CARTESIAN_POINT('',(0.2,-55.35));
#1859 = DIRECTION('',(-1.,0.));
#1860 = ( GEOMETRIC_REPRESENTATION_CONTEXT(2) 
PARAMETRIC_REPRESENTATION_CONTEXT() REPRESENTATION_CONTEXT('2D SPACE',''
  ) );
#1861 = PCURVE('',#1773,#1862);
#1862 = DEFINITIONAL_REPRESENTATION('',(#1863),#1867);
#1863 = LINE('',#1864,#1865);
#1864 = CARTESIAN_POINT('',(0.,-3.678553390593));
#1865 = VECTOR('',#1866,1.);
#1866 = DIRECTION('',(1.,0.));
#1867 = ( GEOMETRIC_REPRESENTATION_CONTEXT(2) 
PARAMETRIC_REPRESENTATION_CONTEXT() REPRESENTATION_CONTEXT('2D SPACE',''
  ) );
#1868 = ORIENTED_EDGE('',*,*,#1869,.T.);
#1869 = EDGE_CURVE('',#1846,#242,#1870,.T.);
#1870 = SURFACE_CURVE('',#1871,(#1875,#1882),.PCURVE_S1.);
#1871 = LINE('',#1872,#1873);
#1872 = CARTESIAN_POINT('',(0.2,38.7,2.678553390593));
#1873 = VECTOR('',#1874,1.);
#1874 = DIRECTION('',(0.,-1.,0.));
#1875 = PCURVE('',#282,#1876);
#1876 = DEFINITIONAL_REPRESENTATION('',(#1877),#1881);
#1877 = LINE('',#1878,#1879);
#1878 = CARTESIAN_POINT('',(0.,0.));
#1879 = VECTOR('',#1880,1.);
#1880 = DIRECTION('',(0.,-1.));
#1881 = ( GEOMETRIC_REPRESENTATION_CONTEXT(2) 
PARAMETRIC_REPRESENTATION_CONTEXT() REPRESENTATION_CONTEXT('2D SPACE',''
  ) );
#1882 = PCURVE('',#256,#1883);
#1883 = DEFINITIONAL_REPRESENTATION('',(#1884),#1888);
#1884 = LINE('',#1885,#1886);
#1885 = CARTESIAN_POINT('',(1.697056274848,0.));
#1886 = VECTOR('',#1887,1.);
#1887 = DIRECTION('',(0.,-1.));
#1888 = ( GEOMETRIC_REPRESENTATION_CONTEXT(2) 
PARAMETRIC_REPRESENTATION_CONTEXT() REPRESENTATION_CONTEXT('2D SPACE',''
  ) );
#1889 = ORIENTED_EDGE('',*,*,#267,.T.);
#1890 = ORIENTED_EDGE('',*,*,#1819,.F.);
#1891 = ADVANCED_FACE('',(#1892),#256,.T.);
#1892 = FACE_BOUND('',#1893,.T.);
#1893 = EDGE_LOOP('',(#1894,#1919,#1940,#1941,#1942,#1971,#2000,#2023,
    #2053,#2076,#2105,#2134));
#1894 = ORIENTED_EDGE('',*,*,#1895,.F.);
#1895 = EDGE_CURVE('',#1896,#1898,#1900,.T.);
#1896 = VERTEX_POINT('',#1897);
#1897 = CARTESIAN_POINT('',(1.4,38.7,1.478553390593));
#1898 = VERTEX_POINT('',#1899);
#1899 = CARTESIAN_POINT('',(0.2,38.7,2.678553390593));
#1900 = SURFACE_CURVE('',#1901,(#1905,#1912),.PCURVE_S1.);
#1901 = LINE('',#1902,#1903);
#1902 = CARTESIAN_POINT('',(1.4,38.7,1.478553390593));
#1903 = VECTOR('',#1904,1.);
#1904 = DIRECTION('',(-0.707106781187,0.,0.707106781187));
#1905 = PCURVE('',#256,#1906);
#1906 = DEFINITIONAL_REPRESENTATION('',(#1907),#1911);
#1907 = LINE('',#1908,#1909);
#1908 = CARTESIAN_POINT('',(0.,0.));
#1909 = VECTOR('',#1910,1.);
#1910 = DIRECTION('',(1.,0.));
#1911 = ( GEOMETRIC_REPRESENTATION_CONTEXT(2) 
PARAMETRIC_REPRESENTATION_CONTEXT() REPRESENTATION_CONTEXT('2D SPACE',''
  ) );
#1912 = PCURVE('',#678,#1913);
#1913 = DEFINITIONAL_REPRESENTATION('',(#1914),#1918);
#1914 = LINE('',#1915,#1916);
#1915 = CARTESIAN_POINT('',(-0.866335743519,1.4));
#1916 = VECTOR('',#1917,1.);
#1917 = DIRECTION('',(-0.707106781187,-0.707106781187));
#1918 = ( GEOMETRIC_REPRESENTATION_CONTEXT(2) 
PARAMETRIC_REPRESENTATION_CONTEXT() REPRESENTATION_CONTEXT('2D SPACE',''
  ) );
#1919 = ORIENTED_EDGE('',*,*,#1920,.T.);
#1920 = EDGE_CURVE('',#1896,#216,#1921,.T.);
#1921 = SURFACE_CURVE('',#1922,(#1926,#1933),.PCURVE_S1.);
#1922 = LINE('',#1923,#1924);
#1923 = CARTESIAN_POINT('',(1.4,38.7,1.478553390593));
#1924 = VECTOR('',#1925,1.);
#1925 = DIRECTION('',(0.,-1.,0.));
#1926 = PCURVE('',#256,#1927);
#1927 = DEFINITIONAL_REPRESENTATION('',(#1928),#1932);
#1928 = LINE('',#1929,#1930);
#1929 = CARTESIAN_POINT('',(0.,0.));
#1930 = VECTOR('',#1931,1.);
#1931 = DIRECTION('',(0.,-1.));
#1932 = ( GEOMETRIC_REPRESENTATION_CONTEXT(2) 
PARAMETRIC_REPRESENTATION_CONTEXT() REPRESENTATION_CONTEXT('2D SPACE',''
  ) );
#1933 = PCURVE('',#230,#1934);
#1934 = DEFINITIONAL_REPRESENTATION('',(#1935),#1939);
#1935 = LINE('',#1936,#1937);
#1936 = CARTESIAN_POINT('',(0.607106781187,0.));
#1937 = VECTOR('',#1938,1.);
#1938 = DIRECTION('',(0.,-1.));
#1939 = ( GEOMETRIC_REPRESENTATION_CONTEXT(2) 
PARAMETRIC_REPRESENTATION_CONTEXT() REPRESENTATION_CONTEXT('2D SPACE',''
  ) );
#1940 = ORIENTED_EDGE('',*,*,#241,.T.);
#1941 = ORIENTED_EDGE('',*,*,#1869,.F.);
#1942 = ORIENTED_EDGE('',*,*,#1943,.F.);
#1943 = EDGE_CURVE('',#1944,#1846,#1946,.T.);
#1944 = VERTEX_POINT('',#1945);
#1945 = CARTESIAN_POINT('',(1.1845,-16.65,1.694053390593));
#1946 = SURFACE_CURVE('',#1947,(#1952,#1959),.PCURVE_S1.);
#1947 = ELLIPSE('',#1948,1.675135964631,1.1845);
#1948 = AXIS2_PLACEMENT_3D('',#1949,#1950,#1951);
#1949 = CARTESIAN_POINT('',(0.,-16.65,2.878553390593));
#1950 = DIRECTION('',(-0.707106781187,-0.,-0.707106781187));
#1951 = DIRECTION('',(0.707106781187,0.,-0.707106781187));
#1952 = PCURVE('',#256,#1953);
#1953 = DEFINITIONAL_REPRESENTATION('',(#1954),#1958);
#1954 = ELLIPSE('',#1955,1.675135964631,1.1845);
#1955 = AXIS2_PLACEMENT_2D('',#1956,#1957);
#1956 = CARTESIAN_POINT('',(1.979898987322,-55.35));
#1957 = DIRECTION('',(-1.,0.));
#1958 = ( GEOMETRIC_REPRESENTATION_CONTEXT(2) 
PARAMETRIC_REPRESENTATION_CONTEXT() REPRESENTATION_CONTEXT('2D SPACE',''
  ) );
#1959 = PCURVE('',#1773,#1960);
#1960 = DEFINITIONAL_REPRESENTATION('',(#1961),#1970);
#1961 = B_SPLINE_CURVE_WITH_KNOTS('',7,(#1962,#1963,#1964,#1965,#1966,
    #1967,#1968,#1969),.UNSPECIFIED.,.F.,.F.,(8,8),(0.,1.503205828282),
  .PIECEWISE_BEZIER_KNOTS.);
#1962 = CARTESIAN_POINT('',(0.,-2.694053390593));
#1963 = CARTESIAN_POINT('',(0.214743689755,-2.694053390593));
#1964 = CARTESIAN_POINT('',(0.429487379509,-2.757781154393));
#1965 = CARTESIAN_POINT('',(0.644231069264,-2.88522938771));
#1966 = CARTESIAN_POINT('',(0.858974759018,-3.069227504983));
#1967 = CARTESIAN_POINT('',(1.073718448773,-3.2952920466));
#1968 = CARTESIAN_POINT('',(1.288462138528,-3.544770296534));
#1969 = CARTESIAN_POINT('',(1.503205828282,-3.798553390593));
#1970 = ( GEOMETRIC_REPRESENTATION_CONTEXT(2) 
PARAMETRIC_REPRESENTATION_CONTEXT() REPRESENTATION_CONTEXT('2D SPACE',''
  ) );
#1971 = ORIENTED_EDGE('',*,*,#1972,.F.);
#1972 = EDGE_CURVE('',#1973,#1944,#1975,.T.);
#1973 = VERTEX_POINT('',#1974);
#1974 = CARTESIAN_POINT('',(0.2,-15.48250685226,2.678553390593));
#1975 = SURFACE_CURVE('',#1976,(#1981,#1988),.PCURVE_S1.);
#1976 = ELLIPSE('',#1977,1.675135964631,1.1845);
#1977 = AXIS2_PLACEMENT_3D('',#1978,#1979,#1980);
#1978 = CARTESIAN_POINT('',(0.,-16.65,2.878553390593));
#1979 = DIRECTION('',(-0.707106781187,-0.,-0.707106781187));
#1980 = DIRECTION('',(0.707106781187,0.,-0.707106781187));
#1981 = PCURVE('',#256,#1982);
#1982 = DEFINITIONAL_REPRESENTATION('',(#1983),#1987);
#1983 = ELLIPSE('',#1984,1.675135964631,1.1845);
#1984 = AXIS2_PLACEMENT_2D('',#1985,#1986);
#1985 = CARTESIAN_POINT('',(1.979898987322,-55.35));
#1986 = DIRECTION('',(-1.,0.));
#1987 = ( GEOMETRIC_REPRESENTATION_CONTEXT(2) 
PARAMETRIC_REPRESENTATION_CONTEXT() REPRESENTATION_CONTEXT('2D SPACE',''
  ) );
#1988 = PCURVE('',#1773,#1989);
#1989 = DEFINITIONAL_REPRESENTATION('',(#1990),#1999);
#1990 = B_SPLINE_CURVE_WITH_KNOTS('',7,(#1991,#1992,#1993,#1994,#1995,
    #1996,#1997,#1998),.UNSPECIFIED.,.F.,.F.,(8,8),(4.779979478897,
    6.28318530718),.PIECEWISE_BEZIER_KNOTS.);
#1991 = CARTESIAN_POINT('',(4.779979478897,-3.798553390593));
#1992 = CARTESIAN_POINT('',(4.994723168652,-3.544770296534));
#1993 = CARTESIAN_POINT('',(5.209466858406,-3.2952920466));
#1994 = CARTESIAN_POINT('',(5.424210548163,-3.069227504983));
#1995 = CARTESIAN_POINT('',(5.638954237915,-2.885229387709));
#1996 = CARTESIAN_POINT('',(5.853697927671,-2.757781154394));
#1997 = CARTESIAN_POINT('',(6.068441617425,-2.694053390593));
#1998 = CARTESIAN_POINT('',(6.28318530718,-2.694053390593));
#1999 = ( GEOMETRIC_REPRESENTATION_CONTEXT(2) 
PARAMETRIC_REPRESENTATION_CONTEXT() REPRESENTATION_CONTEXT('2D SPACE',''
  ) );
#2000 = ORIENTED_EDGE('',*,*,#2001,.F.);
#2001 = EDGE_CURVE('',#2002,#1973,#2004,.T.);
#2002 = VERTEX_POINT('',#2003);
#2003 = CARTESIAN_POINT('',(0.2,-1.167493147732,2.678553390593));
#2004 = SURFACE_CURVE('',#2005,(#2009,#2016),.PCURVE_S1.);
#2005 = LINE('',#2006,#2007);
#2006 = CARTESIAN_POINT('',(0.2,38.7,2.678553390593));
#2007 = VECTOR('',#2008,1.);
#2008 = DIRECTION('',(0.,-1.,0.));
#2009 = PCURVE('',#256,#2010);
#2010 = DEFINITIONAL_REPRESENTATION('',(#2011),#2015);
#2011 = LINE('',#2012,#2013);
#2012 = CARTESIAN_POINT('',(1.697056274848,0.));
#2013 = VECTOR('',#2014,1.);
#2014 = DIRECTION('',(0.,-1.));
#2015 = ( GEOMETRIC_REPRESENTATION_CONTEXT(2) 
PARAMETRIC_REPRESENTATION_CONTEXT() REPRESENTATION_CONTEXT('2D SPACE',''
  ) );
#2016 = PCURVE('',#1744,#2017);
#2017 = DEFINITIONAL_REPRESENTATION('',(#2018),#2022);
#2018 = LINE('',#2019,#2020);
#2019 = CARTESIAN_POINT('',(0.,0.));
#2020 = VECTOR('',#2021,1.);
#2021 = DIRECTION('',(0.,-1.));
#2022 = ( GEOMETRIC_REPRESENTATION_CONTEXT(2) 
PARAMETRIC_REPRESENTATION_CONTEXT() REPRESENTATION_CONTEXT('2D SPACE',''
  ) );
#2023 = ORIENTED_EDGE('',*,*,#2024,.F.);
#2024 = EDGE_CURVE('',#2025,#2002,#2027,.T.);
#2025 = VERTEX_POINT('',#2026);
#2026 = CARTESIAN_POINT('',(0.2,1.167493147732,2.678553390593));
#2027 = SURFACE_CURVE('',#2028,(#2033,#2040),.PCURVE_S1.);
#2028 = ELLIPSE('',#2029,1.675135964631,1.1845);
#2029 = AXIS2_PLACEMENT_3D('',#2030,#2031,#2032);
#2030 = CARTESIAN_POINT('',(0.,0.,2.878553390593));
#2031 = DIRECTION('',(-0.707106781187,-0.,-0.707106781187));
#2032 = DIRECTION('',(0.707106781187,0.,-0.707106781187));
#2033 = PCURVE('',#256,#2034);
#2034 = DEFINITIONAL_REPRESENTATION('',(#2035),#2039);
#2035 = ELLIPSE('',#2036,1.675135964631,1.1845);
#2036 = AXIS2_PLACEMENT_2D('',#2037,#2038);
#2037 = CARTESIAN_POINT('',(1.979898987322,-38.7));
#2038 = DIRECTION('',(-1.,0.));
#2039 = ( GEOMETRIC_REPRESENTATION_CONTEXT(2) 
PARAMETRIC_REPRESENTATION_CONTEXT() REPRESENTATION_CONTEXT('2D SPACE',''
  ) );
#2040 = PCURVE('',#1682,#2041);
#2041 = DEFINITIONAL_REPRESENTATION('',(#2042),#2052);
#2042 = B_SPLINE_CURVE_WITH_KNOTS('',8,(#2043,#2044,#2045,#2046,#2047,
    #2048,#2049,#2050,#2051),.UNSPECIFIED.,.F.,.F.,(9,9),(4.779979478897
    ,7.786391135462),.PIECEWISE_BEZIER_KNOTS.);
#2043 = CARTESIAN_POINT('',(1.638386825307,-3.798553390593));
#2044 = CARTESIAN_POINT('',(2.014188282378,-3.35443297599));
#2045 = CARTESIAN_POINT('',(2.389989739448,-2.923222316263));
#2046 = CARTESIAN_POINT('',(2.765791196522,-2.600525503012));
#2047 = CARTESIAN_POINT('',(3.141592653576,-2.477862253103));
#2048 = CARTESIAN_POINT('',(3.517394110668,-2.600525503014));
#2049 = CARTESIAN_POINT('',(3.893195567729,-2.923222316261));
#2050 = CARTESIAN_POINT('',(4.268997024802,-3.35443297599));
#2051 = CARTESIAN_POINT('',(4.644798481872,-3.798553390593));
#2052 = ( GEOMETRIC_REPRESENTATION_CONTEXT(2) 
PARAMETRIC_REPRESENTATION_CONTEXT() REPRESENTATION_CONTEXT('2D SPACE',''
  ) );
#2053 = ORIENTED_EDGE('',*,*,#2054,.F.);
#2054 = EDGE_CURVE('',#2055,#2025,#2057,.T.);
#2055 = VERTEX_POINT('',#2056);
#2056 = CARTESIAN_POINT('',(0.2,15.482506852269,2.678553390593));
#2057 = SURFACE_CURVE('',#2058,(#2062,#2069),.PCURVE_S1.);
#2058 = LINE('',#2059,#2060);
#2059 = CARTESIAN_POINT('',(0.2,38.7,2.678553390593));
#2060 = VECTOR('',#2061,1.);
#2061 = DIRECTION('',(0.,-1.,0.));
#2062 = PCURVE('',#256,#2063);
#2063 = DEFINITIONAL_REPRESENTATION('',(#2064),#2068);
#2064 = LINE('',#2065,#2066);
#2065 = CARTESIAN_POINT('',(1.697056274848,0.));
#2066 = VECTOR('',#2067,1.);
#2067 = DIRECTION('',(0.,-1.));
#2068 = ( GEOMETRIC_REPRESENTATION_CONTEXT(2) 
PARAMETRIC_REPRESENTATION_CONTEXT() REPRESENTATION_CONTEXT('2D SPACE',''
  ) );
#2069 = PCURVE('',#1653,#2070);
#2070 = DEFINITIONAL_REPRESENTATION('',(#2071),#2075);
#2071 = LINE('',#2072,#2073);
#2072 = CARTESIAN_POINT('',(0.,0.));
#2073 = VECTOR('',#2074,1.);
#2074 = DIRECTION('',(0.,-1.));
#2075 = ( GEOMETRIC_REPRESENTATION_CONTEXT(2) 
PARAMETRIC_REPRESENTATION_CONTEXT() REPRESENTATION_CONTEXT('2D SPACE',''
  ) );
#2076 = ORIENTED_EDGE('',*,*,#2077,.F.);
#2077 = EDGE_CURVE('',#2078,#2055,#2080,.T.);
#2078 = VERTEX_POINT('',#2079);
#2079 = CARTESIAN_POINT('',(1.1845,16.65,1.694053390593));
#2080 = SURFACE_CURVE('',#2081,(#2086,#2093),.PCURVE_S1.);
#2081 = ELLIPSE('',#2082,1.675135964631,1.1845);
#2082 = AXIS2_PLACEMENT_3D('',#2083,#2084,#2085);
#2083 = CARTESIAN_POINT('',(0.,16.65,2.878553390593));
#2084 = DIRECTION('',(-0.707106781187,-0.,-0.707106781187));
#2085 = DIRECTION('',(0.707106781187,0.,-0.707106781187));
#2086 = PCURVE('',#256,#2087);
#2087 = DEFINITIONAL_REPRESENTATION('',(#2088),#2092);
#2088 = ELLIPSE('',#2089,1.675135964631,1.1845);
#2089 = AXIS2_PLACEMENT_2D('',#2090,#2091);
#2090 = CARTESIAN_POINT('',(1.979898987322,-22.05));
#2091 = DIRECTION('',(-1.,0.));
#2092 = ( GEOMETRIC_REPRESENTATION_CONTEXT(2) 
PARAMETRIC_REPRESENTATION_CONTEXT() REPRESENTATION_CONTEXT('2D SPACE',''
  ) );
#2093 = PCURVE('',#1591,#2094);
#2094 = DEFINITIONAL_REPRESENTATION('',(#2095),#2104);
#2095 = B_SPLINE_CURVE_WITH_KNOTS('',7,(#2096,#2097,#2098,#2099,#2100,
    #2101,#2102,#2103),.UNSPECIFIED.,.F.,.F.,(8,8),(0.,1.503205828282),
  .PIECEWISE_BEZIER_KNOTS.);
#2096 = CARTESIAN_POINT('',(0.,-2.694053390593));
#2097 = CARTESIAN_POINT('',(0.214743689755,-2.694053390593));
#2098 = CARTESIAN_POINT('',(0.429487379509,-2.757781154393));
#2099 = CARTESIAN_POINT('',(0.644231069264,-2.885229387709));
#2100 = CARTESIAN_POINT('',(0.858974759019,-3.069227504983));
#2101 = CARTESIAN_POINT('',(1.073718448773,-3.2952920466));
#2102 = CARTESIAN_POINT('',(1.288462138528,-3.544770296534));
#2103 = CARTESIAN_POINT('',(1.503205828282,-3.798553390593));
#2104 = ( GEOMETRIC_REPRESENTATION_CONTEXT(2) 
PARAMETRIC_REPRESENTATION_CONTEXT() REPRESENTATION_CONTEXT('2D SPACE',''
  ) );
#2105 = ORIENTED_EDGE('',*,*,#2106,.F.);
#2106 = EDGE_CURVE('',#2107,#2078,#2109,.T.);
#2107 = VERTEX_POINT('',#2108);
#2108 = CARTESIAN_POINT('',(0.2,17.817493147731,2.678553390593));
#2109 = SURFACE_CURVE('',#2110,(#2115,#2122),.PCURVE_S1.);
#2110 = ELLIPSE('',#2111,1.675135964631,1.1845);
#2111 = AXIS2_PLACEMENT_3D('',#2112,#2113,#2114);
#2112 = CARTESIAN_POINT('',(0.,16.65,2.878553390593));
#2113 = DIRECTION('',(-0.707106781187,-0.,-0.707106781187));
#2114 = DIRECTION('',(0.707106781187,0.,-0.707106781187));
#2115 = PCURVE('',#256,#2116);
#2116 = DEFINITIONAL_REPRESENTATION('',(#2117),#2121);
#2117 = ELLIPSE('',#2118,1.675135964631,1.1845);
#2118 = AXIS2_PLACEMENT_2D('',#2119,#2120);
#2119 = CARTESIAN_POINT('',(1.979898987322,-22.05));
#2120 = DIRECTION('',(-1.,0.));
#2121 = ( GEOMETRIC_REPRESENTATION_CONTEXT(2) 
PARAMETRIC_REPRESENTATION_CONTEXT() REPRESENTATION_CONTEXT('2D SPACE',''
  ) );
#2122 = PCURVE('',#1591,#2123);
#2123 = DEFINITIONAL_REPRESENTATION('',(#2124),#2133);
#2124 = B_SPLINE_CURVE_WITH_KNOTS('',7,(#2125,#2126,#2127,#2128,#2129,
    #2130,#2131,#2132),.UNSPECIFIED.,.F.,.F.,(8,8),(4.779979478897,
    6.28318530718),.PIECEWISE_BEZIER_KNOTS.);
#2125 = CARTESIAN_POINT('',(4.779979478897,-3.798553390593));
#2126 = CARTESIAN_POINT('',(4.994723168652,-3.544770296534));
#2127 = CARTESIAN_POINT('',(5.209466858407,-3.2952920466));
#2128 = CARTESIAN_POINT('',(5.42421054816,-3.069227504983));
#2129 = CARTESIAN_POINT('',(5.638954237916,-2.885229387709));
#2130 = CARTESIAN_POINT('',(5.85369792767,-2.757781154393));
#2131 = CARTESIAN_POINT('',(6.068441617425,-2.694053390593));
#2132 = CARTESIAN_POINT('',(6.28318530718,-2.694053390593));
#2133 = ( GEOMETRIC_REPRESENTATION_CONTEXT(2) 
PARAMETRIC_REPRESENTATION_CONTEXT() REPRESENTATION_CONTEXT('2D SPACE',''
  ) );
#2134 = ORIENTED_EDGE('',*,*,#2135,.F.);
#2135 = EDGE_CURVE('',#1898,#2107,#2136,.T.);
#2136 = SURFACE_CURVE('',#2137,(#2141,#2148),.PCURVE_S1.);
#2137 = LINE('',#2138,#2139);
#2138 = CARTESIAN_POINT('',(0.2,38.7,2.678553390593));
#2139 = VECTOR('',#2140,1.);
#2140 = DIRECTION('',(0.,-1.,0.));
#2141 = PCURVE('',#256,#2142);
#2142 = DEFINITIONAL_REPRESENTATION('',(#2143),#2147);
#2143 = LINE('',#2144,#2145);
#2144 = CARTESIAN_POINT('',(1.697056274848,0.));
#2145 = VECTOR('',#2146,1.);
#2146 = DIRECTION('',(0.,-1.));
#2147 = ( GEOMETRIC_REPRESENTATION_CONTEXT(2) 
PARAMETRIC_REPRESENTATION_CONTEXT() REPRESENTATION_CONTEXT('2D SPACE',''
  ) );
#2148 = PCURVE('',#1562,#2149);
#2149 = DEFINITIONAL_REPRESENTATION('',(#2150),#2154);
#2150 = LINE('',#2151,#2152);
#2151 = CARTESIAN_POINT('',(0.,0.));
#2152 = VECTOR('',#2153,1.);
#2153 = DIRECTION('',(0.,-1.));
#2154 = ( GEOMETRIC_REPRESENTATION_CONTEXT(2) 
PARAMETRIC_REPRESENTATION_CONTEXT() REPRESENTATION_CONTEXT('2D SPACE',''
  ) );
#2155 = ADVANCED_FACE('',(#2156),#230,.T.);
#2156 = FACE_BOUND('',#2157,.T.);
#2157 = EDGE_LOOP('',(#2158,#2181,#2202,#2203));
#2158 = ORIENTED_EDGE('',*,*,#2159,.F.);
#2159 = EDGE_CURVE('',#2160,#1896,#2162,.T.);
#2160 = VERTEX_POINT('',#2161);
#2161 = CARTESIAN_POINT('',(1.4,38.7,0.871446609407));
#2162 = SURFACE_CURVE('',#2163,(#2167,#2174),.PCURVE_S1.);
#2163 = LINE('',#2164,#2165);
#2164 = CARTESIAN_POINT('',(1.4,38.7,0.871446609407));
#2165 = VECTOR('',#2166,1.);
#2166 = DIRECTION('',(0.,0.,1.));
#2167 = PCURVE('',#230,#2168);
#2168 = DEFINITIONAL_REPRESENTATION('',(#2169),#2173);
#2169 = LINE('',#2170,#2171);
#2170 = CARTESIAN_POINT('',(0.,0.));
#2171 = VECTOR('',#2172,1.);
#2172 = DIRECTION('',(1.,0.));
#2173 = ( GEOMETRIC_REPRESENTATION_CONTEXT(2) 
PARAMETRIC_REPRESENTATION_CONTEXT() REPRESENTATION_CONTEXT('2D SPACE',''
  ) );
#2174 = PCURVE('',#678,#2175);
#2175 = DEFINITIONAL_REPRESENTATION('',(#2176),#2180);
#2176 = LINE('',#2177,#2178);
#2177 = CARTESIAN_POINT('',(-0.259228962333,1.4));
#2178 = VECTOR('',#2179,1.);
#2179 = DIRECTION('',(-1.,0.));
#2180 = ( GEOMETRIC_REPRESENTATION_CONTEXT(2) 
PARAMETRIC_REPRESENTATION_CONTEXT() REPRESENTATION_CONTEXT('2D SPACE',''
  ) );
#2181 = ORIENTED_EDGE('',*,*,#2182,.T.);
#2182 = EDGE_CURVE('',#2160,#190,#2183,.T.);
#2183 = SURFACE_CURVE('',#2184,(#2188,#2195),.PCURVE_S1.);
#2184 = LINE('',#2185,#2186);
#2185 = CARTESIAN_POINT('',(1.4,38.7,0.871446609407));
#2186 = VECTOR('',#2187,1.);
#2187 = DIRECTION('',(0.,-1.,0.));
#2188 = PCURVE('',#230,#2189);
#2189 = DEFINITIONAL_REPRESENTATION('',(#2190),#2194);
#2190 = LINE('',#2191,#2192);
#2191 = CARTESIAN_POINT('',(0.,0.));
#2192 = VECTOR('',#2193,1.);
#2193 = DIRECTION('',(0.,-1.));
#2194 = ( GEOMETRIC_REPRESENTATION_CONTEXT(2) 
PARAMETRIC_REPRESENTATION_CONTEXT() REPRESENTATION_CONTEXT('2D SPACE',''
  ) );
#2195 = PCURVE('',#204,#2196);
#2196 = DEFINITIONAL_REPRESENTATION('',(#2197),#2201);
#2197 = LINE('',#2198,#2199);
#2198 = CARTESIAN_POINT('',(0.813172798365,0.));
#2199 = VECTOR('',#2200,1.);
#2200 = DIRECTION('',(0.,-1.));
#2201 = ( GEOMETRIC_REPRESENTATION_CONTEXT(2) 
PARAMETRIC_REPRESENTATION_CONTEXT() REPRESENTATION_CONTEXT('2D SPACE',''
  ) );
#2202 = ORIENTED_EDGE('',*,*,#215,.T.);
#2203 = ORIENTED_EDGE('',*,*,#1920,.F.);
#2204 = ADVANCED_FACE('',(#2205),#204,.T.);
#2205 = FACE_BOUND('',#2206,.T.);
#2206 = EDGE_LOOP('',(#2207,#2230,#2253,#2281,#2309,#2332,#2362,#2385,
    #2413,#2441,#2462,#2463));
#2207 = ORIENTED_EDGE('',*,*,#2208,.F.);
#2208 = EDGE_CURVE('',#2209,#2160,#2211,.T.);
#2209 = VERTEX_POINT('',#2210);
#2210 = CARTESIAN_POINT('',(0.825,38.7,0.296446609407));
#2211 = SURFACE_CURVE('',#2212,(#2216,#2223),.PCURVE_S1.);
#2212 = LINE('',#2213,#2214);
#2213 = CARTESIAN_POINT('',(0.825,38.7,0.296446609407));
#2214 = VECTOR('',#2215,1.);
#2215 = DIRECTION('',(0.707106781187,0.,0.707106781187));
#2216 = PCURVE('',#204,#2217);
#2217 = DEFINITIONAL_REPRESENTATION('',(#2218),#2222);
#2218 = LINE('',#2219,#2220);
#2219 = CARTESIAN_POINT('',(0.,0.));
#2220 = VECTOR('',#2221,1.);
#2221 = DIRECTION('',(1.,0.));
#2222 = ( GEOMETRIC_REPRESENTATION_CONTEXT(2) 
PARAMETRIC_REPRESENTATION_CONTEXT() REPRESENTATION_CONTEXT('2D SPACE',''
  ) );
#2223 = PCURVE('',#678,#2224);
#2224 = DEFINITIONAL_REPRESENTATION('',(#2225),#2229);
#2225 = LINE('',#2226,#2227);
#2226 = CARTESIAN_POINT('',(0.315771037667,0.825));
#2227 = VECTOR('',#2228,1.);
#2228 = DIRECTION('',(-0.707106781187,0.707106781187));
#2229 = ( GEOMETRIC_REPRESENTATION_CONTEXT(2) 
PARAMETRIC_REPRESENTATION_CONTEXT() REPRESENTATION_CONTEXT('2D SPACE',''
  ) );
#2230 = ORIENTED_EDGE('',*,*,#2231,.T.);
#2231 = EDGE_CURVE('',#2209,#2232,#2234,.T.);
#2232 = VERTEX_POINT('',#2233);
#2233 = CARTESIAN_POINT('',(0.825,17.499950145597,0.296446609407));
#2234 = SURFACE_CURVE('',#2235,(#2239,#2246),.PCURVE_S1.);
#2235 = LINE('',#2236,#2237);
#2236 = CARTESIAN_POINT('',(0.825,38.7,0.296446609407));
#2237 = VECTOR('',#2238,1.);
#2238 = DIRECTION('',(0.,-1.,0.));
#2239 = PCURVE('',#204,#2240);
#2240 = DEFINITIONAL_REPRESENTATION('',(#2241),#2245);
#2241 = LINE('',#2242,#2243);
#2242 = CARTESIAN_POINT('',(0.,0.));
#2243 = VECTOR('',#2244,1.);
#2244 = DIRECTION('',(0.,-1.));
#2245 = ( GEOMETRIC_REPRESENTATION_CONTEXT(2) 
PARAMETRIC_REPRESENTATION_CONTEXT() REPRESENTATION_CONTEXT('2D SPACE',''
  ) );
#2246 = PCURVE('',#704,#2247);
#2247 = DEFINITIONAL_REPRESENTATION('',(#2248),#2252);
#2248 = LINE('',#2249,#2250);
#2249 = CARTESIAN_POINT('',(1.546446609407,0.));
#2250 = VECTOR('',#2251,1.);
#2251 = DIRECTION('',(0.,-1.));
#2252 = ( GEOMETRIC_REPRESENTATION_CONTEXT(2) 
PARAMETRIC_REPRESENTATION_CONTEXT() REPRESENTATION_CONTEXT('2D SPACE',''
  ) );
#2253 = ORIENTED_EDGE('',*,*,#2254,.F.);
#2254 = EDGE_CURVE('',#2255,#2232,#2257,.T.);
#2255 = VERTEX_POINT('',#2256);
#2256 = CARTESIAN_POINT('',(1.1845,16.65,0.655946609407));
#2257 = SURFACE_CURVE('',#2258,(#2263,#2270),.PCURVE_S1.);
#2258 = ELLIPSE('',#2259,1.675135964631,1.1845);
#2259 = AXIS2_PLACEMENT_3D('',#2260,#2261,#2262);
#2260 = CARTESIAN_POINT('',(0.,16.65,-0.528553390593));
#2261 = DIRECTION('',(-0.707106781187,0.,0.707106781187));
#2262 = DIRECTION('',(-0.707106781187,0.,-0.707106781187));
#2263 = PCURVE('',#204,#2264);
#2264 = DEFINITIONAL_REPRESENTATION('',(#2265),#2269);
#2265 = ELLIPSE('',#2266,1.675135964631,1.1845);
#2266 = AXIS2_PLACEMENT_2D('',#2267,#2268);
#2267 = CARTESIAN_POINT('',(-1.166726188958,-22.05));
#2268 = DIRECTION('',(-1.,0.));
#2269 = ( GEOMETRIC_REPRESENTATION_CONTEXT(2) 
PARAMETRIC_REPRESENTATION_CONTEXT() REPRESENTATION_CONTEXT('2D SPACE',''
  ) );
#2270 = PCURVE('',#732,#2271);
#2271 = DEFINITIONAL_REPRESENTATION('',(#2272),#2280);
#2272 = B_SPLINE_CURVE_WITH_KNOTS('',6,(#2273,#2274,#2275,#2276,#2277,
    #2278,#2279),.UNSPECIFIED.,.F.,.F.,(7,7),(3.14159265359,
    3.941885768035),.PIECEWISE_BEZIER_KNOTS.);
#2273 = CARTESIAN_POINT('',(6.28318530718,-1.655946609407));
#2274 = CARTESIAN_POINT('',(6.149803121439,-1.655946609407));
#2275 = CARTESIAN_POINT('',(6.016420935698,-1.630658917278));
#2276 = CARTESIAN_POINT('',(5.883038749957,-1.580082483071));
#2277 = CARTESIAN_POINT('',(5.749656564216,-1.505570138089));
#2278 = CARTESIAN_POINT('',(5.616274378475,-1.409814792743));
#2279 = CARTESIAN_POINT('',(5.482892192734,-1.296446601254));
#2280 = ( GEOMETRIC_REPRESENTATION_CONTEXT(2) 
PARAMETRIC_REPRESENTATION_CONTEXT() REPRESENTATION_CONTEXT('2D SPACE',''
  ) );
#2281 = ORIENTED_EDGE('',*,*,#2282,.F.);
#2282 = EDGE_CURVE('',#2283,#2255,#2285,.T.);
#2283 = VERTEX_POINT('',#2284);
#2284 = CARTESIAN_POINT('',(0.825,15.800049854403,0.296446609407));
#2285 = SURFACE_CURVE('',#2286,(#2291,#2298),.PCURVE_S1.);
#2286 = ELLIPSE('',#2287,1.675135964631,1.1845);
#2287 = AXIS2_PLACEMENT_3D('',#2288,#2289,#2290);
#2288 = CARTESIAN_POINT('',(0.,16.65,-0.528553390593));
#2289 = DIRECTION('',(-0.707106781187,0.,0.707106781187));
#2290 = DIRECTION('',(-0.707106781187,0.,-0.707106781187));
#2291 = PCURVE('',#204,#2292);
#2292 = DEFINITIONAL_REPRESENTATION('',(#2293),#2297);
#2293 = ELLIPSE('',#2294,1.675135964631,1.1845);
#2294 = AXIS2_PLACEMENT_2D('',#2295,#2296);
#2295 = CARTESIAN_POINT('',(-1.166726188958,-22.05));
#2296 = DIRECTION('',(-1.,0.));
#2297 = ( GEOMETRIC_REPRESENTATION_CONTEXT(2) 
PARAMETRIC_REPRESENTATION_CONTEXT() REPRESENTATION_CONTEXT('2D SPACE',''
  ) );
#2298 = PCURVE('',#732,#2299);
#2299 = DEFINITIONAL_REPRESENTATION('',(#2300),#2308);
#2300 = B_SPLINE_CURVE_WITH_KNOTS('',6,(#2301,#2302,#2303,#2304,#2305,
    #2306,#2307),.UNSPECIFIED.,.F.,.F.,(7,7),(2.341299539144,
    3.14159265359),.PIECEWISE_BEZIER_KNOTS.);
#2301 = CARTESIAN_POINT('',(7.083478421625,-1.296446601254));
#2302 = CARTESIAN_POINT('',(6.950096235884,-1.409814792743));
#2303 = CARTESIAN_POINT('',(6.816714050143,-1.505570138089));
#2304 = CARTESIAN_POINT('',(6.683331864402,-1.580082483071));
#2305 = CARTESIAN_POINT('',(6.549949678661,-1.630658917278));
#2306 = CARTESIAN_POINT('',(6.416567492921,-1.655946609407));
#2307 = CARTESIAN_POINT('',(6.28318530718,-1.655946609407));
#2308 = ( GEOMETRIC_REPRESENTATION_CONTEXT(2) 
PARAMETRIC_REPRESENTATION_CONTEXT() REPRESENTATION_CONTEXT('2D SPACE',''
  ) );
#2309 = ORIENTED_EDGE('',*,*,#2310,.T.);
#2310 = EDGE_CURVE('',#2283,#2311,#2313,.T.);
#2311 = VERTEX_POINT('',#2312);
#2312 = CARTESIAN_POINT('',(0.825,0.849950145597,0.296446609407));
#2313 = SURFACE_CURVE('',#2314,(#2318,#2325),.PCURVE_S1.);
#2314 = LINE('',#2315,#2316);
#2315 = CARTESIAN_POINT('',(0.825,38.7,0.296446609407));
#2316 = VECTOR('',#2317,1.);
#2317 = DIRECTION('',(0.,-1.,0.));
#2318 = PCURVE('',#204,#2319);
#2319 = DEFINITIONAL_REPRESENTATION('',(#2320),#2324);
#2320 = LINE('',#2321,#2322);
#2321 = CARTESIAN_POINT('',(0.,0.));
#2322 = VECTOR('',#2323,1.);
#2323 = DIRECTION('',(0.,-1.));
#2324 = ( GEOMETRIC_REPRESENTATION_CONTEXT(2) 
PARAMETRIC_REPRESENTATION_CONTEXT() REPRESENTATION_CONTEXT('2D SPACE',''
  ) );
#2325 = PCURVE('',#759,#2326);
#2326 = DEFINITIONAL_REPRESENTATION('',(#2327),#2331);
#2327 = LINE('',#2328,#2329);
#2328 = CARTESIAN_POINT('',(1.546446609407,0.));
#2329 = VECTOR('',#2330,1.);
#2330 = DIRECTION('',(0.,-1.));
#2331 = ( GEOMETRIC_REPRESENTATION_CONTEXT(2) 
PARAMETRIC_REPRESENTATION_CONTEXT() REPRESENTATION_CONTEXT('2D SPACE',''
  ) );
#2332 = ORIENTED_EDGE('',*,*,#2333,.F.);
#2333 = EDGE_CURVE('',#2334,#2311,#2336,.T.);
#2334 = VERTEX_POINT('',#2335);
#2335 = CARTESIAN_POINT('',(0.825,-0.849950145597,0.296446609407));
#2336 = SURFACE_CURVE('',#2337,(#2342,#2349),.PCURVE_S1.);
#2337 = ELLIPSE('',#2338,1.675135964631,1.1845);
#2338 = AXIS2_PLACEMENT_3D('',#2339,#2340,#2341);
#2339 = CARTESIAN_POINT('',(0.,0.,-0.528553390593));
#2340 = DIRECTION('',(-0.707106781187,0.,0.707106781187));
#2341 = DIRECTION('',(-0.707106781187,0.,-0.707106781187));
#2342 = PCURVE('',#204,#2343);
#2343 = DEFINITIONAL_REPRESENTATION('',(#2344),#2348);
#2344 = ELLIPSE('',#2345,1.675135964631,1.1845);
#2345 = AXIS2_PLACEMENT_2D('',#2346,#2347);
#2346 = CARTESIAN_POINT('',(-1.166726188958,-38.7));
#2347 = DIRECTION('',(-1.,0.));
#2348 = ( GEOMETRIC_REPRESENTATION_CONTEXT(2) 
PARAMETRIC_REPRESENTATION_CONTEXT() REPRESENTATION_CONTEXT('2D SPACE',''
  ) );
#2349 = PCURVE('',#791,#2350);
#2350 = DEFINITIONAL_REPRESENTATION('',(#2351),#2361);
#2351 = B_SPLINE_CURVE_WITH_KNOTS('',8,(#2352,#2353,#2354,#2355,#2356,
    #2357,#2358,#2359,#2360),.UNSPECIFIED.,.F.,.F.,(9,9),(2.275689837872
    ,4.007495469307),.PIECEWISE_BEZIER_KNOTS.);
#2352 = CARTESIAN_POINT('',(4.007495469307,-1.238946609407));
#2353 = CARTESIAN_POINT('',(3.791019765378,-1.434253288123));
#2354 = CARTESIAN_POINT('',(3.574544061447,-1.588455544862));
#2355 = CARTESIAN_POINT('',(3.358068357516,-1.687606732831));
#2356 = CARTESIAN_POINT('',(3.14159265359,-1.721870306627));
#2357 = CARTESIAN_POINT('',(2.925116949666,-1.687606732831));
#2358 = CARTESIAN_POINT('',(2.708641245727,-1.588455544861));
#2359 = CARTESIAN_POINT('',(2.492165541802,-1.434253288123));
#2360 = CARTESIAN_POINT('',(2.275689837872,-1.238946609407));
#2361 = ( GEOMETRIC_REPRESENTATION_CONTEXT(2) 
PARAMETRIC_REPRESENTATION_CONTEXT() REPRESENTATION_CONTEXT('2D SPACE',''
  ) );
#2362 = ORIENTED_EDGE('',*,*,#2363,.T.);
#2363 = EDGE_CURVE('',#2334,#2364,#2366,.T.);
#2364 = VERTEX_POINT('',#2365);
#2365 = CARTESIAN_POINT('',(0.825,-15.8000498544,0.296446609407));
#2366 = SURFACE_CURVE('',#2367,(#2371,#2378),.PCURVE_S1.);
#2367 = LINE('',#2368,#2369);
#2368 = CARTESIAN_POINT('',(0.825,38.7,0.296446609407));
#2369 = VECTOR('',#2370,1.);
#2370 = DIRECTION('',(0.,-1.,0.));
#2371 = PCURVE('',#204,#2372);
#2372 = DEFINITIONAL_REPRESENTATION('',(#2373),#2377);
#2373 = LINE('',#2374,#2375);
#2374 = CARTESIAN_POINT('',(0.,0.));
#2375 = VECTOR('',#2376,1.);
#2376 = DIRECTION('',(0.,-1.));
#2377 = ( GEOMETRIC_REPRESENTATION_CONTEXT(2) 
PARAMETRIC_REPRESENTATION_CONTEXT() REPRESENTATION_CONTEXT('2D SPACE',''
  ) );
#2378 = PCURVE('',#818,#2379);
#2379 = DEFINITIONAL_REPRESENTATION('',(#2380),#2384);
#2380 = LINE('',#2381,#2382);
#2381 = CARTESIAN_POINT('',(1.546446609407,0.));
#2382 = VECTOR('',#2383,1.);
#2383 = DIRECTION('',(0.,-1.));
#2384 = ( GEOMETRIC_REPRESENTATION_CONTEXT(2) 
PARAMETRIC_REPRESENTATION_CONTEXT() REPRESENTATION_CONTEXT('2D SPACE',''
  ) );
#2385 = ORIENTED_EDGE('',*,*,#2386,.F.);
#2386 = EDGE_CURVE('',#2387,#2364,#2389,.T.);
#2387 = VERTEX_POINT('',#2388);
#2388 = CARTESIAN_POINT('',(1.1845,-16.65,0.655946609407));
#2389 = SURFACE_CURVE('',#2390,(#2395,#2402),.PCURVE_S1.);
#2390 = ELLIPSE('',#2391,1.675135964631,1.1845);
#2391 = AXIS2_PLACEMENT_3D('',#2392,#2393,#2394);
#2392 = CARTESIAN_POINT('',(0.,-16.65,-0.528553390593));
#2393 = DIRECTION('',(-0.707106781187,0.,0.707106781187));
#2394 = DIRECTION('',(-0.707106781187,0.,-0.707106781187));
#2395 = PCURVE('',#204,#2396);
#2396 = DEFINITIONAL_REPRESENTATION('',(#2397),#2401);
#2397 = ELLIPSE('',#2398,1.675135964631,1.1845);
#2398 = AXIS2_PLACEMENT_2D('',#2399,#2400);
#2399 = CARTESIAN_POINT('',(-1.166726188958,-55.35));
#2400 = DIRECTION('',(-1.,0.));
#2401 = ( GEOMETRIC_REPRESENTATION_CONTEXT(2) 
PARAMETRIC_REPRESENTATION_CONTEXT() REPRESENTATION_CONTEXT('2D SPACE',''
  ) );
#2402 = PCURVE('',#846,#2403);
#2403 = DEFINITIONAL_REPRESENTATION('',(#2404),#2412);
#2404 = B_SPLINE_CURVE_WITH_KNOTS('',6,(#2405,#2406,#2407,#2408,#2409,
    #2410,#2411),.UNSPECIFIED.,.F.,.F.,(7,7),(3.14159265359,
    3.941885768035),.PIECEWISE_BEZIER_KNOTS.);
#2405 = CARTESIAN_POINT('',(6.28318530718,-1.655946609407));
#2406 = CARTESIAN_POINT('',(6.149803121439,-1.655946609407));
#2407 = CARTESIAN_POINT('',(6.016420935698,-1.630658917278));
#2408 = CARTESIAN_POINT('',(5.883038749957,-1.580082483071));
#2409 = CARTESIAN_POINT('',(5.749656564216,-1.505570138089));
#2410 = CARTESIAN_POINT('',(5.616274378475,-1.409814792743));
#2411 = CARTESIAN_POINT('',(5.482892192734,-1.296446601254));
#2412 = ( GEOMETRIC_REPRESENTATION_CONTEXT(2) 
PARAMETRIC_REPRESENTATION_CONTEXT() REPRESENTATION_CONTEXT('2D SPACE',''
  ) );
#2413 = ORIENTED_EDGE('',*,*,#2414,.F.);
#2414 = EDGE_CURVE('',#2415,#2387,#2417,.T.);
#2415 = VERTEX_POINT('',#2416);
#2416 = CARTESIAN_POINT('',(0.825,-17.49995014559,0.296446609407));
#2417 = SURFACE_CURVE('',#2418,(#2423,#2430),.PCURVE_S1.);
#2418 = ELLIPSE('',#2419,1.675135964631,1.1845);
#2419 = AXIS2_PLACEMENT_3D('',#2420,#2421,#2422);
#2420 = CARTESIAN_POINT('',(0.,-16.65,-0.528553390593));
#2421 = DIRECTION('',(-0.707106781187,0.,0.707106781187));
#2422 = DIRECTION('',(-0.707106781187,0.,-0.707106781187));
#2423 = PCURVE('',#204,#2424);
#2424 = DEFINITIONAL_REPRESENTATION('',(#2425),#2429);
#2425 = ELLIPSE('',#2426,1.675135964631,1.1845);
#2426 = AXIS2_PLACEMENT_2D('',#2427,#2428);
#2427 = CARTESIAN_POINT('',(-1.166726188958,-55.35));
#2428 = DIRECTION('',(-1.,0.));
#2429 = ( GEOMETRIC_REPRESENTATION_CONTEXT(2) 
PARAMETRIC_REPRESENTATION_CONTEXT() REPRESENTATION_CONTEXT('2D SPACE',''
  ) );
#2430 = PCURVE('',#846,#2431);
#2431 = DEFINITIONAL_REPRESENTATION('',(#2432),#2440);
#2432 = B_SPLINE_CURVE_WITH_KNOTS('',6,(#2433,#2434,#2435,#2436,#2437,
    #2438,#2439),.UNSPECIFIED.,.F.,.F.,(7,7),(2.341299539144,
    3.14159265359),.PIECEWISE_BEZIER_KNOTS.);
#2433 = CARTESIAN_POINT('',(7.083478421625,-1.296446601254));
#2434 = CARTESIAN_POINT('',(6.950096235884,-1.409814792743));
#2435 = CARTESIAN_POINT('',(6.816714050143,-1.505570138089));
#2436 = CARTESIAN_POINT('',(6.683331864402,-1.580082483071));
#2437 = CARTESIAN_POINT('',(6.549949678661,-1.630658917278));
#2438 = CARTESIAN_POINT('',(6.416567492921,-1.655946609407));
#2439 = CARTESIAN_POINT('',(6.28318530718,-1.655946609407));
#2440 = ( GEOMETRIC_REPRESENTATION_CONTEXT(2) 
PARAMETRIC_REPRESENTATION_CONTEXT() REPRESENTATION_CONTEXT('2D SPACE',''
  ) );
#2441 = ORIENTED_EDGE('',*,*,#2442,.T.);
#2442 = EDGE_CURVE('',#2415,#164,#2443,.T.);
#2443 = SURFACE_CURVE('',#2444,(#2448,#2455),.PCURVE_S1.);
#2444 = LINE('',#2445,#2446);
#2445 = CARTESIAN_POINT('',(0.825,38.7,0.296446609407));
#2446 = VECTOR('',#2447,1.);
#2447 = DIRECTION('',(0.,-1.,0.));
#2448 = PCURVE('',#204,#2449);
#2449 = DEFINITIONAL_REPRESENTATION('',(#2450),#2454);
#2450 = LINE('',#2451,#2452);
#2451 = CARTESIAN_POINT('',(0.,0.));
#2452 = VECTOR('',#2453,1.);
#2453 = DIRECTION('',(0.,-1.));
#2454 = ( GEOMETRIC_REPRESENTATION_CONTEXT(2) 
PARAMETRIC_REPRESENTATION_CONTEXT() REPRESENTATION_CONTEXT('2D SPACE',''
  ) );
#2455 = PCURVE('',#178,#2456);
#2456 = DEFINITIONAL_REPRESENTATION('',(#2457),#2461);
#2457 = LINE('',#2458,#2459);
#2458 = CARTESIAN_POINT('',(1.546446609407,0.));
#2459 = VECTOR('',#2460,1.);
#2460 = DIRECTION('',(0.,-1.));
#2461 = ( GEOMETRIC_REPRESENTATION_CONTEXT(2) 
PARAMETRIC_REPRESENTATION_CONTEXT() REPRESENTATION_CONTEXT('2D SPACE',''
  ) );
#2462 = ORIENTED_EDGE('',*,*,#189,.T.);
#2463 = ORIENTED_EDGE('',*,*,#2182,.F.);
#2464 = ADVANCED_FACE('',(#2465),#178,.T.);
#2465 = FACE_BOUND('',#2466,.T.);
#2466 = EDGE_LOOP('',(#2467,#2468,#2487,#2488));
#2467 = ORIENTED_EDGE('',*,*,#2442,.F.);
#2468 = ORIENTED_EDGE('',*,*,#2469,.T.);
#2469 = EDGE_CURVE('',#2415,#830,#2470,.T.);
#2470 = SURFACE_CURVE('',#2471,(#2475,#2481),.PCURVE_S1.);
#2471 = LINE('',#2472,#2473);
#2472 = CARTESIAN_POINT('',(0.825,-17.49995014559,-1.));
#2473 = VECTOR('',#2474,1.);
#2474 = DIRECTION('',(0.,0.,-1.));
#2475 = PCURVE('',#178,#2476);
#2476 = DEFINITIONAL_REPRESENTATION('',(#2477),#2480);
#2477 = B_SPLINE_CURVE_WITH_KNOTS('',1,(#2478,#2479),.UNSPECIFIED.,.F.,
  .F.,(2,2),(-1.326091270347,-0.970355339059),.PIECEWISE_BEZIER_KNOTS.);
#2478 = CARTESIAN_POINT('',(1.576091270347,-56.19995014559));
#2479 = CARTESIAN_POINT('',(1.220355339059,-56.19995014559));
#2480 = ( GEOMETRIC_REPRESENTATION_CONTEXT(2) 
PARAMETRIC_REPRESENTATION_CONTEXT() REPRESENTATION_CONTEXT('2D SPACE',''
  ) );
#2481 = PCURVE('',#846,#2482);
#2482 = DEFINITIONAL_REPRESENTATION('',(#2483),#2486);
#2483 = B_SPLINE_CURVE_WITH_KNOTS('',1,(#2484,#2485),.UNSPECIFIED.,.F.,
  .F.,(2,2),(-1.296446609407,-1.),.PIECEWISE_BEZIER_KNOTS.);
#2484 = CARTESIAN_POINT('',(7.083478421625,-1.296446609407));
#2485 = CARTESIAN_POINT('',(7.083478421625,-1.));
#2486 = ( GEOMETRIC_REPRESENTATION_CONTEXT(2) 
PARAMETRIC_REPRESENTATION_CONTEXT() REPRESENTATION_CONTEXT('2D SPACE',''
  ) );
#2487 = ORIENTED_EDGE('',*,*,#858,.T.);
#2488 = ORIENTED_EDGE('',*,*,#163,.T.);
#2489 = ADVANCED_FACE('',(#2490),#128,.T.);
#2490 = FACE_BOUND('',#2491,.F.);
#2491 = EDGE_LOOP('',(#2492,#2493,#2517,#2538));
#2492 = ORIENTED_EDGE('',*,*,#112,.T.);
#2493 = ORIENTED_EDGE('',*,*,#2494,.T.);
#2494 = EDGE_CURVE('',#85,#2495,#2497,.T.);
#2495 = VERTEX_POINT('',#2496);
#2496 = CARTESIAN_POINT('',(26.7,-27.3,14.461553390593));
#2497 = SURFACE_CURVE('',#2498,(#2503,#2510),.PCURVE_S1.);
#2498 = CIRCLE('',#2499,19.4);
#2499 = AXIS2_PLACEMENT_3D('',#2500,#2501,#2502);
#2500 = CARTESIAN_POINT('',(7.3,-27.3,14.461553390593));
#2501 = DIRECTION('',(0.,-0.,1.));
#2502 = DIRECTION('',(1.,0.,0.));
#2503 = PCURVE('',#128,#2504);
#2504 = DEFINITIONAL_REPRESENTATION('',(#2505),#2509);
#2505 = LINE('',#2506,#2507);
#2506 = CARTESIAN_POINT('',(-0.,-14.46155339059));
#2507 = VECTOR('',#2508,1.);
#2508 = DIRECTION('',(-1.,0.));
#2509 = ( GEOMETRIC_REPRESENTATION_CONTEXT(2) 
PARAMETRIC_REPRESENTATION_CONTEXT() REPRESENTATION_CONTEXT('2D SPACE',''
  ) );
#2510 = PCURVE('',#100,#2511);
#2511 = DEFINITIONAL_REPRESENTATION('',(#2512),#2516);
#2512 = CIRCLE('',#2513,19.4);
#2513 = AXIS2_PLACEMENT_2D('',#2514,#2515);
#2514 = CARTESIAN_POINT('',(7.3,-27.3));
#2515 = DIRECTION('',(1.,0.));
#2516 = ( GEOMETRIC_REPRESENTATION_CONTEXT(2) 
PARAMETRIC_REPRESENTATION_CONTEXT() REPRESENTATION_CONTEXT('2D SPACE',''
  ) );
#2517 = ORIENTED_EDGE('',*,*,#2518,.F.);
#2518 = EDGE_CURVE('',#879,#2495,#2519,.T.);
#2519 = SURFACE_CURVE('',#2520,(#2524,#2531),.PCURVE_S1.);
#2520 = LINE('',#2521,#2522);
#2521 = CARTESIAN_POINT('',(26.7,-27.3,0.));
#2522 = VECTOR('',#2523,1.);
#2523 = DIRECTION('',(0.,0.,1.));
#2524 = PCURVE('',#128,#2525);
#2525 = DEFINITIONAL_REPRESENTATION('',(#2526),#2530);
#2526 = LINE('',#2527,#2528);
#2527 = CARTESIAN_POINT('',(-6.28318530718,0.));
#2528 = VECTOR('',#2529,1.);
#2529 = DIRECTION('',(-0.,-1.));
#2530 = ( GEOMETRIC_REPRESENTATION_CONTEXT(2) 
PARAMETRIC_REPRESENTATION_CONTEXT() REPRESENTATION_CONTEXT('2D SPACE',''
  ) );
#2531 = PCURVE('',#918,#2532);
#2532 = DEFINITIONAL_REPRESENTATION('',(#2533),#2537);
#2533 = LINE('',#2534,#2535);
#2534 = CARTESIAN_POINT('',(0.,0.));
#2535 = VECTOR('',#2536,1.);
#2536 = DIRECTION('',(0.,-1.));
#2537 = ( GEOMETRIC_REPRESENTATION_CONTEXT(2) 
PARAMETRIC_REPRESENTATION_CONTEXT() REPRESENTATION_CONTEXT('2D SPACE',''
  ) );
#2538 = ORIENTED_EDGE('',*,*,#878,.F.);
#2539 = ADVANCED_FACE('',(#2540,#2683),#100,.T.);
#2540 = FACE_BOUND('',#2541,.T.);
#2541 = EDGE_LOOP('',(#2542,#2543,#2544,#2567,#2591,#2614,#2638,#2661));
#2542 = ORIENTED_EDGE('',*,*,#84,.T.);
#2543 = ORIENTED_EDGE('',*,*,#2494,.T.);
#2544 = ORIENTED_EDGE('',*,*,#2545,.T.);
#2545 = EDGE_CURVE('',#2495,#2546,#2548,.T.);
#2546 = VERTEX_POINT('',#2547);
#2547 = CARTESIAN_POINT('',(26.7,27.3,14.461553390593));
#2548 = SURFACE_CURVE('',#2549,(#2553,#2560),.PCURVE_S1.);
#2549 = LINE('',#2550,#2551);
#2550 = CARTESIAN_POINT('',(26.7,-27.3,14.461553390593));
#2551 = VECTOR('',#2552,1.);
#2552 = DIRECTION('',(0.,1.,0.));
#2553 = PCURVE('',#100,#2554);
#2554 = DEFINITIONAL_REPRESENTATION('',(#2555),#2559);
#2555 = LINE('',#2556,#2557);
#2556 = CARTESIAN_POINT('',(26.7,-27.3));
#2557 = VECTOR('',#2558,1.);
#2558 = DIRECTION('',(0.,1.));
#2559 = ( GEOMETRIC_REPRESENTATION_CONTEXT(2) 
PARAMETRIC_REPRESENTATION_CONTEXT() REPRESENTATION_CONTEXT('2D SPACE',''
  ) );
#2560 = PCURVE('',#918,#2561);
#2561 = DEFINITIONAL_REPRESENTATION('',(#2562),#2566);
#2562 = LINE('',#2563,#2564);
#2563 = CARTESIAN_POINT('',(0.,-14.46155339059));
#2564 = VECTOR('',#2565,1.);
#2565 = DIRECTION('',(1.,0.));
#2566 = ( GEOMETRIC_REPRESENTATION_CONTEXT(2) 
PARAMETRIC_REPRESENTATION_CONTEXT() REPRESENTATION_CONTEXT('2D SPACE',''
  ) );
#2567 = ORIENTED_EDGE('',*,*,#2568,.T.);
#2568 = EDGE_CURVE('',#2546,#2569,#2571,.T.);
#2569 = VERTEX_POINT('',#2570);
#2570 = CARTESIAN_POINT('',(7.3,46.7,14.461553390593));
#2571 = SURFACE_CURVE('',#2572,(#2577,#2584),.PCURVE_S1.);
#2572 = CIRCLE('',#2573,19.4);
#2573 = AXIS2_PLACEMENT_3D('',#2574,#2575,#2576);
#2574 = CARTESIAN_POINT('',(7.3,27.3,14.461553390593));
#2575 = DIRECTION('',(0.,-0.,1.));
#2576 = DIRECTION('',(1.,0.,0.));
#2577 = PCURVE('',#100,#2578);
#2578 = DEFINITIONAL_REPRESENTATION('',(#2579),#2583);
#2579 = CIRCLE('',#2580,19.4);
#2580 = AXIS2_PLACEMENT_2D('',#2581,#2582);
#2581 = CARTESIAN_POINT('',(7.3,27.3));
#2582 = DIRECTION('',(1.,0.));
#2583 = ( GEOMETRIC_REPRESENTATION_CONTEXT(2) 
PARAMETRIC_REPRESENTATION_CONTEXT() REPRESENTATION_CONTEXT('2D SPACE',''
  ) );
#2584 = PCURVE('',#1022,#2585);
#2585 = DEFINITIONAL_REPRESENTATION('',(#2586),#2590);
#2586 = LINE('',#2587,#2588);
#2587 = CARTESIAN_POINT('',(-0.,-14.46155339059));
#2588 = VECTOR('',#2589,1.);
#2589 = DIRECTION('',(-1.,0.));
#2590 = ( GEOMETRIC_REPRESENTATION_CONTEXT(2) 
PARAMETRIC_REPRESENTATION_CONTEXT() REPRESENTATION_CONTEXT('2D SPACE',''
  ) );
#2591 = ORIENTED_EDGE('',*,*,#2592,.T.);
#2592 = EDGE_CURVE('',#2569,#2593,#2595,.T.);
#2593 = VERTEX_POINT('',#2594);
#2594 = CARTESIAN_POINT('',(-7.3,46.7,14.461553390593));
#2595 = SURFACE_CURVE('',#2596,(#2600,#2607),.PCURVE_S1.);
#2596 = LINE('',#2597,#2598);
#2597 = CARTESIAN_POINT('',(7.3,46.7,14.461553390593));
#2598 = VECTOR('',#2599,1.);
#2599 = DIRECTION('',(-1.,0.,0.));
#2600 = PCURVE('',#100,#2601);
#2601 = DEFINITIONAL_REPRESENTATION('',(#2602),#2606);
#2602 = LINE('',#2603,#2604);
#2603 = CARTESIAN_POINT('',(7.3,46.7));
#2604 = VECTOR('',#2605,1.);
#2605 = DIRECTION('',(-1.,0.));
#2606 = ( GEOMETRIC_REPRESENTATION_CONTEXT(2) 
PARAMETRIC_REPRESENTATION_CONTEXT() REPRESENTATION_CONTEXT('2D SPACE',''
  ) );
#2607 = PCURVE('',#1050,#2608);
#2608 = DEFINITIONAL_REPRESENTATION('',(#2609),#2613);
#2609 = LINE('',#2610,#2611);
#2610 = CARTESIAN_POINT('',(0.,-14.46155339059));
#2611 = VECTOR('',#2612,1.);
#2612 = DIRECTION('',(1.,0.));
#2613 = ( GEOMETRIC_REPRESENTATION_CONTEXT(2) 
PARAMETRIC_REPRESENTATION_CONTEXT() REPRESENTATION_CONTEXT('2D SPACE',''
  ) );
#2614 = ORIENTED_EDGE('',*,*,#2615,.T.);
#2615 = EDGE_CURVE('',#2593,#2616,#2618,.T.);
#2616 = VERTEX_POINT('',#2617);
#2617 = CARTESIAN_POINT('',(-26.7,27.3,14.461553390593));
#2618 = SURFACE_CURVE('',#2619,(#2624,#2631),.PCURVE_S1.);
#2619 = CIRCLE('',#2620,19.4);
#2620 = AXIS2_PLACEMENT_3D('',#2621,#2622,#2623);
#2621 = CARTESIAN_POINT('',(-7.3,27.3,14.461553390593));
#2622 = DIRECTION('',(0.,-0.,1.));
#2623 = DIRECTION('',(1.,0.,0.));
#2624 = PCURVE('',#100,#2625);
#2625 = DEFINITIONAL_REPRESENTATION('',(#2626),#2630);
#2626 = CIRCLE('',#2627,19.4);
#2627 = AXIS2_PLACEMENT_2D('',#2628,#2629);
#2628 = CARTESIAN_POINT('',(-7.3,27.3));
#2629 = DIRECTION('',(1.,0.));
#2630 = ( GEOMETRIC_REPRESENTATION_CONTEXT(2) 
PARAMETRIC_REPRESENTATION_CONTEXT() REPRESENTATION_CONTEXT('2D SPACE',''
  ) );
#2631 = PCURVE('',#1079,#2632);
#2632 = DEFINITIONAL_REPRESENTATION('',(#2633),#2637);
#2633 = LINE('',#2634,#2635);
#2634 = CARTESIAN_POINT('',(-0.,-14.46155339059));
#2635 = VECTOR('',#2636,1.);
#2636 = DIRECTION('',(-1.,0.));
#2637 = ( GEOMETRIC_REPRESENTATION_CONTEXT(2) 
PARAMETRIC_REPRESENTATION_CONTEXT() REPRESENTATION_CONTEXT('2D SPACE',''
  ) );
#2638 = ORIENTED_EDGE('',*,*,#2639,.T.);
#2639 = EDGE_CURVE('',#2616,#2640,#2642,.T.);
#2640 = VERTEX_POINT('',#2641);
#2641 = CARTESIAN_POINT('',(-26.7,-27.3,14.461553390593));
#2642 = SURFACE_CURVE('',#2643,(#2647,#2654),.PCURVE_S1.);
#2643 = LINE('',#2644,#2645);
#2644 = CARTESIAN_POINT('',(-26.7,27.3,14.461553390593));
#2645 = VECTOR('',#2646,1.);
#2646 = DIRECTION('',(0.,-1.,-0.));
#2647 = PCURVE('',#100,#2648);
#2648 = DEFINITIONAL_REPRESENTATION('',(#2649),#2653);
#2649 = LINE('',#2650,#2651);
#2650 = CARTESIAN_POINT('',(-26.7,27.3));
#2651 = VECTOR('',#2652,1.);
#2652 = DIRECTION('',(0.,-1.));
#2653 = ( GEOMETRIC_REPRESENTATION_CONTEXT(2) 
PARAMETRIC_REPRESENTATION_CONTEXT() REPRESENTATION_CONTEXT('2D SPACE',''
  ) );
#2654 = PCURVE('',#442,#2655);
#2655 = DEFINITIONAL_REPRESENTATION('',(#2656),#2660);
#2656 = LINE('',#2657,#2658);
#2657 = CARTESIAN_POINT('',(0.,-14.46155339059));
#2658 = VECTOR('',#2659,1.);
#2659 = DIRECTION('',(1.,0.));
#2660 = ( GEOMETRIC_REPRESENTATION_CONTEXT(2) 
PARAMETRIC_REPRESENTATION_CONTEXT() REPRESENTATION_CONTEXT('2D SPACE',''
  ) );
#2661 = ORIENTED_EDGE('',*,*,#2662,.T.);
#2662 = EDGE_CURVE('',#2640,#57,#2663,.T.);
#2663 = SURFACE_CURVE('',#2664,(#2669,#2676),.PCURVE_S1.);
#2664 = CIRCLE('',#2665,19.4);
#2665 = AXIS2_PLACEMENT_3D('',#2666,#2667,#2668);
#2666 = CARTESIAN_POINT('',(-7.3,-27.3,14.461553390593));
#2667 = DIRECTION('',(0.,-0.,1.));
#2668 = DIRECTION('',(1.,0.,0.));
#2669 = PCURVE('',#100,#2670);
#2670 = DEFINITIONAL_REPRESENTATION('',(#2671),#2675);
#2671 = CIRCLE('',#2672,19.4);
#2672 = AXIS2_PLACEMENT_2D('',#2673,#2674);
#2673 = CARTESIAN_POINT('',(-7.3,-27.3));
#2674 = DIRECTION('',(1.,0.));
#2675 = ( GEOMETRIC_REPRESENTATION_CONTEXT(2) 
PARAMETRIC_REPRESENTATION_CONTEXT() REPRESENTATION_CONTEXT('2D SPACE',''
  ) );
#2676 = PCURVE('',#72,#2677);
#2677 = DEFINITIONAL_REPRESENTATION('',(#2678),#2682);
#2678 = LINE('',#2679,#2680);
#2679 = CARTESIAN_POINT('',(-0.,-14.46155339059));
#2680 = VECTOR('',#2681,1.);
#2681 = DIRECTION('',(-1.,0.));
#2682 = ( GEOMETRIC_REPRESENTATION_CONTEXT(2) 
PARAMETRIC_REPRESENTATION_CONTEXT() REPRESENTATION_CONTEXT('2D SPACE',''
  ) );
#2683 = FACE_BOUND('',#2684,.T.);
#2684 = EDGE_LOOP('',(#2685,#2720,#2746,#2779,#2805,#2838,#2864,#2897));
#2685 = ORIENTED_EDGE('',*,*,#2686,.T.);
#2686 = EDGE_CURVE('',#2687,#2689,#2691,.T.);
#2687 = VERTEX_POINT('',#2688);
#2688 = CARTESIAN_POINT('',(13.3,-27.3,14.461553390593));
#2689 = VERTEX_POINT('',#2690);
#2690 = CARTESIAN_POINT('',(7.3,-33.3,14.461553390593));
#2691 = SURFACE_CURVE('',#2692,(#2697,#2708),.PCURVE_S1.);
#2692 = CIRCLE('',#2693,6.);
#2693 = AXIS2_PLACEMENT_3D('',#2694,#2695,#2696);
#2694 = CARTESIAN_POINT('',(7.3,-27.3,14.461553390593));
#2695 = DIRECTION('',(0.,0.,-1.));
#2696 = DIRECTION('',(1.,0.,0.));
#2697 = PCURVE('',#100,#2698);
#2698 = DEFINITIONAL_REPRESENTATION('',(#2699),#2707);
#2699 = ( BOUNDED_CURVE() B_SPLINE_CURVE(2,(#2700,#2701,#2702,#2703,
#2704,#2705,#2706),.UNSPECIFIED.,.T.,.F.) B_SPLINE_CURVE_WITH_KNOTS((1,2
    ,2,2,2,1),(-2.094395102393,0.,2.094395102393,4.188790204786,
6.28318530718,8.377580409573),.UNSPECIFIED.) CURVE() 
GEOMETRIC_REPRESENTATION_ITEM() RATIONAL_B_SPLINE_CURVE((1.,0.5,1.,0.5,
1.,0.5,1.)) REPRESENTATION_ITEM('') );
#2700 = CARTESIAN_POINT('',(13.3,-27.3));
#2701 = CARTESIAN_POINT('',(13.3,-37.69230484541));
#2702 = CARTESIAN_POINT('',(4.3,-32.4961524227));
#2703 = CARTESIAN_POINT('',(-4.7,-27.3));
#2704 = CARTESIAN_POINT('',(4.3,-22.10384757729));
#2705 = CARTESIAN_POINT('',(13.3,-16.90769515458));
#2706 = CARTESIAN_POINT('',(13.3,-27.3));
#2707 = ( GEOMETRIC_REPRESENTATION_CONTEXT(2) 
PARAMETRIC_REPRESENTATION_CONTEXT() REPRESENTATION_CONTEXT('2D SPACE',''
  ) );
#2708 = PCURVE('',#2709,#2714);
#2709 = CYLINDRICAL_SURFACE('',#2710,6.);
#2710 = AXIS2_PLACEMENT_3D('',#2711,#2712,#2713);
#2711 = CARTESIAN_POINT('',(7.3,-27.3,6.461553390593));
#2712 = DIRECTION('',(-0.,0.,-1.));
#2713 = DIRECTION('',(1.,0.,0.));
#2714 = DEFINITIONAL_REPRESENTATION('',(#2715),#2719);
#2715 = LINE('',#2716,#2717);
#2716 = CARTESIAN_POINT('',(-6.28318530718,-8.));
#2717 = VECTOR('',#2718,1.);
#2718 = DIRECTION('',(1.,-0.));
#2719 = ( GEOMETRIC_REPRESENTATION_CONTEXT(2) 
PARAMETRIC_REPRESENTATION_CONTEXT() REPRESENTATION_CONTEXT('2D SPACE',''
  ) );
#2720 = ORIENTED_EDGE('',*,*,#2721,.T.);
#2721 = EDGE_CURVE('',#2689,#2722,#2724,.T.);
#2722 = VERTEX_POINT('',#2723);
#2723 = CARTESIAN_POINT('',(-7.3,-33.3,14.461553390593));
#2724 = SURFACE_CURVE('',#2725,(#2729,#2735),.PCURVE_S1.);
#2725 = LINE('',#2726,#2727);
#2726 = CARTESIAN_POINT('',(-3.65,-33.3,14.461553390593));
#2727 = VECTOR('',#2728,1.);
#2728 = DIRECTION('',(-1.,0.,0.));
#2729 = PCURVE('',#100,#2730);
#2730 = DEFINITIONAL_REPRESENTATION('',(#2731),#2734);
#2731 = B_SPLINE_CURVE_WITH_KNOTS('',1,(#2732,#2733),.UNSPECIFIED.,.F.,
  .F.,(2,2),(-10.95,3.65),.PIECEWISE_BEZIER_KNOTS.);
#2732 = CARTESIAN_POINT('',(7.3,-33.3));
#2733 = CARTESIAN_POINT('',(-7.3,-33.3));
#2734 = ( GEOMETRIC_REPRESENTATION_CONTEXT(2) 
PARAMETRIC_REPRESENTATION_CONTEXT() REPRESENTATION_CONTEXT('2D SPACE',''
  ) );
#2735 = PCURVE('',#2736,#2741);
#2736 = PLANE('',#2737);
#2737 = AXIS2_PLACEMENT_3D('',#2738,#2739,#2740);
#2738 = CARTESIAN_POINT('',(-7.3,-33.3,6.461553390593));
#2739 = DIRECTION('',(0.,1.,0.));
#2740 = DIRECTION('',(1.,0.,0.));
#2741 = DEFINITIONAL_REPRESENTATION('',(#2742),#2745);
#2742 = B_SPLINE_CURVE_WITH_KNOTS('',1,(#2743,#2744),.UNSPECIFIED.,.F.,
  .F.,(2,2),(-10.95,3.65),.PIECEWISE_BEZIER_KNOTS.);
#2743 = CARTESIAN_POINT('',(14.6,-8.));
#2744 = CARTESIAN_POINT('',(0.,-8.));
#2745 = ( GEOMETRIC_REPRESENTATION_CONTEXT(2) 
PARAMETRIC_REPRESENTATION_CONTEXT() REPRESENTATION_CONTEXT('2D SPACE',''
  ) );
#2746 = ORIENTED_EDGE('',*,*,#2747,.T.);
#2747 = EDGE_CURVE('',#2722,#2748,#2750,.T.);
#2748 = VERTEX_POINT('',#2749);
#2749 = CARTESIAN_POINT('',(-13.3,-27.3,14.461553390593));
#2750 = SURFACE_CURVE('',#2751,(#2756,#2767),.PCURVE_S1.);
#2751 = CIRCLE('',#2752,6.);
#2752 = AXIS2_PLACEMENT_3D('',#2753,#2754,#2755);
#2753 = CARTESIAN_POINT('',(-7.3,-27.3,14.461553390593));
#2754 = DIRECTION('',(0.,0.,-1.));
#2755 = DIRECTION('',(1.,0.,0.));
#2756 = PCURVE('',#100,#2757);
#2757 = DEFINITIONAL_REPRESENTATION('',(#2758),#2766);
#2758 = ( BOUNDED_CURVE() B_SPLINE_CURVE(2,(#2759,#2760,#2761,#2762,
#2763,#2764,#2765),.UNSPECIFIED.,.T.,.F.) B_SPLINE_CURVE_WITH_KNOTS((1,2
    ,2,2,2,1),(-2.094395102393,0.,2.094395102393,4.188790204786,
6.28318530718,8.377580409573),.UNSPECIFIED.) CURVE() 
GEOMETRIC_REPRESENTATION_ITEM() RATIONAL_B_SPLINE_CURVE((1.,0.5,1.,0.5,
1.,0.5,1.)) REPRESENTATION_ITEM('') );
#2759 = CARTESIAN_POINT('',(-1.3,-27.3));
#2760 = CARTESIAN_POINT('',(-1.3,-37.69230484541));
#2761 = CARTESIAN_POINT('',(-10.3,-32.4961524227));
#2762 = CARTESIAN_POINT('',(-19.3,-27.3));
#2763 = CARTESIAN_POINT('',(-10.3,-22.10384757729));
#2764 = CARTESIAN_POINT('',(-1.3,-16.90769515458));
#2765 = CARTESIAN_POINT('',(-1.3,-27.3));
#2766 = ( GEOMETRIC_REPRESENTATION_CONTEXT(2) 
PARAMETRIC_REPRESENTATION_CONTEXT() REPRESENTATION_CONTEXT('2D SPACE',''
  ) );
#2767 = PCURVE('',#2768,#2773);
#2768 = CYLINDRICAL_SURFACE('',#2769,6.);
#2769 = AXIS2_PLACEMENT_3D('',#2770,#2771,#2772);
#2770 = CARTESIAN_POINT('',(-7.3,-27.3,6.461553390593));
#2771 = DIRECTION('',(-0.,0.,-1.));
#2772 = DIRECTION('',(1.,0.,0.));
#2773 = DEFINITIONAL_REPRESENTATION('',(#2774),#2778);
#2774 = LINE('',#2775,#2776);
#2775 = CARTESIAN_POINT('',(-6.28318530718,-8.));
#2776 = VECTOR('',#2777,1.);
#2777 = DIRECTION('',(1.,-0.));
#2778 = ( GEOMETRIC_REPRESENTATION_CONTEXT(2) 
PARAMETRIC_REPRESENTATION_CONTEXT() REPRESENTATION_CONTEXT('2D SPACE',''
  ) );
#2779 = ORIENTED_EDGE('',*,*,#2780,.T.);
#2780 = EDGE_CURVE('',#2748,#2781,#2783,.T.);
#2781 = VERTEX_POINT('',#2782);
#2782 = CARTESIAN_POINT('',(-13.3,27.3,14.461553390593));
#2783 = SURFACE_CURVE('',#2784,(#2788,#2794),.PCURVE_S1.);
#2784 = LINE('',#2785,#2786);
#2785 = CARTESIAN_POINT('',(-13.3,13.65,14.461553390593));
#2786 = VECTOR('',#2787,1.);
#2787 = DIRECTION('',(-0.,1.,0.));
#2788 = PCURVE('',#100,#2789);
#2789 = DEFINITIONAL_REPRESENTATION('',(#2790),#2793);
#2790 = B_SPLINE_CURVE_WITH_KNOTS('',1,(#2791,#2792),.UNSPECIFIED.,.F.,
  .F.,(2,2),(-40.95,13.65),.PIECEWISE_BEZIER_KNOTS.);
#2791 = CARTESIAN_POINT('',(-13.3,-27.3));
#2792 = CARTESIAN_POINT('',(-13.3,27.3));
#2793 = ( GEOMETRIC_REPRESENTATION_CONTEXT(2) 
PARAMETRIC_REPRESENTATION_CONTEXT() REPRESENTATION_CONTEXT('2D SPACE',''
  ) );
#2794 = PCURVE('',#2795,#2800);
#2795 = PLANE('',#2796);
#2796 = AXIS2_PLACEMENT_3D('',#2797,#2798,#2799);
#2797 = CARTESIAN_POINT('',(-13.3,27.3,6.461553390593));
#2798 = DIRECTION('',(1.,0.,-0.));
#2799 = DIRECTION('',(0.,-1.,0.));
#2800 = DEFINITIONAL_REPRESENTATION('',(#2801),#2804);
#2801 = B_SPLINE_CURVE_WITH_KNOTS('',1,(#2802,#2803),.UNSPECIFIED.,.F.,
  .F.,(2,2),(-40.95,13.65),.PIECEWISE_BEZIER_KNOTS.);
#2802 = CARTESIAN_POINT('',(54.6,-8.));
#2803 = CARTESIAN_POINT('',(0.,-8.));
#2804 = ( GEOMETRIC_REPRESENTATION_CONTEXT(2) 
PARAMETRIC_REPRESENTATION_CONTEXT() REPRESENTATION_CONTEXT('2D SPACE',''
  ) );
#2805 = ORIENTED_EDGE('',*,*,#2806,.T.);
#2806 = EDGE_CURVE('',#2781,#2807,#2809,.T.);
#2807 = VERTEX_POINT('',#2808);
#2808 = CARTESIAN_POINT('',(-7.3,33.3,14.461553390593));
#2809 = SURFACE_CURVE('',#2810,(#2815,#2826),.PCURVE_S1.);
#2810 = CIRCLE('',#2811,6.);
#2811 = AXIS2_PLACEMENT_3D('',#2812,#2813,#2814);
#2812 = CARTESIAN_POINT('',(-7.3,27.3,14.461553390593));
#2813 = DIRECTION('',(0.,0.,-1.));
#2814 = DIRECTION('',(1.,0.,0.));
#2815 = PCURVE('',#100,#2816);
#2816 = DEFINITIONAL_REPRESENTATION('',(#2817),#2825);
#2817 = ( BOUNDED_CURVE() B_SPLINE_CURVE(2,(#2818,#2819,#2820,#2821,
#2822,#2823,#2824),.UNSPECIFIED.,.T.,.F.) B_SPLINE_CURVE_WITH_KNOTS((1,2
    ,2,2,2,1),(-2.094395102393,0.,2.094395102393,4.188790204786,
6.28318530718,8.377580409573),.UNSPECIFIED.) CURVE() 
GEOMETRIC_REPRESENTATION_ITEM() RATIONAL_B_SPLINE_CURVE((1.,0.5,1.,0.5,
1.,0.5,1.)) REPRESENTATION_ITEM('') );
#2818 = CARTESIAN_POINT('',(-1.3,27.3));
#2819 = CARTESIAN_POINT('',(-1.3,16.907695154587));
#2820 = CARTESIAN_POINT('',(-10.3,22.103847577293));
#2821 = CARTESIAN_POINT('',(-19.3,27.3));
#2822 = CARTESIAN_POINT('',(-10.3,32.496152422707));
#2823 = CARTESIAN_POINT('',(-1.3,37.692304845413));
#2824 = CARTESIAN_POINT('',(-1.3,27.3));
#2825 = ( GEOMETRIC_REPRESENTATION_CONTEXT(2) 
PARAMETRIC_REPRESENTATION_CONTEXT() REPRESENTATION_CONTEXT('2D SPACE',''
  ) );
#2826 = PCURVE('',#2827,#2832);
#2827 = CYLINDRICAL_SURFACE('',#2828,6.);
#2828 = AXIS2_PLACEMENT_3D('',#2829,#2830,#2831);
#2829 = CARTESIAN_POINT('',(-7.3,27.3,6.461553390593));
#2830 = DIRECTION('',(-0.,0.,-1.));
#2831 = DIRECTION('',(1.,0.,0.));
#2832 = DEFINITIONAL_REPRESENTATION('',(#2833),#2837);
#2833 = LINE('',#2834,#2835);
#2834 = CARTESIAN_POINT('',(-6.28318530718,-8.));
#2835 = VECTOR('',#2836,1.);
#2836 = DIRECTION('',(1.,-0.));
#2837 = ( GEOMETRIC_REPRESENTATION_CONTEXT(2) 
PARAMETRIC_REPRESENTATION_CONTEXT() REPRESENTATION_CONTEXT('2D SPACE',''
  ) );
#2838 = ORIENTED_EDGE('',*,*,#2839,.T.);
#2839 = EDGE_CURVE('',#2807,#2840,#2842,.T.);
#2840 = VERTEX_POINT('',#2841);
#2841 = CARTESIAN_POINT('',(7.3,33.3,14.461553390593));
#2842 = SURFACE_CURVE('',#2843,(#2847,#2853),.PCURVE_S1.);
#2843 = LINE('',#2844,#2845);
#2844 = CARTESIAN_POINT('',(3.65,33.3,14.461553390593));
#2845 = VECTOR('',#2846,1.);
#2846 = DIRECTION('',(1.,0.,-0.));
#2847 = PCURVE('',#100,#2848);
#2848 = DEFINITIONAL_REPRESENTATION('',(#2849),#2852);
#2849 = B_SPLINE_CURVE_WITH_KNOTS('',1,(#2850,#2851),.UNSPECIFIED.,.F.,
  .F.,(2,2),(-10.95,3.65),.PIECEWISE_BEZIER_KNOTS.);
#2850 = CARTESIAN_POINT('',(-7.3,33.3));
#2851 = CARTESIAN_POINT('',(7.3,33.3));
#2852 = ( GEOMETRIC_REPRESENTATION_CONTEXT(2) 
PARAMETRIC_REPRESENTATION_CONTEXT() REPRESENTATION_CONTEXT('2D SPACE',''
  ) );
#2853 = PCURVE('',#2854,#2859);
#2854 = PLANE('',#2855);
#2855 = AXIS2_PLACEMENT_3D('',#2856,#2857,#2858);
#2856 = CARTESIAN_POINT('',(7.3,33.3,6.461553390593));
#2857 = DIRECTION('',(0.,-1.,0.));
#2858 = DIRECTION('',(-1.,0.,0.));
#2859 = DEFINITIONAL_REPRESENTATION('',(#2860),#2863);
#2860 = B_SPLINE_CURVE_WITH_KNOTS('',1,(#2861,#2862),.UNSPECIFIED.,.F.,
  .F.,(2,2),(-10.95,3.65),.PIECEWISE_BEZIER_KNOTS.);
#2861 = CARTESIAN_POINT('',(14.6,-8.));
#2862 = CARTESIAN_POINT('',(0.,-8.));
#2863 = ( GEOMETRIC_REPRESENTATION_CONTEXT(2) 
PARAMETRIC_REPRESENTATION_CONTEXT() REPRESENTATION_CONTEXT('2D SPACE',''
  ) );
#2864 = ORIENTED_EDGE('',*,*,#2865,.T.);
#2865 = EDGE_CURVE('',#2840,#2866,#2868,.T.);
#2866 = VERTEX_POINT('',#2867);
#2867 = CARTESIAN_POINT('',(13.3,27.3,14.461553390593));
#2868 = SURFACE_CURVE('',#2869,(#2874,#2885),.PCURVE_S1.);
#2869 = CIRCLE('',#2870,6.);
#2870 = AXIS2_PLACEMENT_3D('',#2871,#2872,#2873);
#2871 = CARTESIAN_POINT('',(7.3,27.3,14.461553390593));
#2872 = DIRECTION('',(0.,0.,-1.));
#2873 = DIRECTION('',(1.,0.,0.));
#2874 = PCURVE('',#100,#2875);
#2875 = DEFINITIONAL_REPRESENTATION('',(#2876),#2884);
#2876 = ( BOUNDED_CURVE() B_SPLINE_CURVE(2,(#2877,#2878,#2879,#2880,
#2881,#2882,#2883),.UNSPECIFIED.,.T.,.F.) B_SPLINE_CURVE_WITH_KNOTS((1,2
    ,2,2,2,1),(-2.094395102393,0.,2.094395102393,4.188790204786,
6.28318530718,8.377580409573),.UNSPECIFIED.) CURVE() 
GEOMETRIC_REPRESENTATION_ITEM() RATIONAL_B_SPLINE_CURVE((1.,0.5,1.,0.5,
1.,0.5,1.)) REPRESENTATION_ITEM('') );
#2877 = CARTESIAN_POINT('',(13.3,27.3));
#2878 = CARTESIAN_POINT('',(13.3,16.907695154587));
#2879 = CARTESIAN_POINT('',(4.3,22.103847577293));
#2880 = CARTESIAN_POINT('',(-4.7,27.3));
#2881 = CARTESIAN_POINT('',(4.3,32.496152422707));
#2882 = CARTESIAN_POINT('',(13.3,37.692304845413));
#2883 = CARTESIAN_POINT('',(13.3,27.3));
#2884 = ( GEOMETRIC_REPRESENTATION_CONTEXT(2) 
PARAMETRIC_REPRESENTATION_CONTEXT() REPRESENTATION_CONTEXT('2D SPACE',''
  ) );
#2885 = PCURVE('',#2886,#2891);
#2886 = CYLINDRICAL_SURFACE('',#2887,6.);
#2887 = AXIS2_PLACEMENT_3D('',#2888,#2889,#2890);
#2888 = CARTESIAN_POINT('',(7.3,27.3,6.461553390593));
#2889 = DIRECTION('',(-0.,0.,-1.));
#2890 = DIRECTION('',(1.,0.,0.));
#2891 = DEFINITIONAL_REPRESENTATION('',(#2892),#2896);
#2892 = LINE('',#2893,#2894);
#2893 = CARTESIAN_POINT('',(-6.28318530718,-8.));
#2894 = VECTOR('',#2895,1.);
#2895 = DIRECTION('',(1.,-0.));
#2896 = ( GEOMETRIC_REPRESENTATION_CONTEXT(2) 
PARAMETRIC_REPRESENTATION_CONTEXT() REPRESENTATION_CONTEXT('2D SPACE',''
  ) );
#2897 = ORIENTED_EDGE('',*,*,#2898,.T.);
#2898 = EDGE_CURVE('',#2866,#2687,#2899,.T.);
#2899 = SURFACE_CURVE('',#2900,(#2904,#2910),.PCURVE_S1.);
#2900 = LINE('',#2901,#2902);
#2901 = CARTESIAN_POINT('',(13.3,-13.65,14.461553390593));
#2902 = VECTOR('',#2903,1.);
#2903 = DIRECTION('',(0.,-1.,0.));
#2904 = PCURVE('',#100,#2905);
#2905 = DEFINITIONAL_REPRESENTATION('',(#2906),#2909);
#2906 = B_SPLINE_CURVE_WITH_KNOTS('',1,(#2907,#2908),.UNSPECIFIED.,.F.,
  .F.,(2,2),(-40.95,13.65),.PIECEWISE_BEZIER_KNOTS.);
#2907 = CARTESIAN_POINT('',(13.3,27.3));
#2908 = CARTESIAN_POINT('',(13.3,-27.3));
#2909 = ( GEOMETRIC_REPRESENTATION_CONTEXT(2) 
PARAMETRIC_REPRESENTATION_CONTEXT() REPRESENTATION_CONTEXT('2D SPACE',''
  ) );
#2910 = PCURVE('',#2911,#2916);
#2911 = PLANE('',#2912);
#2912 = AXIS2_PLACEMENT_3D('',#2913,#2914,#2915);
#2913 = CARTESIAN_POINT('',(13.3,-27.3,6.461553390593));
#2914 = DIRECTION('',(-1.,0.,0.));
#2915 = DIRECTION('',(0.,1.,0.));
#2916 = DEFINITIONAL_REPRESENTATION('',(#2917),#2920);
#2917 = B_SPLINE_CURVE_WITH_KNOTS('',1,(#2918,#2919),.UNSPECIFIED.,.F.,
  .F.,(2,2),(-40.95,13.65),.PIECEWISE_BEZIER_KNOTS.);
#2918 = CARTESIAN_POINT('',(54.6,-8.));
#2919 = CARTESIAN_POINT('',(0.,-8.));
#2920 = ( GEOMETRIC_REPRESENTATION_CONTEXT(2) 
PARAMETRIC_REPRESENTATION_CONTEXT() REPRESENTATION_CONTEXT('2D SPACE',''
  ) );
#2921 = ADVANCED_FACE('',(#2922),#72,.T.);
#2922 = FACE_BOUND('',#2923,.F.);
#2923 = EDGE_LOOP('',(#2924,#2945,#2946,#2947));
#2924 = ORIENTED_EDGE('',*,*,#2925,.T.);
#2925 = EDGE_CURVE('',#427,#2640,#2926,.T.);
#2926 = SURFACE_CURVE('',#2927,(#2931,#2938),.PCURVE_S1.);
#2927 = LINE('',#2928,#2929);
#2928 = CARTESIAN_POINT('',(-26.7,-27.3,0.));
#2929 = VECTOR('',#2930,1.);
#2930 = DIRECTION('',(0.,0.,1.));
#2931 = PCURVE('',#72,#2932);
#2932 = DEFINITIONAL_REPRESENTATION('',(#2933),#2937);
#2933 = LINE('',#2934,#2935);
#2934 = CARTESIAN_POINT('',(-3.14159265359,0.));
#2935 = VECTOR('',#2936,1.);
#2936 = DIRECTION('',(-0.,-1.));
#2937 = ( GEOMETRIC_REPRESENTATION_CONTEXT(2) 
PARAMETRIC_REPRESENTATION_CONTEXT() REPRESENTATION_CONTEXT('2D SPACE',''
  ) );
#2938 = PCURVE('',#442,#2939);
#2939 = DEFINITIONAL_REPRESENTATION('',(#2940),#2944);
#2940 = LINE('',#2941,#2942);
#2941 = CARTESIAN_POINT('',(54.6,0.));
#2942 = VECTOR('',#2943,1.);
#2943 = DIRECTION('',(0.,-1.));
#2944 = ( GEOMETRIC_REPRESENTATION_CONTEXT(2) 
PARAMETRIC_REPRESENTATION_CONTEXT() REPRESENTATION_CONTEXT('2D SPACE',''
  ) );
#2945 = ORIENTED_EDGE('',*,*,#2662,.T.);
#2946 = ORIENTED_EDGE('',*,*,#56,.F.);
#2947 = ORIENTED_EDGE('',*,*,#454,.F.);
#2948 = ADVANCED_FACE('',(#2949),#415,.F.);
#2949 = FACE_BOUND('',#2950,.F.);
#2950 = EDGE_LOOP('',(#2951,#2971,#2972,#2992));
#2951 = ORIENTED_EDGE('',*,*,#2952,.F.);
#2952 = EDGE_CURVE('',#399,#2953,#2955,.T.);
#2953 = VERTEX_POINT('',#2954);
#2954 = CARTESIAN_POINT('',(-26.7,-1.06066017178E-02,2.));
#2955 = SURFACE_CURVE('',#2956,(#2959,#2965),.PCURVE_S1.);
#2956 = B_SPLINE_CURVE_WITH_KNOTS('',1,(#2957,#2958),.UNSPECIFIED.,.F.,
  .F.,(2,2),(0.,2.01),.PIECEWISE_BEZIER_KNOTS.);
#2957 = CARTESIAN_POINT('',(-26.7,-1.06066017178,-1.E-02));
#2958 = CARTESIAN_POINT('',(-26.7,-1.06066017178E-02,2.));
#2959 = PCURVE('',#415,#2960);
#2960 = DEFINITIONAL_REPRESENTATION('',(#2961),#2964);
#2961 = B_SPLINE_CURVE_WITH_KNOTS('',1,(#2962,#2963),.UNSPECIFIED.,.F.,
  .F.,(2,2),(0.,2.01),.PIECEWISE_BEZIER_KNOTS.);
#2962 = CARTESIAN_POINT('',(-0.75,-1.071378347037));
#2963 = CARTESIAN_POINT('',(-7.499999999997E-03,1.071378347037));
#2964 = ( GEOMETRIC_REPRESENTATION_CONTEXT(2) 
PARAMETRIC_REPRESENTATION_CONTEXT() REPRESENTATION_CONTEXT('2D SPACE',''
  ) );
#2965 = PCURVE('',#442,#2966);
#2966 = DEFINITIONAL_REPRESENTATION('',(#2967),#2970);
#2967 = B_SPLINE_CURVE_WITH_KNOTS('',1,(#2968,#2969),.UNSPECIFIED.,.F.,
  .F.,(2,2),(0.,2.01),.PIECEWISE_BEZIER_KNOTS.);
#2968 = CARTESIAN_POINT('',(28.36066017178,1.E-02));
#2969 = CARTESIAN_POINT('',(27.310606601718,-2.));
#2970 = ( GEOMETRIC_REPRESENTATION_CONTEXT(2) 
PARAMETRIC_REPRESENTATION_CONTEXT() REPRESENTATION_CONTEXT('2D SPACE',''
  ) );
#2971 = ORIENTED_EDGE('',*,*,#398,.T.);
#2972 = ORIENTED_EDGE('',*,*,#2973,.T.);
#2973 = EDGE_CURVE('',#401,#2974,#2976,.T.);
#2974 = VERTEX_POINT('',#2975);
#2975 = CARTESIAN_POINT('',(-26.68939339828,3.552713678801E-15,2.));
#2976 = SURFACE_CURVE('',#2977,(#2980,#2986),.PCURVE_S1.);
#2977 = B_SPLINE_CURVE_WITH_KNOTS('',1,(#2978,#2979),.UNSPECIFIED.,.F.,
  .F.,(2,2),(0.,2.01),.PIECEWISE_BEZIER_KNOTS.);
#2978 = CARTESIAN_POINT('',(-25.63933982822,0.,-1.E-02));
#2979 = CARTESIAN_POINT('',(-26.68939339828,3.552713678801E-15,2.));
#2980 = PCURVE('',#415,#2981);
#2981 = DEFINITIONAL_REPRESENTATION('',(#2982),#2985);
#2982 = B_SPLINE_CURVE_WITH_KNOTS('',1,(#2983,#2984),.UNSPECIFIED.,.F.,
  .F.,(2,2),(0.,2.01),.PIECEWISE_BEZIER_KNOTS.);
#2983 = CARTESIAN_POINT('',(0.75,-1.071378347037));
#2984 = CARTESIAN_POINT('',(7.500000000004E-03,1.071378347037));
#2985 = ( GEOMETRIC_REPRESENTATION_CONTEXT(2) 
PARAMETRIC_REPRESENTATION_CONTEXT() REPRESENTATION_CONTEXT('2D SPACE',''
  ) );
#2986 = PCURVE('',#1127,#2987);
#2987 = DEFINITIONAL_REPRESENTATION('',(#2988),#2991);
#2988 = B_SPLINE_CURVE_WITH_KNOTS('',1,(#2989,#2990),.UNSPECIFIED.,.F.,
  .F.,(2,2),(0.,2.01),.PIECEWISE_BEZIER_KNOTS.);
#2989 = CARTESIAN_POINT('',(-0.75,-1.071378347037));
#2990 = CARTESIAN_POINT('',(-7.499999999997E-03,1.071378347037));
#2991 = ( GEOMETRIC_REPRESENTATION_CONTEXT(2) 
PARAMETRIC_REPRESENTATION_CONTEXT() REPRESENTATION_CONTEXT('2D SPACE',''
  ) );
#2992 = ORIENTED_EDGE('',*,*,#2993,.F.);
#2993 = EDGE_CURVE('',#2953,#2974,#2994,.T.);
#2994 = SURFACE_CURVE('',#2995,(#2998,#3004),.PCURVE_S1.);
#2995 = B_SPLINE_CURVE_WITH_KNOTS('',1,(#2996,#2997),.UNSPECIFIED.,.F.,
  .F.,(2,2),(0.,1.5),.PIECEWISE_BEZIER_KNOTS.);
#2996 = CARTESIAN_POINT('',(-26.7,-1.06066017178E-02,2.));
#2997 = CARTESIAN_POINT('',(-26.68939339828,3.552713678801E-15,2.));
#2998 = PCURVE('',#415,#2999);
#2999 = DEFINITIONAL_REPRESENTATION('',(#3000),#3003);
#3000 = B_SPLINE_CURVE_WITH_KNOTS('',1,(#3001,#3002),.UNSPECIFIED.,.F.,
  .F.,(2,2),(0.,1.5),.PIECEWISE_BEZIER_KNOTS.);
#3001 = CARTESIAN_POINT('',(-7.499999999997E-03,1.071378347037));
#3002 = CARTESIAN_POINT('',(7.500000000004E-03,1.071378347037));
#3003 = ( GEOMETRIC_REPRESENTATION_CONTEXT(2) 
PARAMETRIC_REPRESENTATION_CONTEXT() REPRESENTATION_CONTEXT('2D SPACE',''
  ) );
#3004 = PCURVE('',#3005,#3010);
#3005 = PLANE('',#3006);
#3006 = AXIS2_PLACEMENT_3D('',#3007,#3008,#3009);
#3007 = CARTESIAN_POINT('',(-26.7,0.,2.));
#3008 = DIRECTION('',(0.,0.,1.));
#3009 = DIRECTION('',(0.707106781187,0.707106781187,0.));
#3010 = DEFINITIONAL_REPRESENTATION('',(#3011),#3014);
#3011 = B_SPLINE_CURVE_WITH_KNOTS('',1,(#3012,#3013),.UNSPECIFIED.,.F.,
  .F.,(2,2),(0.,1.5),.PIECEWISE_BEZIER_KNOTS.);
#3012 = CARTESIAN_POINT('',(-7.500000000004E-03,-7.5E-03));
#3013 = CARTESIAN_POINT('',(7.5E-03,-7.499999999997E-03));
#3014 = ( GEOMETRIC_REPRESENTATION_CONTEXT(2) 
PARAMETRIC_REPRESENTATION_CONTEXT() REPRESENTATION_CONTEXT('2D SPACE',''
  ) );
#3015 = ADVANCED_FACE('',(#3016),#442,.F.);
#3016 = FACE_BOUND('',#3017,.F.);
#3017 = EDGE_LOOP('',(#3018,#3019,#3040,#3041,#3042,#3043,#3044,#3065));
#3018 = ORIENTED_EDGE('',*,*,#1091,.F.);
#3019 = ORIENTED_EDGE('',*,*,#3020,.T.);
#3020 = EDGE_CURVE('',#1063,#2616,#3021,.T.);
#3021 = SURFACE_CURVE('',#3022,(#3026,#3033),.PCURVE_S1.);
#3022 = LINE('',#3023,#3024);
#3023 = CARTESIAN_POINT('',(-26.7,27.3,0.));
#3024 = VECTOR('',#3025,1.);
#3025 = DIRECTION('',(0.,0.,1.));
#3026 = PCURVE('',#442,#3027);
#3027 = DEFINITIONAL_REPRESENTATION('',(#3028),#3032);
#3028 = LINE('',#3029,#3030);
#3029 = CARTESIAN_POINT('',(0.,0.));
#3030 = VECTOR('',#3031,1.);
#3031 = DIRECTION('',(0.,-1.));
#3032 = ( GEOMETRIC_REPRESENTATION_CONTEXT(2) 
PARAMETRIC_REPRESENTATION_CONTEXT() REPRESENTATION_CONTEXT('2D SPACE',''
  ) );
#3033 = PCURVE('',#1079,#3034);
#3034 = DEFINITIONAL_REPRESENTATION('',(#3035),#3039);
#3035 = LINE('',#3036,#3037);
#3036 = CARTESIAN_POINT('',(-3.14159265359,0.));
#3037 = VECTOR('',#3038,1.);
#3038 = DIRECTION('',(-0.,-1.));
#3039 = ( GEOMETRIC_REPRESENTATION_CONTEXT(2) 
PARAMETRIC_REPRESENTATION_CONTEXT() REPRESENTATION_CONTEXT('2D SPACE',''
  ) );
#3040 = ORIENTED_EDGE('',*,*,#2639,.T.);
#3041 = ORIENTED_EDGE('',*,*,#2925,.F.);
#3042 = ORIENTED_EDGE('',*,*,#426,.F.);
#3043 = ORIENTED_EDGE('',*,*,#2952,.T.);
#3044 = ORIENTED_EDGE('',*,*,#3045,.F.);
#3045 = EDGE_CURVE('',#3046,#2953,#3048,.T.);
#3046 = VERTEX_POINT('',#3047);
#3047 = CARTESIAN_POINT('',(-26.7,1.06066017178E-02,2.));
#3048 = SURFACE_CURVE('',#3049,(#3053,#3059),.PCURVE_S1.);
#3049 = LINE('',#3050,#3051);
#3050 = CARTESIAN_POINT('',(-26.7,13.65,2.));
#3051 = VECTOR('',#3052,1.);
#3052 = DIRECTION('',(0.,-1.,0.));
#3053 = PCURVE('',#442,#3054);
#3054 = DEFINITIONAL_REPRESENTATION('',(#3055),#3058);
#3055 = B_SPLINE_CURVE_WITH_KNOTS('',1,(#3056,#3057),.UNSPECIFIED.,.F.,
  .F.,(2,2),(13.639393398282,13.660606601718),.PIECEWISE_BEZIER_KNOTS.);
#3056 = CARTESIAN_POINT('',(27.289393398282,-2.));
#3057 = CARTESIAN_POINT('',(27.310606601718,-2.));
#3058 = ( GEOMETRIC_REPRESENTATION_CONTEXT(2) 
PARAMETRIC_REPRESENTATION_CONTEXT() REPRESENTATION_CONTEXT('2D SPACE',''
  ) );
#3059 = PCURVE('',#3005,#3060);
#3060 = DEFINITIONAL_REPRESENTATION('',(#3061),#3064);
#3061 = B_SPLINE_CURVE_WITH_KNOTS('',1,(#3062,#3063),.UNSPECIFIED.,.F.,
  .F.,(2,2),(13.639393398282,13.660606601718),.PIECEWISE_BEZIER_KNOTS.);
#3062 = CARTESIAN_POINT('',(7.500000000002E-03,7.500000000002E-03));
#3063 = CARTESIAN_POINT('',(-7.500000000004E-03,-7.500000000004E-03));
#3064 = ( GEOMETRIC_REPRESENTATION_CONTEXT(2) 
PARAMETRIC_REPRESENTATION_CONTEXT() REPRESENTATION_CONTEXT('2D SPACE',''
  ) );
#3065 = ORIENTED_EDGE('',*,*,#3066,.F.);
#3066 = EDGE_CURVE('',#1092,#3046,#3067,.T.);
#3067 = SURFACE_CURVE('',#3068,(#3071,#3077),.PCURVE_S1.);
#3068 = B_SPLINE_CURVE_WITH_KNOTS('',1,(#3069,#3070),.UNSPECIFIED.,.F.,
  .F.,(2,2),(0.,2.01),.PIECEWISE_BEZIER_KNOTS.);
#3069 = CARTESIAN_POINT('',(-26.7,1.06066017178,-1.E-02));
#3070 = CARTESIAN_POINT('',(-26.7,1.06066017178E-02,2.));
#3071 = PCURVE('',#442,#3072);
#3072 = DEFINITIONAL_REPRESENTATION('',(#3073),#3076);
#3073 = B_SPLINE_CURVE_WITH_KNOTS('',1,(#3074,#3075),.UNSPECIFIED.,.F.,
  .F.,(2,2),(0.,2.01),.PIECEWISE_BEZIER_KNOTS.);
#3074 = CARTESIAN_POINT('',(26.23933982822,1.E-02));
#3075 = CARTESIAN_POINT('',(27.289393398282,-2.));
#3076 = ( GEOMETRIC_REPRESENTATION_CONTEXT(2) 
PARAMETRIC_REPRESENTATION_CONTEXT() REPRESENTATION_CONTEXT('2D SPACE',''
  ) );
#3077 = PCURVE('',#1127,#3078);
#3078 = DEFINITIONAL_REPRESENTATION('',(#3079),#3082);
#3079 = B_SPLINE_CURVE_WITH_KNOTS('',1,(#3080,#3081),.UNSPECIFIED.,.F.,
  .F.,(2,2),(0.,2.01),.PIECEWISE_BEZIER_KNOTS.);
#3080 = CARTESIAN_POINT('',(0.75,-1.071378347037));
#3081 = CARTESIAN_POINT('',(7.5E-03,1.071378347037));
#3082 = ( GEOMETRIC_REPRESENTATION_CONTEXT(2) 
PARAMETRIC_REPRESENTATION_CONTEXT() REPRESENTATION_CONTEXT('2D SPACE',''
  ) );
#3083 = ADVANCED_FACE('',(#3084),#515,.F.);
#3084 = FACE_BOUND('',#3085,.F.);
#3085 = EDGE_LOOP('',(#3086,#3087,#3088,#3089,#3090));
#3086 = ORIENTED_EDGE('',*,*,#498,.T.);
#3087 = ORIENTED_EDGE('',*,*,#1141,.F.);
#3088 = ORIENTED_EDGE('',*,*,#1236,.F.);
#3089 = ORIENTED_EDGE('',*,*,#1264,.F.);
#3090 = ORIENTED_EDGE('',*,*,#3091,.T.);
#3091 = EDGE_CURVE('',#1265,#499,#3092,.T.);
#3092 = SURFACE_CURVE('',#3093,(#3097,#3103),.PCURVE_S1.);
#3093 = LINE('',#3094,#3095);
#3094 = CARTESIAN_POINT('',(-0.825,-15.8000498544,-1.));
#3095 = VECTOR('',#3096,1.);
#3096 = DIRECTION('',(0.,0.,-1.));
#3097 = PCURVE('',#515,#3098);
#3098 = DEFINITIONAL_REPRESENTATION('',(#3099),#3102);
#3099 = B_SPLINE_CURVE_WITH_KNOTS('',1,(#3100,#3101),.UNSPECIFIED.,.F.,
  .F.,(2,2),(-1.296446609407,-1.),.PIECEWISE_BEZIER_KNOTS.);
#3100 = CARTESIAN_POINT('',(7.083478421625,-1.296446609407));
#3101 = CARTESIAN_POINT('',(7.083478421625,-1.));
#3102 = ( GEOMETRIC_REPRESENTATION_CONTEXT(2) 
PARAMETRIC_REPRESENTATION_CONTEXT() REPRESENTATION_CONTEXT('2D SPACE',''
  ) );
#3103 = PCURVE('',#542,#3104);
#3104 = DEFINITIONAL_REPRESENTATION('',(#3105),#3108);
#3105 = B_SPLINE_CURVE_WITH_KNOTS('',1,(#3106,#3107),.UNSPECIFIED.,.F.,
  .F.,(2,2),(-1.326091270347,-0.970355339059),.PIECEWISE_BEZIER_KNOTS.);
#3106 = CARTESIAN_POINT('',(-2.964466094067E-02,-54.5000498544));
#3107 = CARTESIAN_POINT('',(0.326091270347,-54.5000498544));
#3108 = ( GEOMETRIC_REPRESENTATION_CONTEXT(2) 
PARAMETRIC_REPRESENTATION_CONTEXT() REPRESENTATION_CONTEXT('2D SPACE',''
  ) );
#3109 = ADVANCED_FACE('',(#3110),#542,.T.);
#3110 = FACE_BOUND('',#3111,.T.);
#3111 = EDGE_LOOP('',(#3112,#3131,#3132,#3133));
#3112 = ORIENTED_EDGE('',*,*,#3113,.F.);
#3113 = EDGE_CURVE('',#1293,#528,#3114,.T.);
#3114 = SURFACE_CURVE('',#3115,(#3119,#3125),.PCURVE_S1.);
#3115 = LINE('',#3116,#3117);
#3116 = CARTESIAN_POINT('',(-0.825,-0.849950145597,-1.));
#3117 = VECTOR('',#3118,1.);
#3118 = DIRECTION('',(0.,0.,-1.));
#3119 = PCURVE('',#542,#3120);
#3120 = DEFINITIONAL_REPRESENTATION('',(#3121),#3124);
#3121 = B_SPLINE_CURVE_WITH_KNOTS('',1,(#3122,#3123),.UNSPECIFIED.,.F.,
  .F.,(2,2),(-1.326091270347,-0.970355339059),.PIECEWISE_BEZIER_KNOTS.);
#3122 = CARTESIAN_POINT('',(-2.964466094067E-02,-39.54995014559));
#3123 = CARTESIAN_POINT('',(0.326091270347,-39.54995014559));
#3124 = ( GEOMETRIC_REPRESENTATION_CONTEXT(2) 
PARAMETRIC_REPRESENTATION_CONTEXT() REPRESENTATION_CONTEXT('2D SPACE',''
  ) );
#3125 = PCURVE('',#570,#3126);
#3126 = DEFINITIONAL_REPRESENTATION('',(#3127),#3130);
#3127 = B_SPLINE_CURVE_WITH_KNOTS('',1,(#3128,#3129),.UNSPECIFIED.,.F.,
  .F.,(2,2),(-1.296446609407,-1.),.PIECEWISE_BEZIER_KNOTS.);
#3128 = CARTESIAN_POINT('',(5.482892192734,-1.296446609407));
#3129 = CARTESIAN_POINT('',(5.482892192734,-1.));
#3130 = ( GEOMETRIC_REPRESENTATION_CONTEXT(2) 
PARAMETRIC_REPRESENTATION_CONTEXT() REPRESENTATION_CONTEXT('2D SPACE',''
  ) );
#3131 = ORIENTED_EDGE('',*,*,#1292,.T.);
#3132 = ORIENTED_EDGE('',*,*,#3091,.T.);
#3133 = ORIENTED_EDGE('',*,*,#527,.T.);
#3134 = ADVANCED_FACE('',(#3135),#570,.F.);
#3135 = FACE_BOUND('',#3136,.F.);
#3136 = EDGE_LOOP('',(#3137,#3138,#3139,#3140,#3141));
#3137 = ORIENTED_EDGE('',*,*,#553,.T.);
#3138 = ORIENTED_EDGE('',*,*,#3113,.F.);
#3139 = ORIENTED_EDGE('',*,*,#1315,.F.);
#3140 = ORIENTED_EDGE('',*,*,#1343,.F.);
#3141 = ORIENTED_EDGE('',*,*,#3142,.T.);
#3142 = EDGE_CURVE('',#1344,#554,#3143,.T.);
#3143 = SURFACE_CURVE('',#3144,(#3148,#3154),.PCURVE_S1.);
#3144 = LINE('',#3145,#3146);
#3145 = CARTESIAN_POINT('',(-0.825,0.849950145597,-1.));
#3146 = VECTOR('',#3147,1.);
#3147 = DIRECTION('',(0.,0.,-1.));
#3148 = PCURVE('',#570,#3149);
#3149 = DEFINITIONAL_REPRESENTATION('',(#3150),#3153);
#3150 = B_SPLINE_CURVE_WITH_KNOTS('',1,(#3151,#3152),.UNSPECIFIED.,.F.,
  .F.,(2,2),(-1.296446609407,-1.),.PIECEWISE_BEZIER_KNOTS.);
#3151 = CARTESIAN_POINT('',(7.083478421625,-1.296446609407));
#3152 = CARTESIAN_POINT('',(7.083478421625,-1.));
#3153 = ( GEOMETRIC_REPRESENTATION_CONTEXT(2) 
PARAMETRIC_REPRESENTATION_CONTEXT() REPRESENTATION_CONTEXT('2D SPACE',''
  ) );
#3154 = PCURVE('',#597,#3155);
#3155 = DEFINITIONAL_REPRESENTATION('',(#3156),#3159);
#3156 = B_SPLINE_CURVE_WITH_KNOTS('',1,(#3157,#3158),.UNSPECIFIED.,.F.,
  .F.,(2,2),(-1.326091270347,-0.970355339059),.PIECEWISE_BEZIER_KNOTS.);
#3157 = CARTESIAN_POINT('',(-2.964466094067E-02,-37.8500498544));
#3158 = CARTESIAN_POINT('',(0.326091270347,-37.8500498544));
#3159 = ( GEOMETRIC_REPRESENTATION_CONTEXT(2) 
PARAMETRIC_REPRESENTATION_CONTEXT() REPRESENTATION_CONTEXT('2D SPACE',''
  ) );
#3160 = ADVANCED_FACE('',(#3161),#597,.T.);
#3161 = FACE_BOUND('',#3162,.T.);
#3162 = EDGE_LOOP('',(#3163,#3182,#3183,#3184));
#3163 = ORIENTED_EDGE('',*,*,#3164,.F.);
#3164 = EDGE_CURVE('',#1372,#583,#3165,.T.);
#3165 = SURFACE_CURVE('',#3166,(#3170,#3176),.PCURVE_S1.);
#3166 = LINE('',#3167,#3168);
#3167 = CARTESIAN_POINT('',(-0.825,15.800049854403,-1.));
#3168 = VECTOR('',#3169,1.);
#3169 = DIRECTION('',(0.,0.,-1.));
#3170 = PCURVE('',#597,#3171);
#3171 = DEFINITIONAL_REPRESENTATION('',(#3172),#3175);
#3172 = B_SPLINE_CURVE_WITH_KNOTS('',1,(#3173,#3174),.UNSPECIFIED.,.F.,
  .F.,(2,2),(-1.326091270347,-0.970355339059),.PIECEWISE_BEZIER_KNOTS.);
#3173 = CARTESIAN_POINT('',(-2.964466094067E-02,-22.89995014559));
#3174 = CARTESIAN_POINT('',(0.326091270347,-22.89995014559));
#3175 = ( GEOMETRIC_REPRESENTATION_CONTEXT(2) 
PARAMETRIC_REPRESENTATION_CONTEXT() REPRESENTATION_CONTEXT('2D SPACE',''
  ) );
#3176 = PCURVE('',#625,#3177);
#3177 = DEFINITIONAL_REPRESENTATION('',(#3178),#3181);
#3178 = B_SPLINE_CURVE_WITH_KNOTS('',1,(#3179,#3180),.UNSPECIFIED.,.F.,
  .F.,(2,2),(-1.296446609407,-1.),.PIECEWISE_BEZIER_KNOTS.);
#3179 = CARTESIAN_POINT('',(5.482892192734,-1.296446609407));
#3180 = CARTESIAN_POINT('',(5.482892192734,-1.));
#3181 = ( GEOMETRIC_REPRESENTATION_CONTEXT(2) 
PARAMETRIC_REPRESENTATION_CONTEXT() REPRESENTATION_CONTEXT('2D SPACE',''
  ) );
#3182 = ORIENTED_EDGE('',*,*,#1371,.T.);
#3183 = ORIENTED_EDGE('',*,*,#3142,.T.);
#3184 = ORIENTED_EDGE('',*,*,#582,.T.);
#3185 = ADVANCED_FACE('',(#3186),#625,.F.);
#3186 = FACE_BOUND('',#3187,.F.);
#3187 = EDGE_LOOP('',(#3188,#3189,#3190,#3191,#3192));
#3188 = ORIENTED_EDGE('',*,*,#608,.T.);
#3189 = ORIENTED_EDGE('',*,*,#3164,.F.);
#3190 = ORIENTED_EDGE('',*,*,#1394,.F.);
#3191 = ORIENTED_EDGE('',*,*,#1422,.F.);
#3192 = ORIENTED_EDGE('',*,*,#3193,.T.);
#3193 = EDGE_CURVE('',#1423,#609,#3194,.T.);
#3194 = SURFACE_CURVE('',#3195,(#3199,#3205),.PCURVE_S1.);
#3195 = LINE('',#3196,#3197);
#3196 = CARTESIAN_POINT('',(-0.825,17.499950145597,-1.));
#3197 = VECTOR('',#3198,1.);
#3198 = DIRECTION('',(0.,0.,-1.));
#3199 = PCURVE('',#625,#3200);
#3200 = DEFINITIONAL_REPRESENTATION('',(#3201),#3204);
#3201 = B_SPLINE_CURVE_WITH_KNOTS('',1,(#3202,#3203),.UNSPECIFIED.,.F.,
  .F.,(2,2),(-1.296446609407,-1.),.PIECEWISE_BEZIER_KNOTS.);
#3202 = CARTESIAN_POINT('',(7.083478421625,-1.296446609407));
#3203 = CARTESIAN_POINT('',(7.083478421625,-1.));
#3204 = ( GEOMETRIC_REPRESENTATION_CONTEXT(2) 
PARAMETRIC_REPRESENTATION_CONTEXT() REPRESENTATION_CONTEXT('2D SPACE',''
  ) );
#3205 = PCURVE('',#652,#3206);
#3206 = DEFINITIONAL_REPRESENTATION('',(#3207),#3210);
#3207 = B_SPLINE_CURVE_WITH_KNOTS('',1,(#3208,#3209),.UNSPECIFIED.,.F.,
  .F.,(2,2),(-1.326091270347,-0.970355339059),.PIECEWISE_BEZIER_KNOTS.);
#3208 = CARTESIAN_POINT('',(-2.964466094067E-02,-21.2000498544));
#3209 = CARTESIAN_POINT('',(0.326091270347,-21.2000498544));
#3210 = ( GEOMETRIC_REPRESENTATION_CONTEXT(2) 
PARAMETRIC_REPRESENTATION_CONTEXT() REPRESENTATION_CONTEXT('2D SPACE',''
  ) );
#3211 = ADVANCED_FACE('',(#3212),#652,.T.);
#3212 = FACE_BOUND('',#3213,.T.);
#3213 = EDGE_LOOP('',(#3214,#3235,#3236,#3237));
#3214 = ORIENTED_EDGE('',*,*,#3215,.F.);
#3215 = EDGE_CURVE('',#1191,#638,#3216,.T.);
#3216 = SURFACE_CURVE('',#3217,(#3221,#3228),.PCURVE_S1.);
#3217 = LINE('',#3218,#3219);
#3218 = CARTESIAN_POINT('',(-0.825,38.7,0.296446609407));
#3219 = VECTOR('',#3220,1.);
#3220 = DIRECTION('',(0.,0.,-1.));
#3221 = PCURVE('',#652,#3222);
#3222 = DEFINITIONAL_REPRESENTATION('',(#3223),#3227);
#3223 = LINE('',#3224,#3225);
#3224 = CARTESIAN_POINT('',(0.,0.));
#3225 = VECTOR('',#3226,1.);
#3226 = DIRECTION('',(1.,0.));
#3227 = ( GEOMETRIC_REPRESENTATION_CONTEXT(2) 
PARAMETRIC_REPRESENTATION_CONTEXT() REPRESENTATION_CONTEXT('2D SPACE',''
  ) );
#3228 = PCURVE('',#678,#3229);
#3229 = DEFINITIONAL_REPRESENTATION('',(#3230),#3234);
#3230 = LINE('',#3231,#3232);
#3231 = CARTESIAN_POINT('',(0.315771037667,-0.825));
#3232 = VECTOR('',#3233,1.);
#3233 = DIRECTION('',(1.,0.));
#3234 = ( GEOMETRIC_REPRESENTATION_CONTEXT(2) 
PARAMETRIC_REPRESENTATION_CONTEXT() REPRESENTATION_CONTEXT('2D SPACE',''
  ) );
#3235 = ORIENTED_EDGE('',*,*,#1450,.T.);
#3236 = ORIENTED_EDGE('',*,*,#3193,.T.);
#3237 = ORIENTED_EDGE('',*,*,#637,.T.);
#3238 = ADVANCED_FACE('',(#3239),#678,.T.);
#3239 = FACE_BOUND('',#3240,.T.);
#3240 = EDGE_LOOP('',(#3241,#3242,#3263,#3264,#3265,#3266,#3287,#3288,
    #3289,#3290));
#3241 = ORIENTED_EDGE('',*,*,#663,.T.);
#3242 = ORIENTED_EDGE('',*,*,#3243,.T.);
#3243 = EDGE_CURVE('',#664,#2209,#3244,.T.);
#3244 = SURFACE_CURVE('',#3245,(#3249,#3256),.PCURVE_S1.);
#3245 = LINE('',#3246,#3247);
#3246 = CARTESIAN_POINT('',(0.825,38.7,-1.25));
#3247 = VECTOR('',#3248,1.);
#3248 = DIRECTION('',(0.,0.,1.));
#3249 = PCURVE('',#678,#3250);
#3250 = DEFINITIONAL_REPRESENTATION('',(#3251),#3255);
#3251 = LINE('',#3252,#3253);
#3252 = CARTESIAN_POINT('',(1.862217647074,0.825));
#3253 = VECTOR('',#3254,1.);
#3254 = DIRECTION('',(-1.,0.));
#3255 = ( GEOMETRIC_REPRESENTATION_CONTEXT(2) 
PARAMETRIC_REPRESENTATION_CONTEXT() REPRESENTATION_CONTEXT('2D SPACE',''
  ) );
#3256 = PCURVE('',#704,#3257);
#3257 = DEFINITIONAL_REPRESENTATION('',(#3258),#3262);
#3258 = LINE('',#3259,#3260);
#3259 = CARTESIAN_POINT('',(0.,0.));
#3260 = VECTOR('',#3261,1.);
#3261 = DIRECTION('',(1.,0.));
#3262 = ( GEOMETRIC_REPRESENTATION_CONTEXT(2) 
PARAMETRIC_REPRESENTATION_CONTEXT() REPRESENTATION_CONTEXT('2D SPACE',''
  ) );
#3263 = ORIENTED_EDGE('',*,*,#2208,.T.);
#3264 = ORIENTED_EDGE('',*,*,#2159,.T.);
#3265 = ORIENTED_EDGE('',*,*,#1895,.T.);
#3266 = ORIENTED_EDGE('',*,*,#3267,.T.);
#3267 = EDGE_CURVE('',#1898,#1524,#3268,.T.);
#3268 = SURFACE_CURVE('',#3269,(#3273,#3280),.PCURVE_S1.);
#3269 = LINE('',#3270,#3271);
#3270 = CARTESIAN_POINT('',(0.2,38.7,2.678553390593));
#3271 = VECTOR('',#3272,1.);
#3272 = DIRECTION('',(-1.,0.,0.));
#3273 = PCURVE('',#678,#3274);
#3274 = DEFINITIONAL_REPRESENTATION('',(#3275),#3279);
#3275 = LINE('',#3276,#3277);
#3276 = CARTESIAN_POINT('',(-2.066335743519,0.2));
#3277 = VECTOR('',#3278,1.);
#3278 = DIRECTION('',(0.,-1.));
#3279 = ( GEOMETRIC_REPRESENTATION_CONTEXT(2) 
PARAMETRIC_REPRESENTATION_CONTEXT() REPRESENTATION_CONTEXT('2D SPACE',''
  ) );
#3280 = PCURVE('',#1562,#3281);
#3281 = DEFINITIONAL_REPRESENTATION('',(#3282),#3286);
#3282 = LINE('',#3283,#3284);
#3283 = CARTESIAN_POINT('',(0.,0.));
#3284 = VECTOR('',#3285,1.);
#3285 = DIRECTION('',(1.,0.));
#3286 = ( GEOMETRIC_REPRESENTATION_CONTEXT(2) 
PARAMETRIC_REPRESENTATION_CONTEXT() REPRESENTATION_CONTEXT('2D SPACE',''
  ) );
#3287 = ORIENTED_EDGE('',*,*,#1523,.T.);
#3288 = ORIENTED_EDGE('',*,*,#1474,.T.);
#3289 = ORIENTED_EDGE('',*,*,#1188,.T.);
#3290 = ORIENTED_EDGE('',*,*,#3215,.T.);
#3291 = ADVANCED_FACE('',(#3292),#704,.T.);
#3292 = FACE_BOUND('',#3293,.T.);
#3293 = EDGE_LOOP('',(#3294,#3295,#3296,#3315));
#3294 = ORIENTED_EDGE('',*,*,#3243,.F.);
#3295 = ORIENTED_EDGE('',*,*,#689,.T.);
#3296 = ORIENTED_EDGE('',*,*,#3297,.F.);
#3297 = EDGE_CURVE('',#2232,#690,#3298,.T.);
#3298 = SURFACE_CURVE('',#3299,(#3303,#3309),.PCURVE_S1.);
#3299 = LINE('',#3300,#3301);
#3300 = CARTESIAN_POINT('',(0.825,17.499950145597,-1.));
#3301 = VECTOR('',#3302,1.);
#3302 = DIRECTION('',(0.,0.,-1.));
#3303 = PCURVE('',#704,#3304);
#3304 = DEFINITIONAL_REPRESENTATION('',(#3305),#3308);
#3305 = B_SPLINE_CURVE_WITH_KNOTS('',1,(#3306,#3307),.UNSPECIFIED.,.F.,
  .F.,(2,2),(-1.326091270347,-0.970355339059),.PIECEWISE_BEZIER_KNOTS.);
#3306 = CARTESIAN_POINT('',(1.576091270347,-21.2000498544));
#3307 = CARTESIAN_POINT('',(1.220355339059,-21.2000498544));
#3308 = ( GEOMETRIC_REPRESENTATION_CONTEXT(2) 
PARAMETRIC_REPRESENTATION_CONTEXT() REPRESENTATION_CONTEXT('2D SPACE',''
  ) );
#3309 = PCURVE('',#732,#3310);
#3310 = DEFINITIONAL_REPRESENTATION('',(#3311),#3314);
#3311 = B_SPLINE_CURVE_WITH_KNOTS('',1,(#3312,#3313),.UNSPECIFIED.,.F.,
  .F.,(2,2),(-1.296446609407,-1.),.PIECEWISE_BEZIER_KNOTS.);
#3312 = CARTESIAN_POINT('',(5.482892192734,-1.296446609407));
#3313 = CARTESIAN_POINT('',(5.482892192734,-1.));
#3314 = ( GEOMETRIC_REPRESENTATION_CONTEXT(2) 
PARAMETRIC_REPRESENTATION_CONTEXT() REPRESENTATION_CONTEXT('2D SPACE',''
  ) );
#3315 = ORIENTED_EDGE('',*,*,#2231,.F.);
#3316 = ADVANCED_FACE('',(#3317),#732,.F.);
#3317 = FACE_BOUND('',#3318,.F.);
#3318 = EDGE_LOOP('',(#3319,#3320,#3321,#3322,#3323));
#3319 = ORIENTED_EDGE('',*,*,#715,.T.);
#3320 = ORIENTED_EDGE('',*,*,#3297,.F.);
#3321 = ORIENTED_EDGE('',*,*,#2254,.F.);
#3322 = ORIENTED_EDGE('',*,*,#2282,.F.);
#3323 = ORIENTED_EDGE('',*,*,#3324,.T.);
#3324 = EDGE_CURVE('',#2283,#716,#3325,.T.);
#3325 = SURFACE_CURVE('',#3326,(#3330,#3336),.PCURVE_S1.);
#3326 = LINE('',#3327,#3328);
#3327 = CARTESIAN_POINT('',(0.825,15.800049854403,-1.));
#3328 = VECTOR('',#3329,1.);
#3329 = DIRECTION('',(0.,0.,-1.));
#3330 = PCURVE('',#732,#3331);
#3331 = DEFINITIONAL_REPRESENTATION('',(#3332),#3335);
#3332 = B_SPLINE_CURVE_WITH_KNOTS('',1,(#3333,#3334),.UNSPECIFIED.,.F.,
  .F.,(2,2),(-1.296446609407,-1.),.PIECEWISE_BEZIER_KNOTS.);
#3333 = CARTESIAN_POINT('',(7.083478421625,-1.296446609407));
#3334 = CARTESIAN_POINT('',(7.083478421625,-1.));
#3335 = ( GEOMETRIC_REPRESENTATION_CONTEXT(2) 
PARAMETRIC_REPRESENTATION_CONTEXT() REPRESENTATION_CONTEXT('2D SPACE',''
  ) );
#3336 = PCURVE('',#759,#3337);
#3337 = DEFINITIONAL_REPRESENTATION('',(#3338),#3341);
#3338 = B_SPLINE_CURVE_WITH_KNOTS('',1,(#3339,#3340),.UNSPECIFIED.,.F.,
  .F.,(2,2),(-1.326091270347,-0.970355339059),.PIECEWISE_BEZIER_KNOTS.);
#3339 = CARTESIAN_POINT('',(1.576091270347,-22.89995014559));
#3340 = CARTESIAN_POINT('',(1.220355339059,-22.89995014559));
#3341 = ( GEOMETRIC_REPRESENTATION_CONTEXT(2) 
PARAMETRIC_REPRESENTATION_CONTEXT() REPRESENTATION_CONTEXT('2D SPACE',''
  ) );
#3342 = ADVANCED_FACE('',(#3343),#759,.T.);
#3343 = FACE_BOUND('',#3344,.T.);
#3344 = EDGE_LOOP('',(#3345,#3346,#3347,#3366));
#3345 = ORIENTED_EDGE('',*,*,#3324,.T.);
#3346 = ORIENTED_EDGE('',*,*,#744,.T.);
#3347 = ORIENTED_EDGE('',*,*,#3348,.F.);
#3348 = EDGE_CURVE('',#2311,#745,#3349,.T.);
#3349 = SURFACE_CURVE('',#3350,(#3354,#3360),.PCURVE_S1.);
#3350 = LINE('',#3351,#3352);
#3351 = CARTESIAN_POINT('',(0.825,0.849950145597,-1.));
#3352 = VECTOR('',#3353,1.);
#3353 = DIRECTION('',(0.,0.,-1.));
#3354 = PCURVE('',#759,#3355);
#3355 = DEFINITIONAL_REPRESENTATION('',(#3356),#3359);
#3356 = B_SPLINE_CURVE_WITH_KNOTS('',1,(#3357,#3358),.UNSPECIFIED.,.F.,
  .F.,(2,2),(-1.326091270347,-0.970355339059),.PIECEWISE_BEZIER_KNOTS.);
#3357 = CARTESIAN_POINT('',(1.576091270347,-37.8500498544));
#3358 = CARTESIAN_POINT('',(1.220355339059,-37.8500498544));
#3359 = ( GEOMETRIC_REPRESENTATION_CONTEXT(2) 
PARAMETRIC_REPRESENTATION_CONTEXT() REPRESENTATION_CONTEXT('2D SPACE',''
  ) );
#3360 = PCURVE('',#791,#3361);
#3361 = DEFINITIONAL_REPRESENTATION('',(#3362),#3365);
#3362 = B_SPLINE_CURVE_WITH_KNOTS('',1,(#3363,#3364),.UNSPECIFIED.,.F.,
  .F.,(2,2),(-1.326091270347,-0.970355339059),.PIECEWISE_BEZIER_KNOTS.);
#3363 = CARTESIAN_POINT('',(2.341299539144,-1.326091270347));
#3364 = CARTESIAN_POINT('',(2.341299539144,-0.970355339059));
#3365 = ( GEOMETRIC_REPRESENTATION_CONTEXT(2) 
PARAMETRIC_REPRESENTATION_CONTEXT() REPRESENTATION_CONTEXT('2D SPACE',''
  ) );
#3366 = ORIENTED_EDGE('',*,*,#2310,.F.);
#3367 = ADVANCED_FACE('',(#3368),#791,.F.);
#3368 = FACE_BOUND('',#3369,.F.);
#3369 = EDGE_LOOP('',(#3370,#3371,#3372,#3373));
#3370 = ORIENTED_EDGE('',*,*,#770,.F.);
#3371 = ORIENTED_EDGE('',*,*,#3348,.F.);
#3372 = ORIENTED_EDGE('',*,*,#2333,.F.);
#3373 = ORIENTED_EDGE('',*,*,#3374,.T.);
#3374 = EDGE_CURVE('',#2334,#771,#3375,.T.);
#3375 = SURFACE_CURVE('',#3376,(#3380,#3386),.PCURVE_S1.);
#3376 = LINE('',#3377,#3378);
#3377 = CARTESIAN_POINT('',(0.825,-0.849950145597,-1.));
#3378 = VECTOR('',#3379,1.);
#3379 = DIRECTION('',(0.,0.,-1.));
#3380 = PCURVE('',#791,#3381);
#3381 = DEFINITIONAL_REPRESENTATION('',(#3382),#3385);
#3382 = B_SPLINE_CURVE_WITH_KNOTS('',1,(#3383,#3384),.UNSPECIFIED.,.F.,
  .F.,(2,2),(-1.326091270347,-0.970355339059),.PIECEWISE_BEZIER_KNOTS.);
#3383 = CARTESIAN_POINT('',(3.941885768035,-1.326091270347));
#3384 = CARTESIAN_POINT('',(3.941885768035,-0.970355339059));
#3385 = ( GEOMETRIC_REPRESENTATION_CONTEXT(2) 
PARAMETRIC_REPRESENTATION_CONTEXT() REPRESENTATION_CONTEXT('2D SPACE',''
  ) );
#3386 = PCURVE('',#818,#3387);
#3387 = DEFINITIONAL_REPRESENTATION('',(#3388),#3391);
#3388 = B_SPLINE_CURVE_WITH_KNOTS('',1,(#3389,#3390),.UNSPECIFIED.,.F.,
  .F.,(2,2),(-1.326091270347,-0.970355339059),.PIECEWISE_BEZIER_KNOTS.);
#3389 = CARTESIAN_POINT('',(1.576091270347,-39.54995014559));
#3390 = CARTESIAN_POINT('',(1.220355339059,-39.54995014559));
#3391 = ( GEOMETRIC_REPRESENTATION_CONTEXT(2) 
PARAMETRIC_REPRESENTATION_CONTEXT() REPRESENTATION_CONTEXT('2D SPACE',''
  ) );
#3392 = ADVANCED_FACE('',(#3393),#818,.T.);
#3393 = FACE_BOUND('',#3394,.T.);
#3394 = EDGE_LOOP('',(#3395,#3396,#3397,#3398));
#3395 = ORIENTED_EDGE('',*,*,#2363,.F.);
#3396 = ORIENTED_EDGE('',*,*,#3374,.T.);
#3397 = ORIENTED_EDGE('',*,*,#803,.T.);
#3398 = ORIENTED_EDGE('',*,*,#3399,.F.);
#3399 = EDGE_CURVE('',#2364,#804,#3400,.T.);
#3400 = SURFACE_CURVE('',#3401,(#3405,#3411),.PCURVE_S1.);
#3401 = LINE('',#3402,#3403);
#3402 = CARTESIAN_POINT('',(0.825,-15.8000498544,-1.));
#3403 = VECTOR('',#3404,1.);
#3404 = DIRECTION('',(0.,0.,-1.));
#3405 = PCURVE('',#818,#3406);
#3406 = DEFINITIONAL_REPRESENTATION('',(#3407),#3410);
#3407 = B_SPLINE_CURVE_WITH_KNOTS('',1,(#3408,#3409),.UNSPECIFIED.,.F.,
  .F.,(2,2),(-1.326091270347,-0.970355339059),.PIECEWISE_BEZIER_KNOTS.);
#3408 = CARTESIAN_POINT('',(1.576091270347,-54.5000498544));
#3409 = CARTESIAN_POINT('',(1.220355339059,-54.5000498544));
#3410 = ( GEOMETRIC_REPRESENTATION_CONTEXT(2) 
PARAMETRIC_REPRESENTATION_CONTEXT() REPRESENTATION_CONTEXT('2D SPACE',''
  ) );
#3411 = PCURVE('',#846,#3412);
#3412 = DEFINITIONAL_REPRESENTATION('',(#3413),#3416);
#3413 = B_SPLINE_CURVE_WITH_KNOTS('',1,(#3414,#3415),.UNSPECIFIED.,.F.,
  .F.,(2,2),(-1.296446609407,-1.),.PIECEWISE_BEZIER_KNOTS.);
#3414 = CARTESIAN_POINT('',(5.482892192734,-1.296446609407));
#3415 = CARTESIAN_POINT('',(5.482892192734,-1.));
#3416 = ( GEOMETRIC_REPRESENTATION_CONTEXT(2) 
PARAMETRIC_REPRESENTATION_CONTEXT() REPRESENTATION_CONTEXT('2D SPACE',''
  ) );
#3417 = ADVANCED_FACE('',(#3418),#846,.F.);
#3418 = FACE_BOUND('',#3419,.F.);
#3419 = EDGE_LOOP('',(#3420,#3421,#3422,#3423,#3424));
#3420 = ORIENTED_EDGE('',*,*,#829,.T.);
#3421 = ORIENTED_EDGE('',*,*,#3399,.F.);
#3422 = ORIENTED_EDGE('',*,*,#2386,.F.);
#3423 = ORIENTED_EDGE('',*,*,#2414,.F.);
#3424 = ORIENTED_EDGE('',*,*,#2469,.T.);
#3425 = ADVANCED_FACE('',(#3426),#918,.F.);
#3426 = FACE_BOUND('',#3427,.F.);
#3427 = EDGE_LOOP('',(#3428,#3429,#3430,#3431,#3452,#3453,#3473,#3499));
#3428 = ORIENTED_EDGE('',*,*,#902,.F.);
#3429 = ORIENTED_EDGE('',*,*,#2518,.T.);
#3430 = ORIENTED_EDGE('',*,*,#2545,.T.);
#3431 = ORIENTED_EDGE('',*,*,#3432,.F.);
#3432 = EDGE_CURVE('',#983,#2546,#3433,.T.);
#3433 = SURFACE_CURVE('',#3434,(#3438,#3445),.PCURVE_S1.);
#3434 = LINE('',#3435,#3436);
#3435 = CARTESIAN_POINT('',(26.7,27.3,0.));
#3436 = VECTOR('',#3437,1.);
#3437 = DIRECTION('',(0.,0.,1.));
#3438 = PCURVE('',#918,#3439);
#3439 = DEFINITIONAL_REPRESENTATION('',(#3440),#3444);
#3440 = LINE('',#3441,#3442);
#3441 = CARTESIAN_POINT('',(54.6,0.));
#3442 = VECTOR('',#3443,1.);
#3443 = DIRECTION('',(0.,-1.));
#3444 = ( GEOMETRIC_REPRESENTATION_CONTEXT(2) 
PARAMETRIC_REPRESENTATION_CONTEXT() REPRESENTATION_CONTEXT('2D SPACE',''
  ) );
#3445 = PCURVE('',#1022,#3446);
#3446 = DEFINITIONAL_REPRESENTATION('',(#3447),#3451);
#3447 = LINE('',#3448,#3449);
#3448 = CARTESIAN_POINT('',(-0.,0.));
#3449 = VECTOR('',#3450,1.);
#3450 = DIRECTION('',(-0.,-1.));
#3451 = ( GEOMETRIC_REPRESENTATION_CONTEXT(2) 
PARAMETRIC_REPRESENTATION_CONTEXT() REPRESENTATION_CONTEXT('2D SPACE',''
  ) );
#3452 = ORIENTED_EDGE('',*,*,#982,.F.);
#3453 = ORIENTED_EDGE('',*,*,#3454,.T.);
#3454 = EDGE_CURVE('',#957,#3455,#3457,.T.);
#3455 = VERTEX_POINT('',#3456);
#3456 = CARTESIAN_POINT('',(26.7,1.06066017178E-02,2.));
#3457 = SURFACE_CURVE('',#3458,(#3461,#3467),.PCURVE_S1.);
#3458 = B_SPLINE_CURVE_WITH_KNOTS('',1,(#3459,#3460),.UNSPECIFIED.,.F.,
  .F.,(2,2),(0.,2.01),.PIECEWISE_BEZIER_KNOTS.);
#3459 = CARTESIAN_POINT('',(26.7,1.06066017178,-1.E-02));
#3460 = CARTESIAN_POINT('',(26.7,1.06066017178E-02,2.));
#3461 = PCURVE('',#918,#3462);
#3462 = DEFINITIONAL_REPRESENTATION('',(#3463),#3466);
#3463 = B_SPLINE_CURVE_WITH_KNOTS('',1,(#3464,#3465),.UNSPECIFIED.,.F.,
  .F.,(2,2),(0.,2.01),.PIECEWISE_BEZIER_KNOTS.);
#3464 = CARTESIAN_POINT('',(28.36066017178,1.E-02));
#3465 = CARTESIAN_POINT('',(27.310606601718,-2.));
#3466 = ( GEOMETRIC_REPRESENTATION_CONTEXT(2) 
PARAMETRIC_REPRESENTATION_CONTEXT() REPRESENTATION_CONTEXT('2D SPACE',''
  ) );
#3467 = PCURVE('',#971,#3468);
#3468 = DEFINITIONAL_REPRESENTATION('',(#3469),#3472);
#3469 = B_SPLINE_CURVE_WITH_KNOTS('',1,(#3470,#3471),.UNSPECIFIED.,.F.,
  .F.,(2,2),(0.,2.01),.PIECEWISE_BEZIER_KNOTS.);
#3470 = CARTESIAN_POINT('',(-0.75,-1.071378347037));
#3471 = CARTESIAN_POINT('',(-7.499999999997E-03,1.071378347037));
#3472 = ( GEOMETRIC_REPRESENTATION_CONTEXT(2) 
PARAMETRIC_REPRESENTATION_CONTEXT() REPRESENTATION_CONTEXT('2D SPACE',''
  ) );
#3473 = ORIENTED_EDGE('',*,*,#3474,.F.);
#3474 = EDGE_CURVE('',#3475,#3455,#3477,.T.);
#3475 = VERTEX_POINT('',#3476);
#3476 = CARTESIAN_POINT('',(26.7,-1.06066017178E-02,2.));
#3477 = SURFACE_CURVE('',#3478,(#3482,#3488),.PCURVE_S1.);
#3478 = LINE('',#3479,#3480);
#3479 = CARTESIAN_POINT('',(26.7,-13.65,2.));
#3480 = VECTOR('',#3481,1.);
#3481 = DIRECTION('',(0.,1.,-0.));
#3482 = PCURVE('',#918,#3483);
#3483 = DEFINITIONAL_REPRESENTATION('',(#3484),#3487);
#3484 = B_SPLINE_CURVE_WITH_KNOTS('',1,(#3485,#3486),.UNSPECIFIED.,.F.,
  .F.,(2,2),(13.639393398282,13.660606601718),.PIECEWISE_BEZIER_KNOTS.);
#3485 = CARTESIAN_POINT('',(27.289393398282,-2.));
#3486 = CARTESIAN_POINT('',(27.310606601718,-2.));
#3487 = ( GEOMETRIC_REPRESENTATION_CONTEXT(2) 
PARAMETRIC_REPRESENTATION_CONTEXT() REPRESENTATION_CONTEXT('2D SPACE',''
  ) );
#3488 = PCURVE('',#3489,#3494);
#3489 = PLANE('',#3490);
#3490 = AXIS2_PLACEMENT_3D('',#3491,#3492,#3493);
#3491 = CARTESIAN_POINT('',(26.7,0.,2.));
#3492 = DIRECTION('',(0.,0.,1.));
#3493 = DIRECTION('',(0.707106781187,0.707106781187,0.));
#3494 = DEFINITIONAL_REPRESENTATION('',(#3495),#3498);
#3495 = B_SPLINE_CURVE_WITH_KNOTS('',1,(#3496,#3497),.UNSPECIFIED.,.F.,
  .F.,(2,2),(13.639393398282,13.660606601718),.PIECEWISE_BEZIER_KNOTS.);
#3496 = CARTESIAN_POINT('',(-7.500000000002E-03,-7.500000000002E-03));
#3497 = CARTESIAN_POINT('',(7.5E-03,7.5E-03));
#3498 = ( GEOMETRIC_REPRESENTATION_CONTEXT(2) 
PARAMETRIC_REPRESENTATION_CONTEXT() REPRESENTATION_CONTEXT('2D SPACE',''
  ) );
#3499 = ORIENTED_EDGE('',*,*,#3500,.F.);
#3500 = EDGE_CURVE('',#903,#3475,#3501,.T.);
#3501 = SURFACE_CURVE('',#3502,(#3505,#3511),.PCURVE_S1.);
#3502 = B_SPLINE_CURVE_WITH_KNOTS('',1,(#3503,#3504),.UNSPECIFIED.,.F.,
  .F.,(2,2),(0.,2.01),.PIECEWISE_BEZIER_KNOTS.);
#3503 = CARTESIAN_POINT('',(26.7,-1.06066017178,-1.E-02));
#3504 = CARTESIAN_POINT('',(26.7,-1.06066017178E-02,2.));
#3505 = PCURVE('',#918,#3506);
#3506 = DEFINITIONAL_REPRESENTATION('',(#3507),#3510);
#3507 = B_SPLINE_CURVE_WITH_KNOTS('',1,(#3508,#3509),.UNSPECIFIED.,.F.,
  .F.,(2,2),(0.,2.01),.PIECEWISE_BEZIER_KNOTS.);
#3508 = CARTESIAN_POINT('',(26.23933982822,1.E-02));
#3509 = CARTESIAN_POINT('',(27.289393398282,-2.));
#3510 = ( GEOMETRIC_REPRESENTATION_CONTEXT(2) 
PARAMETRIC_REPRESENTATION_CONTEXT() REPRESENTATION_CONTEXT('2D SPACE',''
  ) );
#3511 = PCURVE('',#945,#3512);
#3512 = DEFINITIONAL_REPRESENTATION('',(#3513),#3516);
#3513 = B_SPLINE_CURVE_WITH_KNOTS('',1,(#3514,#3515),.UNSPECIFIED.,.F.,
  .F.,(2,2),(0.,2.01),.PIECEWISE_BEZIER_KNOTS.);
#3514 = CARTESIAN_POINT('',(0.75,-1.071378347037));
#3515 = CARTESIAN_POINT('',(7.5E-03,1.071378347037));
#3516 = ( GEOMETRIC_REPRESENTATION_CONTEXT(2) 
PARAMETRIC_REPRESENTATION_CONTEXT() REPRESENTATION_CONTEXT('2D SPACE',''
  ) );
#3517 = ADVANCED_FACE('',(#3518),#945,.F.);
#3518 = FACE_BOUND('',#3519,.F.);
#3519 = EDGE_LOOP('',(#3520,#3540,#3541,#3542));
#3520 = ORIENTED_EDGE('',*,*,#3521,.F.);
#3521 = EDGE_CURVE('',#931,#3522,#3524,.T.);
#3522 = VERTEX_POINT('',#3523);
#3523 = CARTESIAN_POINT('',(26.689393398282,-3.552713678801E-15,2.));
#3524 = SURFACE_CURVE('',#3525,(#3528,#3534),.PCURVE_S1.);
#3525 = B_SPLINE_CURVE_WITH_KNOTS('',1,(#3526,#3527),.UNSPECIFIED.,.F.,
  .F.,(2,2),(0.,2.01),.PIECEWISE_BEZIER_KNOTS.);
#3526 = CARTESIAN_POINT('',(25.63933982822,0.,-1.E-02));
#3527 = CARTESIAN_POINT('',(26.689393398282,-3.552713678801E-15,2.));
#3528 = PCURVE('',#945,#3529);
#3529 = DEFINITIONAL_REPRESENTATION('',(#3530),#3533);
#3530 = B_SPLINE_CURVE_WITH_KNOTS('',1,(#3531,#3532),.UNSPECIFIED.,.F.,
  .F.,(2,2),(0.,2.01),.PIECEWISE_BEZIER_KNOTS.);
#3531 = CARTESIAN_POINT('',(-0.75,-1.071378347037));
#3532 = CARTESIAN_POINT('',(-7.499999999997E-03,1.071378347037));
#3533 = ( GEOMETRIC_REPRESENTATION_CONTEXT(2) 
PARAMETRIC_REPRESENTATION_CONTEXT() REPRESENTATION_CONTEXT('2D SPACE',''
  ) );
#3534 = PCURVE('',#971,#3535);
#3535 = DEFINITIONAL_REPRESENTATION('',(#3536),#3539);
#3536 = B_SPLINE_CURVE_WITH_KNOTS('',1,(#3537,#3538),.UNSPECIFIED.,.F.,
  .F.,(2,2),(0.,2.01),.PIECEWISE_BEZIER_KNOTS.);
#3537 = CARTESIAN_POINT('',(0.75,-1.071378347037));
#3538 = CARTESIAN_POINT('',(7.500000000004E-03,1.071378347037));
#3539 = ( GEOMETRIC_REPRESENTATION_CONTEXT(2) 
PARAMETRIC_REPRESENTATION_CONTEXT() REPRESENTATION_CONTEXT('2D SPACE',''
  ) );
#3540 = ORIENTED_EDGE('',*,*,#930,.T.);
#3541 = ORIENTED_EDGE('',*,*,#3500,.T.);
#3542 = ORIENTED_EDGE('',*,*,#3543,.F.);
#3543 = EDGE_CURVE('',#3522,#3475,#3544,.T.);
#3544 = SURFACE_CURVE('',#3545,(#3548,#3554),.PCURVE_S1.);
#3545 = B_SPLINE_CURVE_WITH_KNOTS('',1,(#3546,#3547),.UNSPECIFIED.,.F.,
  .F.,(2,2),(0.,1.5),.PIECEWISE_BEZIER_KNOTS.);
#3546 = CARTESIAN_POINT('',(26.689393398282,-3.552713678801E-15,2.));
#3547 = CARTESIAN_POINT('',(26.7,-1.06066017178E-02,2.));
#3548 = PCURVE('',#945,#3549);
#3549 = DEFINITIONAL_REPRESENTATION('',(#3550),#3553);
#3550 = B_SPLINE_CURVE_WITH_KNOTS('',1,(#3551,#3552),.UNSPECIFIED.,.F.,
  .F.,(2,2),(0.,1.5),.PIECEWISE_BEZIER_KNOTS.);
#3551 = CARTESIAN_POINT('',(-7.499999999997E-03,1.071378347037));
#3552 = CARTESIAN_POINT('',(7.5E-03,1.071378347037));
#3553 = ( GEOMETRIC_REPRESENTATION_CONTEXT(2) 
PARAMETRIC_REPRESENTATION_CONTEXT() REPRESENTATION_CONTEXT('2D SPACE',''
  ) );
#3554 = PCURVE('',#3489,#3555);
#3555 = DEFINITIONAL_REPRESENTATION('',(#3556),#3559);
#3556 = B_SPLINE_CURVE_WITH_KNOTS('',1,(#3557,#3558),.UNSPECIFIED.,.F.,
  .F.,(2,2),(0.,1.5),.PIECEWISE_BEZIER_KNOTS.);
#3557 = CARTESIAN_POINT('',(-7.5E-03,7.499999999997E-03));
#3558 = CARTESIAN_POINT('',(-7.5E-03,-7.5E-03));
#3559 = ( GEOMETRIC_REPRESENTATION_CONTEXT(2) 
PARAMETRIC_REPRESENTATION_CONTEXT() REPRESENTATION_CONTEXT('2D SPACE',''
  ) );
#3560 = ADVANCED_FACE('',(#3561),#971,.F.);
#3561 = FACE_BOUND('',#3562,.F.);
#3562 = EDGE_LOOP('',(#3563,#3564,#3565,#3566));
#3563 = ORIENTED_EDGE('',*,*,#3454,.F.);
#3564 = ORIENTED_EDGE('',*,*,#956,.T.);
#3565 = ORIENTED_EDGE('',*,*,#3521,.T.);
#3566 = ORIENTED_EDGE('',*,*,#3567,.F.);
#3567 = EDGE_CURVE('',#3455,#3522,#3568,.T.);
#3568 = SURFACE_CURVE('',#3569,(#3572,#3578),.PCURVE_S1.);
#3569 = B_SPLINE_CURVE_WITH_KNOTS('',1,(#3570,#3571),.UNSPECIFIED.,.F.,
  .F.,(2,2),(0.,1.5),.PIECEWISE_BEZIER_KNOTS.);
#3570 = CARTESIAN_POINT('',(26.7,1.06066017178E-02,2.));
#3571 = CARTESIAN_POINT('',(26.689393398282,-3.552713678801E-15,2.));
#3572 = PCURVE('',#971,#3573);
#3573 = DEFINITIONAL_REPRESENTATION('',(#3574),#3577);
#3574 = B_SPLINE_CURVE_WITH_KNOTS('',1,(#3575,#3576),.UNSPECIFIED.,.F.,
  .F.,(2,2),(0.,1.5),.PIECEWISE_BEZIER_KNOTS.);
#3575 = CARTESIAN_POINT('',(-7.499999999997E-03,1.071378347037));
#3576 = CARTESIAN_POINT('',(7.500000000004E-03,1.071378347037));
#3577 = ( GEOMETRIC_REPRESENTATION_CONTEXT(2) 
PARAMETRIC_REPRESENTATION_CONTEXT() REPRESENTATION_CONTEXT('2D SPACE',''
  ) );
#3578 = PCURVE('',#3489,#3579);
#3579 = DEFINITIONAL_REPRESENTATION('',(#3580),#3583);
#3580 = B_SPLINE_CURVE_WITH_KNOTS('',1,(#3581,#3582),.UNSPECIFIED.,.F.,
  .F.,(2,2),(0.,1.5),.PIECEWISE_BEZIER_KNOTS.);
#3581 = CARTESIAN_POINT('',(7.500000000004E-03,7.5E-03));
#3582 = CARTESIAN_POINT('',(-7.5E-03,7.499999999997E-03));
#3583 = ( GEOMETRIC_REPRESENTATION_CONTEXT(2) 
PARAMETRIC_REPRESENTATION_CONTEXT() REPRESENTATION_CONTEXT('2D SPACE',''
  ) );
#3584 = ADVANCED_FACE('',(#3585),#1022,.T.);
#3585 = FACE_BOUND('',#3586,.F.);
#3586 = EDGE_LOOP('',(#3587,#3588,#3589,#3610));
#3587 = ORIENTED_EDGE('',*,*,#3432,.T.);
#3588 = ORIENTED_EDGE('',*,*,#2568,.T.);
#3589 = ORIENTED_EDGE('',*,*,#3590,.F.);
#3590 = EDGE_CURVE('',#1006,#2569,#3591,.T.);
#3591 = SURFACE_CURVE('',#3592,(#3596,#3603),.PCURVE_S1.);
#3592 = LINE('',#3593,#3594);
#3593 = CARTESIAN_POINT('',(7.3,46.7,0.));
#3594 = VECTOR('',#3595,1.);
#3595 = DIRECTION('',(0.,0.,1.));
#3596 = PCURVE('',#1022,#3597);
#3597 = DEFINITIONAL_REPRESENTATION('',(#3598),#3602);
#3598 = LINE('',#3599,#3600);
#3599 = CARTESIAN_POINT('',(-1.570796326795,0.));
#3600 = VECTOR('',#3601,1.);
#3601 = DIRECTION('',(-0.,-1.));
#3602 = ( GEOMETRIC_REPRESENTATION_CONTEXT(2) 
PARAMETRIC_REPRESENTATION_CONTEXT() REPRESENTATION_CONTEXT('2D SPACE',''
  ) );
#3603 = PCURVE('',#1050,#3604);
#3604 = DEFINITIONAL_REPRESENTATION('',(#3605),#3609);
#3605 = LINE('',#3606,#3607);
#3606 = CARTESIAN_POINT('',(0.,-0.));
#3607 = VECTOR('',#3608,1.);
#3608 = DIRECTION('',(0.,-1.));
#3609 = ( GEOMETRIC_REPRESENTATION_CONTEXT(2) 
PARAMETRIC_REPRESENTATION_CONTEXT() REPRESENTATION_CONTEXT('2D SPACE',''
  ) );
#3610 = ORIENTED_EDGE('',*,*,#1005,.F.);
#3611 = ADVANCED_FACE('',(#3612),#1050,.F.);
#3612 = FACE_BOUND('',#3613,.F.);
#3613 = EDGE_LOOP('',(#3614,#3615,#3616,#3637));
#3614 = ORIENTED_EDGE('',*,*,#3590,.T.);
#3615 = ORIENTED_EDGE('',*,*,#2592,.T.);
#3616 = ORIENTED_EDGE('',*,*,#3617,.F.);
#3617 = EDGE_CURVE('',#1035,#2593,#3618,.T.);
#3618 = SURFACE_CURVE('',#3619,(#3623,#3630),.PCURVE_S1.);
#3619 = LINE('',#3620,#3621);
#3620 = CARTESIAN_POINT('',(-7.3,46.7,0.));
#3621 = VECTOR('',#3622,1.);
#3622 = DIRECTION('',(0.,0.,1.));
#3623 = PCURVE('',#1050,#3624);
#3624 = DEFINITIONAL_REPRESENTATION('',(#3625),#3629);
#3625 = LINE('',#3626,#3627);
#3626 = CARTESIAN_POINT('',(14.6,0.));
#3627 = VECTOR('',#3628,1.);
#3628 = DIRECTION('',(0.,-1.));
#3629 = ( GEOMETRIC_REPRESENTATION_CONTEXT(2) 
PARAMETRIC_REPRESENTATION_CONTEXT() REPRESENTATION_CONTEXT('2D SPACE',''
  ) );
#3630 = PCURVE('',#1079,#3631);
#3631 = DEFINITIONAL_REPRESENTATION('',(#3632),#3636);
#3632 = LINE('',#3633,#3634);
#3633 = CARTESIAN_POINT('',(-1.570796326795,0.));
#3634 = VECTOR('',#3635,1.);
#3635 = DIRECTION('',(-0.,-1.));
#3636 = ( GEOMETRIC_REPRESENTATION_CONTEXT(2) 
PARAMETRIC_REPRESENTATION_CONTEXT() REPRESENTATION_CONTEXT('2D SPACE',''
  ) );
#3637 = ORIENTED_EDGE('',*,*,#1034,.F.);
#3638 = ADVANCED_FACE('',(#3639),#1079,.T.);
#3639 = FACE_BOUND('',#3640,.F.);
#3640 = EDGE_LOOP('',(#3641,#3642,#3643,#3644));
#3641 = ORIENTED_EDGE('',*,*,#3617,.T.);
#3642 = ORIENTED_EDGE('',*,*,#2615,.T.);
#3643 = ORIENTED_EDGE('',*,*,#3020,.F.);
#3644 = ORIENTED_EDGE('',*,*,#1062,.F.);
#3645 = ADVANCED_FACE('',(#3646),#1127,.F.);
#3646 = FACE_BOUND('',#3647,.F.);
#3647 = EDGE_LOOP('',(#3648,#3649,#3650,#3651));
#3648 = ORIENTED_EDGE('',*,*,#2973,.F.);
#3649 = ORIENTED_EDGE('',*,*,#1114,.T.);
#3650 = ORIENTED_EDGE('',*,*,#3066,.T.);
#3651 = ORIENTED_EDGE('',*,*,#3652,.F.);
#3652 = EDGE_CURVE('',#2974,#3046,#3653,.T.);
#3653 = SURFACE_CURVE('',#3654,(#3657,#3663),.PCURVE_S1.);
#3654 = B_SPLINE_CURVE_WITH_KNOTS('',1,(#3655,#3656),.UNSPECIFIED.,.F.,
  .F.,(2,2),(0.,1.5),.PIECEWISE_BEZIER_KNOTS.);
#3655 = CARTESIAN_POINT('',(-26.68939339828,3.552713678801E-15,2.));
#3656 = CARTESIAN_POINT('',(-26.7,1.06066017178E-02,2.));
#3657 = PCURVE('',#1127,#3658);
#3658 = DEFINITIONAL_REPRESENTATION('',(#3659),#3662);
#3659 = B_SPLINE_CURVE_WITH_KNOTS('',1,(#3660,#3661),.UNSPECIFIED.,.F.,
  .F.,(2,2),(0.,1.5),.PIECEWISE_BEZIER_KNOTS.);
#3660 = CARTESIAN_POINT('',(-7.499999999997E-03,1.071378347037));
#3661 = CARTESIAN_POINT('',(7.5E-03,1.071378347037));
#3662 = ( GEOMETRIC_REPRESENTATION_CONTEXT(2) 
PARAMETRIC_REPRESENTATION_CONTEXT() REPRESENTATION_CONTEXT('2D SPACE',''
  ) );
#3663 = PCURVE('',#3005,#3664);
#3664 = DEFINITIONAL_REPRESENTATION('',(#3665),#3668);
#3665 = B_SPLINE_CURVE_WITH_KNOTS('',1,(#3666,#3667),.UNSPECIFIED.,.F.,
  .F.,(2,2),(0.,1.5),.PIECEWISE_BEZIER_KNOTS.);
#3666 = CARTESIAN_POINT('',(7.5E-03,-7.499999999997E-03));
#3667 = CARTESIAN_POINT('',(7.5E-03,7.5E-03));
#3668 = ( GEOMETRIC_REPRESENTATION_CONTEXT(2) 
PARAMETRIC_REPRESENTATION_CONTEXT() REPRESENTATION_CONTEXT('2D SPACE',''
  ) );
#3669 = ADVANCED_FACE('',(#3670),#1773,.F.);
#3670 = FACE_BOUND('',#3671,.F.);
#3671 = EDGE_LOOP('',(#3672,#3673,#3696,#3723,#3724,#3725,#3747,#3748,
    #3749));
#3672 = ORIENTED_EDGE('',*,*,#1943,.F.);
#3673 = ORIENTED_EDGE('',*,*,#3674,.T.);
#3674 = EDGE_CURVE('',#1944,#3675,#3677,.T.);
#3675 = VERTEX_POINT('',#3676);
#3676 = CARTESIAN_POINT('',(1.1845,-16.65,3.078553390593));
#3677 = SEAM_CURVE('',#3678,(#3682,#3689),.PCURVE_S1.);
#3678 = LINE('',#3679,#3680);
#3679 = CARTESIAN_POINT('',(1.1845,-16.65,-1.));
#3680 = VECTOR('',#3681,1.);
#3681 = DIRECTION('',(0.,0.,1.));
#3682 = PCURVE('',#1773,#3683);
#3683 = DEFINITIONAL_REPRESENTATION('',(#3684),#3688);
#3684 = LINE('',#3685,#3686);
#3685 = CARTESIAN_POINT('',(6.28318530718,0.));
#3686 = VECTOR('',#3687,1.);
#3687 = DIRECTION('',(0.,-1.));
#3688 = ( GEOMETRIC_REPRESENTATION_CONTEXT(2) 
PARAMETRIC_REPRESENTATION_CONTEXT() REPRESENTATION_CONTEXT('2D SPACE',''
  ) );
#3689 = PCURVE('',#1773,#3690);
#3690 = DEFINITIONAL_REPRESENTATION('',(#3691),#3695);
#3691 = LINE('',#3692,#3693);
#3692 = CARTESIAN_POINT('',(0.,0.));
#3693 = VECTOR('',#3694,1.);
#3694 = DIRECTION('',(0.,-1.));
#3695 = ( GEOMETRIC_REPRESENTATION_CONTEXT(2) 
PARAMETRIC_REPRESENTATION_CONTEXT() REPRESENTATION_CONTEXT('2D SPACE',''
  ) );
#3696 = ORIENTED_EDGE('',*,*,#3697,.T.);
#3697 = EDGE_CURVE('',#3675,#3675,#3698,.T.);
#3698 = SURFACE_CURVE('',#3699,(#3704,#3711),.PCURVE_S1.);
#3699 = CIRCLE('',#3700,1.1845);
#3700 = AXIS2_PLACEMENT_3D('',#3701,#3702,#3703);
#3701 = CARTESIAN_POINT('',(0.,-16.65,3.078553390593));
#3702 = DIRECTION('',(0.,0.,-1.));
#3703 = DIRECTION('',(1.,0.,0.));
#3704 = PCURVE('',#1773,#3705);
#3705 = DEFINITIONAL_REPRESENTATION('',(#3706),#3710);
#3706 = LINE('',#3707,#3708);
#3707 = CARTESIAN_POINT('',(0.,-4.078553390593));
#3708 = VECTOR('',#3709,1.);
#3709 = DIRECTION('',(1.,0.));
#3710 = ( GEOMETRIC_REPRESENTATION_CONTEXT(2) 
PARAMETRIC_REPRESENTATION_CONTEXT() REPRESENTATION_CONTEXT('2D SPACE',''
  ) );
#3711 = PCURVE('',#3712,#3717);
#3712 = PLANE('',#3713);
#3713 = AXIS2_PLACEMENT_3D('',#3714,#3715,#3716);
#3714 = CARTESIAN_POINT('',(-3.574643641501E-17,-16.65,3.078553390593));
#3715 = DIRECTION('',(1.643482863727E-32,3.69785099132E-32,-1.));
#3716 = DIRECTION('',(0.,-1.,-3.69785099132E-32));
#3717 = DEFINITIONAL_REPRESENTATION('',(#3718),#3722);
#3718 = CIRCLE('',#3719,1.1845);
#3719 = AXIS2_PLACEMENT_2D('',#3720,#3721);
#3720 = CARTESIAN_POINT('',(1.642175724879E-47,-3.574643641501E-17));
#3721 = DIRECTION('',(0.,-1.));
#3722 = ( GEOMETRIC_REPRESENTATION_CONTEXT(2) 
PARAMETRIC_REPRESENTATION_CONTEXT() REPRESENTATION_CONTEXT('2D SPACE',''
  ) );
#3723 = ORIENTED_EDGE('',*,*,#3674,.F.);
#3724 = ORIENTED_EDGE('',*,*,#1972,.F.);
#3725 = ORIENTED_EDGE('',*,*,#3726,.F.);
#3726 = EDGE_CURVE('',#1729,#1973,#3727,.T.);
#3727 = SURFACE_CURVE('',#3728,(#3733,#3740),.PCURVE_S1.);
#3728 = CIRCLE('',#3729,1.1845);
#3729 = AXIS2_PLACEMENT_3D('',#3730,#3731,#3732);
#3730 = CARTESIAN_POINT('',(0.,-16.65,2.678553390593));
#3731 = DIRECTION('',(0.,0.,-1.));
#3732 = DIRECTION('',(-1.,0.,0.));
#3733 = PCURVE('',#1773,#3734);
#3734 = DEFINITIONAL_REPRESENTATION('',(#3735),#3739);
#3735 = LINE('',#3736,#3737);
#3736 = CARTESIAN_POINT('',(3.14159265359,-3.678553390593));
#3737 = VECTOR('',#3738,1.);
#3738 = DIRECTION('',(1.,0.));
#3739 = ( GEOMETRIC_REPRESENTATION_CONTEXT(2) 
PARAMETRIC_REPRESENTATION_CONTEXT() REPRESENTATION_CONTEXT('2D SPACE',''
  ) );
#3740 = PCURVE('',#1744,#3741);
#3741 = DEFINITIONAL_REPRESENTATION('',(#3742),#3746);
#3742 = CIRCLE('',#3743,1.1845);
#3743 = AXIS2_PLACEMENT_2D('',#3744,#3745);
#3744 = CARTESIAN_POINT('',(0.2,-55.35));
#3745 = DIRECTION('',(1.,0.));
#3746 = ( GEOMETRIC_REPRESENTATION_CONTEXT(2) 
PARAMETRIC_REPRESENTATION_CONTEXT() REPRESENTATION_CONTEXT('2D SPACE',''
  ) );
#3747 = ORIENTED_EDGE('',*,*,#1756,.F.);
#3748 = ORIENTED_EDGE('',*,*,#1790,.F.);
#3749 = ORIENTED_EDGE('',*,*,#1845,.F.);
#3750 = ADVANCED_FACE('',(#3751),#1744,.T.);
#3751 = FACE_BOUND('',#3752,.T.);
#3752 = EDGE_LOOP('',(#3753,#3775,#3776,#3777));
#3753 = ORIENTED_EDGE('',*,*,#3754,.F.);
#3754 = EDGE_CURVE('',#2002,#1700,#3755,.T.);
#3755 = SURFACE_CURVE('',#3756,(#3761,#3768),.PCURVE_S1.);
#3756 = CIRCLE('',#3757,1.1845);
#3757 = AXIS2_PLACEMENT_3D('',#3758,#3759,#3760);
#3758 = CARTESIAN_POINT('',(0.,0.,2.678553390593));
#3759 = DIRECTION('',(0.,0.,-1.));
#3760 = DIRECTION('',(-1.,0.,0.));
#3761 = PCURVE('',#1744,#3762);
#3762 = DEFINITIONAL_REPRESENTATION('',(#3763),#3767);
#3763 = CIRCLE('',#3764,1.1845);
#3764 = AXIS2_PLACEMENT_2D('',#3765,#3766);
#3765 = CARTESIAN_POINT('',(0.2,-38.7));
#3766 = DIRECTION('',(1.,0.));
#3767 = ( GEOMETRIC_REPRESENTATION_CONTEXT(2) 
PARAMETRIC_REPRESENTATION_CONTEXT() REPRESENTATION_CONTEXT('2D SPACE',''
  ) );
#3768 = PCURVE('',#1682,#3769);
#3769 = DEFINITIONAL_REPRESENTATION('',(#3770),#3774);
#3770 = LINE('',#3771,#3772);
#3771 = CARTESIAN_POINT('',(0.,-3.678553390593));
#3772 = VECTOR('',#3773,1.);
#3773 = DIRECTION('',(1.,0.));
#3774 = ( GEOMETRIC_REPRESENTATION_CONTEXT(2) 
PARAMETRIC_REPRESENTATION_CONTEXT() REPRESENTATION_CONTEXT('2D SPACE',''
  ) );
#3775 = ORIENTED_EDGE('',*,*,#2001,.T.);
#3776 = ORIENTED_EDGE('',*,*,#3726,.F.);
#3777 = ORIENTED_EDGE('',*,*,#1728,.F.);
#3778 = ADVANCED_FACE('',(#3779),#1682,.F.);
#3779 = FACE_BOUND('',#3780,.F.);
#3780 = EDGE_LOOP('',(#3781,#3782,#3805,#3832,#3833,#3834,#3835,#3836));
#3781 = ORIENTED_EDGE('',*,*,#1665,.F.);
#3782 = ORIENTED_EDGE('',*,*,#3783,.T.);
#3783 = EDGE_CURVE('',#1666,#3784,#3786,.T.);
#3784 = VERTEX_POINT('',#3785);
#3785 = CARTESIAN_POINT('',(-1.1845,-7.252970262129E-17,5.461553390593)
  );
#3786 = SEAM_CURVE('',#3787,(#3791,#3798),.PCURVE_S1.);
#3787 = LINE('',#3788,#3789);
#3788 = CARTESIAN_POINT('',(-1.1845,-7.252970262129E-17,-1.));
#3789 = VECTOR('',#3790,1.);
#3790 = DIRECTION('',(0.,0.,1.));
#3791 = PCURVE('',#1682,#3792);
#3792 = DEFINITIONAL_REPRESENTATION('',(#3793),#3797);
#3793 = LINE('',#3794,#3795);
#3794 = CARTESIAN_POINT('',(6.28318530718,0.));
#3795 = VECTOR('',#3796,1.);
#3796 = DIRECTION('',(0.,-1.));
#3797 = ( GEOMETRIC_REPRESENTATION_CONTEXT(2) 
PARAMETRIC_REPRESENTATION_CONTEXT() REPRESENTATION_CONTEXT('2D SPACE',''
  ) );
#3798 = PCURVE('',#1682,#3799);
#3799 = DEFINITIONAL_REPRESENTATION('',(#3800),#3804);
#3800 = LINE('',#3801,#3802);
#3801 = CARTESIAN_POINT('',(0.,0.));
#3802 = VECTOR('',#3803,1.);
#3803 = DIRECTION('',(0.,-1.));
#3804 = ( GEOMETRIC_REPRESENTATION_CONTEXT(2) 
PARAMETRIC_REPRESENTATION_CONTEXT() REPRESENTATION_CONTEXT('2D SPACE',''
  ) );
#3805 = ORIENTED_EDGE('',*,*,#3806,.T.);
#3806 = EDGE_CURVE('',#3784,#3784,#3807,.T.);
#3807 = SURFACE_CURVE('',#3808,(#3813,#3820),.PCURVE_S1.);
#3808 = CIRCLE('',#3809,1.1845);
#3809 = AXIS2_PLACEMENT_3D('',#3810,#3811,#3812);
#3810 = CARTESIAN_POINT('',(0.,0.,5.461553390593));
#3811 = DIRECTION('',(0.,0.,-1.));
#3812 = DIRECTION('',(-1.,0.,0.));
#3813 = PCURVE('',#1682,#3814);
#3814 = DEFINITIONAL_REPRESENTATION('',(#3815),#3819);
#3815 = LINE('',#3816,#3817);
#3816 = CARTESIAN_POINT('',(0.,-6.461553390593));
#3817 = VECTOR('',#3818,1.);
#3818 = DIRECTION('',(1.,0.));
#3819 = ( GEOMETRIC_REPRESENTATION_CONTEXT(2) 
PARAMETRIC_REPRESENTATION_CONTEXT() REPRESENTATION_CONTEXT('2D SPACE',''
  ) );
#3820 = PCURVE('',#3821,#3826);
#3821 = PLANE('',#3822);
#3822 = AXIS2_PLACEMENT_3D('',#3823,#3824,#3825);
#3823 = CARTESIAN_POINT('',(9.868649107779E-17,-3.061616997868E-17,
    5.461553390593));
#3824 = DIRECTION('',(-0.,-0.,-1.));
#3825 = DIRECTION('',(-1.,0.,0.));
#3826 = DEFINITIONAL_REPRESENTATION('',(#3827),#3831);
#3827 = CIRCLE('',#3828,1.1845);
#3828 = AXIS2_PLACEMENT_2D('',#3829,#3830);
#3829 = CARTESIAN_POINT('',(9.868649107779E-17,3.061616997868E-17));
#3830 = DIRECTION('',(1.,0.));
#3831 = ( GEOMETRIC_REPRESENTATION_CONTEXT(2) 
PARAMETRIC_REPRESENTATION_CONTEXT() REPRESENTATION_CONTEXT('2D SPACE',''
  ) );
#3832 = ORIENTED_EDGE('',*,*,#3783,.F.);
#3833 = ORIENTED_EDGE('',*,*,#1699,.F.);
#3834 = ORIENTED_EDGE('',*,*,#3754,.F.);
#3835 = ORIENTED_EDGE('',*,*,#2024,.F.);
#3836 = ORIENTED_EDGE('',*,*,#3837,.F.);
#3837 = EDGE_CURVE('',#1638,#2025,#3838,.T.);
#3838 = SURFACE_CURVE('',#3839,(#3844,#3851),.PCURVE_S1.);
#3839 = CIRCLE('',#3840,1.1845);
#3840 = AXIS2_PLACEMENT_3D('',#3841,#3842,#3843);
#3841 = CARTESIAN_POINT('',(0.,0.,2.678553390593));
#3842 = DIRECTION('',(0.,0.,-1.));
#3843 = DIRECTION('',(-1.,0.,0.));
#3844 = PCURVE('',#1682,#3845);
#3845 = DEFINITIONAL_REPRESENTATION('',(#3846),#3850);
#3846 = LINE('',#3847,#3848);
#3847 = CARTESIAN_POINT('',(0.,-3.678553390593));
#3848 = VECTOR('',#3849,1.);
#3849 = DIRECTION('',(1.,0.));
#3850 = ( GEOMETRIC_REPRESENTATION_CONTEXT(2) 
PARAMETRIC_REPRESENTATION_CONTEXT() REPRESENTATION_CONTEXT('2D SPACE',''
  ) );
#3851 = PCURVE('',#1653,#3852);
#3852 = DEFINITIONAL_REPRESENTATION('',(#3853),#3857);
#3853 = CIRCLE('',#3854,1.1845);
#3854 = AXIS2_PLACEMENT_2D('',#3855,#3856);
#3855 = CARTESIAN_POINT('',(0.2,-38.7));
#3856 = DIRECTION('',(1.,0.));
#3857 = ( GEOMETRIC_REPRESENTATION_CONTEXT(2) 
PARAMETRIC_REPRESENTATION_CONTEXT() REPRESENTATION_CONTEXT('2D SPACE',''
  ) );
#3858 = ADVANCED_FACE('',(#3859),#1653,.T.);
#3859 = FACE_BOUND('',#3860,.T.);
#3860 = EDGE_LOOP('',(#3861,#3883,#3884,#3885));
#3861 = ORIENTED_EDGE('',*,*,#3862,.F.);
#3862 = EDGE_CURVE('',#2055,#1609,#3863,.T.);
#3863 = SURFACE_CURVE('',#3864,(#3869,#3876),.PCURVE_S1.);
#3864 = CIRCLE('',#3865,1.1845);
#3865 = AXIS2_PLACEMENT_3D('',#3866,#3867,#3868);
#3866 = CARTESIAN_POINT('',(0.,16.65,2.678553390593));
#3867 = DIRECTION('',(0.,0.,-1.));
#3868 = DIRECTION('',(1.,0.,0.));
#3869 = PCURVE('',#1653,#3870);
#3870 = DEFINITIONAL_REPRESENTATION('',(#3871),#3875);
#3871 = CIRCLE('',#3872,1.1845);
#3872 = AXIS2_PLACEMENT_2D('',#3873,#3874);
#3873 = CARTESIAN_POINT('',(0.2,-22.05));
#3874 = DIRECTION('',(-1.,0.));
#3875 = ( GEOMETRIC_REPRESENTATION_CONTEXT(2) 
PARAMETRIC_REPRESENTATION_CONTEXT() REPRESENTATION_CONTEXT('2D SPACE',''
  ) );
#3876 = PCURVE('',#1591,#3877);
#3877 = DEFINITIONAL_REPRESENTATION('',(#3878),#3882);
#3878 = LINE('',#3879,#3880);
#3879 = CARTESIAN_POINT('',(0.,-3.678553390593));
#3880 = VECTOR('',#3881,1.);
#3881 = DIRECTION('',(1.,0.));
#3882 = ( GEOMETRIC_REPRESENTATION_CONTEXT(2) 
PARAMETRIC_REPRESENTATION_CONTEXT() REPRESENTATION_CONTEXT('2D SPACE',''
  ) );
#3883 = ORIENTED_EDGE('',*,*,#2054,.T.);
#3884 = ORIENTED_EDGE('',*,*,#3837,.F.);
#3885 = ORIENTED_EDGE('',*,*,#1637,.F.);
#3886 = ADVANCED_FACE('',(#3887),#1591,.F.);
#3887 = FACE_BOUND('',#3888,.F.);
#3888 = EDGE_LOOP('',(#3889,#3890,#3913,#3940,#3941,#3942,#3964,#3965,
    #3966));
#3889 = ORIENTED_EDGE('',*,*,#2077,.F.);
#3890 = ORIENTED_EDGE('',*,*,#3891,.T.);
#3891 = EDGE_CURVE('',#2078,#3892,#3894,.T.);
#3892 = VERTEX_POINT('',#3893);
#3893 = CARTESIAN_POINT('',(1.1845,16.65,3.078553390593));
#3894 = SEAM_CURVE('',#3895,(#3899,#3906),.PCURVE_S1.);
#3895 = LINE('',#3896,#3897);
#3896 = CARTESIAN_POINT('',(1.1845,16.65,-1.));
#3897 = VECTOR('',#3898,1.);
#3898 = DIRECTION('',(0.,0.,1.));
#3899 = PCURVE('',#1591,#3900);
#3900 = DEFINITIONAL_REPRESENTATION('',(#3901),#3905);
#3901 = LINE('',#3902,#3903);
#3902 = CARTESIAN_POINT('',(6.28318530718,0.));
#3903 = VECTOR('',#3904,1.);
#3904 = DIRECTION('',(0.,-1.));
#3905 = ( GEOMETRIC_REPRESENTATION_CONTEXT(2) 
PARAMETRIC_REPRESENTATION_CONTEXT() REPRESENTATION_CONTEXT('2D SPACE',''
  ) );
#3906 = PCURVE('',#1591,#3907);
#3907 = DEFINITIONAL_REPRESENTATION('',(#3908),#3912);
#3908 = LINE('',#3909,#3910);
#3909 = CARTESIAN_POINT('',(0.,0.));
#3910 = VECTOR('',#3911,1.);
#3911 = DIRECTION('',(0.,-1.));
#3912 = ( GEOMETRIC_REPRESENTATION_CONTEXT(2) 
PARAMETRIC_REPRESENTATION_CONTEXT() REPRESENTATION_CONTEXT('2D SPACE',''
  ) );
#3913 = ORIENTED_EDGE('',*,*,#3914,.T.);
#3914 = EDGE_CURVE('',#3892,#3892,#3915,.T.);
#3915 = SURFACE_CURVE('',#3916,(#3921,#3928),.PCURVE_S1.);
#3916 = CIRCLE('',#3917,1.1845);
#3917 = AXIS2_PLACEMENT_3D('',#3918,#3919,#3920);
#3918 = CARTESIAN_POINT('',(0.,16.65,3.078553390593));
#3919 = DIRECTION('',(0.,0.,-1.));
#3920 = DIRECTION('',(1.,0.,0.));
#3921 = PCURVE('',#1591,#3922);
#3922 = DEFINITIONAL_REPRESENTATION('',(#3923),#3927);
#3923 = LINE('',#3924,#3925);
#3924 = CARTESIAN_POINT('',(0.,-4.078553390593));
#3925 = VECTOR('',#3926,1.);
#3926 = DIRECTION('',(1.,0.));
#3927 = ( GEOMETRIC_REPRESENTATION_CONTEXT(2) 
PARAMETRIC_REPRESENTATION_CONTEXT() REPRESENTATION_CONTEXT('2D SPACE',''
  ) );
#3928 = PCURVE('',#3929,#3934);
#3929 = PLANE('',#3930);
#3930 = AXIS2_PLACEMENT_3D('',#3931,#3932,#3933);
#3931 = CARTESIAN_POINT('',(-3.574643641501E-17,16.65,3.078553390593));
#3932 = DIRECTION('',(1.643482863727E-32,3.69785099132E-32,-1.));
#3933 = DIRECTION('',(0.,-1.,-3.69785099132E-32));
#3934 = DEFINITIONAL_REPRESENTATION('',(#3935),#3939);
#3935 = CIRCLE('',#3936,1.1845);
#3936 = AXIS2_PLACEMENT_2D('',#3937,#3938);
#3937 = CARTESIAN_POINT('',(1.642175724879E-47,-3.574643641501E-17));
#3938 = DIRECTION('',(0.,-1.));
#3939 = ( GEOMETRIC_REPRESENTATION_CONTEXT(2) 
PARAMETRIC_REPRESENTATION_CONTEXT() REPRESENTATION_CONTEXT('2D SPACE',''
  ) );
#3940 = ORIENTED_EDGE('',*,*,#3891,.F.);
#3941 = ORIENTED_EDGE('',*,*,#2106,.F.);
#3942 = ORIENTED_EDGE('',*,*,#3943,.F.);
#3943 = EDGE_CURVE('',#1547,#2107,#3944,.T.);
#3944 = SURFACE_CURVE('',#3945,(#3950,#3957),.PCURVE_S1.);
#3945 = CIRCLE('',#3946,1.1845);
#3946 = AXIS2_PLACEMENT_3D('',#3947,#3948,#3949);
#3947 = CARTESIAN_POINT('',(0.,16.65,2.678553390593));
#3948 = DIRECTION('',(0.,0.,-1.));
#3949 = DIRECTION('',(-1.,0.,0.));
#3950 = PCURVE('',#1591,#3951);
#3951 = DEFINITIONAL_REPRESENTATION('',(#3952),#3956);
#3952 = LINE('',#3953,#3954);
#3953 = CARTESIAN_POINT('',(3.14159265359,-3.678553390593));
#3954 = VECTOR('',#3955,1.);
#3955 = DIRECTION('',(1.,0.));
#3956 = ( GEOMETRIC_REPRESENTATION_CONTEXT(2) 
PARAMETRIC_REPRESENTATION_CONTEXT() REPRESENTATION_CONTEXT('2D SPACE',''
  ) );
#3957 = PCURVE('',#1562,#3958);
#3958 = DEFINITIONAL_REPRESENTATION('',(#3959),#3963);
#3959 = CIRCLE('',#3960,1.1845);
#3960 = AXIS2_PLACEMENT_2D('',#3961,#3962);
#3961 = CARTESIAN_POINT('',(0.2,-22.05));
#3962 = DIRECTION('',(1.,0.));
#3963 = ( GEOMETRIC_REPRESENTATION_CONTEXT(2) 
PARAMETRIC_REPRESENTATION_CONTEXT() REPRESENTATION_CONTEXT('2D SPACE',''
  ) );
#3964 = ORIENTED_EDGE('',*,*,#1574,.F.);
#3965 = ORIENTED_EDGE('',*,*,#1608,.F.);
#3966 = ORIENTED_EDGE('',*,*,#3862,.F.);
#3967 = ADVANCED_FACE('',(#3968),#1562,.T.);
#3968 = FACE_BOUND('',#3969,.T.);
#3969 = EDGE_LOOP('',(#3970,#3971,#3972,#3973));
#3970 = ORIENTED_EDGE('',*,*,#3267,.F.);
#3971 = ORIENTED_EDGE('',*,*,#2135,.T.);
#3972 = ORIENTED_EDGE('',*,*,#3943,.F.);
#3973 = ORIENTED_EDGE('',*,*,#1546,.F.);
#3974 = ADVANCED_FACE('',(#3975),#2709,.F.);
#3975 = FACE_BOUND('',#3976,.T.);
#3976 = EDGE_LOOP('',(#3977,#4008,#4029,#4030));
#3977 = ORIENTED_EDGE('',*,*,#3978,.F.);
#3978 = EDGE_CURVE('',#3979,#3981,#3983,.T.);
#3979 = VERTEX_POINT('',#3980);
#3980 = CARTESIAN_POINT('',(7.3,-33.3,6.461553390593));
#3981 = VERTEX_POINT('',#3982);
#3982 = CARTESIAN_POINT('',(13.3,-27.3,6.461553390593));
#3983 = SURFACE_CURVE('',#3984,(#3989,#3996),.PCURVE_S1.);
#3984 = CIRCLE('',#3985,6.);
#3985 = AXIS2_PLACEMENT_3D('',#3986,#3987,#3988);
#3986 = CARTESIAN_POINT('',(7.3,-27.3,6.461553390593));
#3987 = DIRECTION('',(0.,-0.,1.));
#3988 = DIRECTION('',(1.,0.,0.));
#3989 = PCURVE('',#2709,#3990);
#3990 = DEFINITIONAL_REPRESENTATION('',(#3991),#3995);
#3991 = LINE('',#3992,#3993);
#3992 = CARTESIAN_POINT('',(-0.,0.));
#3993 = VECTOR('',#3994,1.);
#3994 = DIRECTION('',(-1.,0.));
#3995 = ( GEOMETRIC_REPRESENTATION_CONTEXT(2) 
PARAMETRIC_REPRESENTATION_CONTEXT() REPRESENTATION_CONTEXT('2D SPACE',''
  ) );
#3996 = PCURVE('',#3997,#4002);
#3997 = PLANE('',#3998);
#3998 = AXIS2_PLACEMENT_3D('',#3999,#4000,#4001);
#3999 = CARTESIAN_POINT('',(5.359306842775E-16,8.493995750814E-16,
    6.461553390593));
#4000 = DIRECTION('',(-1.15851498564E-33,1.725085782406E-33,1.));
#4001 = DIRECTION('',(0.,1.,-1.725085782406E-33));
#4002 = DEFINITIONAL_REPRESENTATION('',(#4003),#4007);
#4003 = CIRCLE('',#4004,6.);
#4004 = AXIS2_PLACEMENT_2D('',#4005,#4006);
#4005 = CARTESIAN_POINT('',(-27.3,-7.3));
#4006 = DIRECTION('',(0.,-1.));
#4007 = ( GEOMETRIC_REPRESENTATION_CONTEXT(2) 
PARAMETRIC_REPRESENTATION_CONTEXT() REPRESENTATION_CONTEXT('2D SPACE',''
  ) );
#4008 = ORIENTED_EDGE('',*,*,#4009,.T.);
#4009 = EDGE_CURVE('',#3979,#2689,#4010,.T.);
#4010 = SURFACE_CURVE('',#4011,(#4015,#4022),.PCURVE_S1.);
#4011 = LINE('',#4012,#4013);
#4012 = CARTESIAN_POINT('',(7.3,-33.3,6.461553390593));
#4013 = VECTOR('',#4014,1.);
#4014 = DIRECTION('',(0.,0.,1.));
#4015 = PCURVE('',#2709,#4016);
#4016 = DEFINITIONAL_REPRESENTATION('',(#4017),#4021);
#4017 = LINE('',#4018,#4019);
#4018 = CARTESIAN_POINT('',(-4.712388980385,0.));
#4019 = VECTOR('',#4020,1.);
#4020 = DIRECTION('',(-0.,-1.));
#4021 = ( GEOMETRIC_REPRESENTATION_CONTEXT(2) 
PARAMETRIC_REPRESENTATION_CONTEXT() REPRESENTATION_CONTEXT('2D SPACE',''
  ) );
#4022 = PCURVE('',#2736,#4023);
#4023 = DEFINITIONAL_REPRESENTATION('',(#4024),#4028);
#4024 = LINE('',#4025,#4026);
#4025 = CARTESIAN_POINT('',(14.6,0.));
#4026 = VECTOR('',#4027,1.);
#4027 = DIRECTION('',(0.,-1.));
#4028 = ( GEOMETRIC_REPRESENTATION_CONTEXT(2) 
PARAMETRIC_REPRESENTATION_CONTEXT() REPRESENTATION_CONTEXT('2D SPACE',''
  ) );
#4029 = ORIENTED_EDGE('',*,*,#2686,.F.);
#4030 = ORIENTED_EDGE('',*,*,#4031,.F.);
#4031 = EDGE_CURVE('',#3981,#2687,#4032,.T.);
#4032 = SURFACE_CURVE('',#4033,(#4037,#4044),.PCURVE_S1.);
#4033 = LINE('',#4034,#4035);
#4034 = CARTESIAN_POINT('',(13.3,-27.3,6.461553390593));
#4035 = VECTOR('',#4036,1.);
#4036 = DIRECTION('',(0.,0.,1.));
#4037 = PCURVE('',#2709,#4038);
#4038 = DEFINITIONAL_REPRESENTATION('',(#4039),#4043);
#4039 = LINE('',#4040,#4041);
#4040 = CARTESIAN_POINT('',(-6.28318530718,0.));
#4041 = VECTOR('',#4042,1.);
#4042 = DIRECTION('',(-0.,-1.));
#4043 = ( GEOMETRIC_REPRESENTATION_CONTEXT(2) 
PARAMETRIC_REPRESENTATION_CONTEXT() REPRESENTATION_CONTEXT('2D SPACE',''
  ) );
#4044 = PCURVE('',#2911,#4045);
#4045 = DEFINITIONAL_REPRESENTATION('',(#4046),#4050);
#4046 = LINE('',#4047,#4048);
#4047 = CARTESIAN_POINT('',(0.,0.));
#4048 = VECTOR('',#4049,1.);
#4049 = DIRECTION('',(0.,-1.));
#4050 = ( GEOMETRIC_REPRESENTATION_CONTEXT(2) 
PARAMETRIC_REPRESENTATION_CONTEXT() REPRESENTATION_CONTEXT('2D SPACE',''
  ) );
#4051 = ADVANCED_FACE('',(#4052),#2911,.T.);
#4052 = FACE_BOUND('',#4053,.T.);
#4053 = EDGE_LOOP('',(#4054,#4077,#4078,#4079));
#4054 = ORIENTED_EDGE('',*,*,#4055,.F.);
#4055 = EDGE_CURVE('',#3981,#4056,#4058,.T.);
#4056 = VERTEX_POINT('',#4057);
#4057 = CARTESIAN_POINT('',(13.3,27.3,6.461553390593));
#4058 = SURFACE_CURVE('',#4059,(#4063,#4070),.PCURVE_S1.);
#4059 = LINE('',#4060,#4061);
#4060 = CARTESIAN_POINT('',(13.3,-27.3,6.461553390593));
#4061 = VECTOR('',#4062,1.);
#4062 = DIRECTION('',(0.,1.,0.));
#4063 = PCURVE('',#2911,#4064);
#4064 = DEFINITIONAL_REPRESENTATION('',(#4065),#4069);
#4065 = LINE('',#4066,#4067);
#4066 = CARTESIAN_POINT('',(0.,0.));
#4067 = VECTOR('',#4068,1.);
#4068 = DIRECTION('',(1.,0.));
#4069 = ( GEOMETRIC_REPRESENTATION_CONTEXT(2) 
PARAMETRIC_REPRESENTATION_CONTEXT() REPRESENTATION_CONTEXT('2D SPACE',''
  ) );
#4070 = PCURVE('',#3997,#4071);
#4071 = DEFINITIONAL_REPRESENTATION('',(#4072),#4076);
#4072 = LINE('',#4073,#4074);
#4073 = CARTESIAN_POINT('',(-27.3,-13.3));
#4074 = VECTOR('',#4075,1.);
#4075 = DIRECTION('',(1.,-1.998537730432E-66));
#4076 = ( GEOMETRIC_REPRESENTATION_CONTEXT(2) 
PARAMETRIC_REPRESENTATION_CONTEXT() REPRESENTATION_CONTEXT('2D SPACE',''
  ) );
#4077 = ORIENTED_EDGE('',*,*,#4031,.T.);
#4078 = ORIENTED_EDGE('',*,*,#2898,.F.);
#4079 = ORIENTED_EDGE('',*,*,#4080,.F.);
#4080 = EDGE_CURVE('',#4056,#2866,#4081,.T.);
#4081 = SURFACE_CURVE('',#4082,(#4086,#4093),.PCURVE_S1.);
#4082 = LINE('',#4083,#4084);
#4083 = CARTESIAN_POINT('',(13.3,27.3,6.461553390593));
#4084 = VECTOR('',#4085,1.);
#4085 = DIRECTION('',(0.,0.,1.));
#4086 = PCURVE('',#2911,#4087);
#4087 = DEFINITIONAL_REPRESENTATION('',(#4088),#4092);
#4088 = LINE('',#4089,#4090);
#4089 = CARTESIAN_POINT('',(54.6,0.));
#4090 = VECTOR('',#4091,1.);
#4091 = DIRECTION('',(0.,-1.));
#4092 = ( GEOMETRIC_REPRESENTATION_CONTEXT(2) 
PARAMETRIC_REPRESENTATION_CONTEXT() REPRESENTATION_CONTEXT('2D SPACE',''
  ) );
#4093 = PCURVE('',#2886,#4094);
#4094 = DEFINITIONAL_REPRESENTATION('',(#4095),#4099);
#4095 = LINE('',#4096,#4097);
#4096 = CARTESIAN_POINT('',(8.881784197001E-16,-0.));
#4097 = VECTOR('',#4098,1.);
#4098 = DIRECTION('',(-0.,-1.));
#4099 = ( GEOMETRIC_REPRESENTATION_CONTEXT(2) 
PARAMETRIC_REPRESENTATION_CONTEXT() REPRESENTATION_CONTEXT('2D SPACE',''
  ) );
#4100 = ADVANCED_FACE('',(#4101),#2886,.F.);
#4101 = FACE_BOUND('',#4102,.T.);
#4102 = EDGE_LOOP('',(#4103,#4127,#4128,#4129));
#4103 = ORIENTED_EDGE('',*,*,#4104,.F.);
#4104 = EDGE_CURVE('',#4056,#4105,#4107,.T.);
#4105 = VERTEX_POINT('',#4106);
#4106 = CARTESIAN_POINT('',(7.3,33.3,6.461553390593));
#4107 = SURFACE_CURVE('',#4108,(#4113,#4120),.PCURVE_S1.);
#4108 = CIRCLE('',#4109,6.);
#4109 = AXIS2_PLACEMENT_3D('',#4110,#4111,#4112);
#4110 = CARTESIAN_POINT('',(7.3,27.3,6.461553390593));
#4111 = DIRECTION('',(0.,-0.,1.));
#4112 = DIRECTION('',(1.,0.,0.));
#4113 = PCURVE('',#2886,#4114);
#4114 = DEFINITIONAL_REPRESENTATION('',(#4115),#4119);
#4115 = LINE('',#4116,#4117);
#4116 = CARTESIAN_POINT('',(-0.,0.));
#4117 = VECTOR('',#4118,1.);
#4118 = DIRECTION('',(-1.,0.));
#4119 = ( GEOMETRIC_REPRESENTATION_CONTEXT(2) 
PARAMETRIC_REPRESENTATION_CONTEXT() REPRESENTATION_CONTEXT('2D SPACE',''
  ) );
#4120 = PCURVE('',#3997,#4121);
#4121 = DEFINITIONAL_REPRESENTATION('',(#4122),#4126);
#4122 = CIRCLE('',#4123,6.);
#4123 = AXIS2_PLACEMENT_2D('',#4124,#4125);
#4124 = CARTESIAN_POINT('',(27.3,-7.3));
#4125 = DIRECTION('',(0.,-1.));
#4126 = ( GEOMETRIC_REPRESENTATION_CONTEXT(2) 
PARAMETRIC_REPRESENTATION_CONTEXT() REPRESENTATION_CONTEXT('2D SPACE',''
  ) );
#4127 = ORIENTED_EDGE('',*,*,#4080,.T.);
#4128 = ORIENTED_EDGE('',*,*,#2865,.F.);
#4129 = ORIENTED_EDGE('',*,*,#4130,.F.);
#4130 = EDGE_CURVE('',#4105,#2840,#4131,.T.);
#4131 = SURFACE_CURVE('',#4132,(#4136,#4143),.PCURVE_S1.);
#4132 = LINE('',#4133,#4134);
#4133 = CARTESIAN_POINT('',(7.3,33.3,6.461553390593));
#4134 = VECTOR('',#4135,1.);
#4135 = DIRECTION('',(0.,0.,1.));
#4136 = PCURVE('',#2886,#4137);
#4137 = DEFINITIONAL_REPRESENTATION('',(#4138),#4142);
#4138 = LINE('',#4139,#4140);
#4139 = CARTESIAN_POINT('',(-1.570796326795,0.));
#4140 = VECTOR('',#4141,1.);
#4141 = DIRECTION('',(-0.,-1.));
#4142 = ( GEOMETRIC_REPRESENTATION_CONTEXT(2) 
PARAMETRIC_REPRESENTATION_CONTEXT() REPRESENTATION_CONTEXT('2D SPACE',''
  ) );
#4143 = PCURVE('',#2854,#4144);
#4144 = DEFINITIONAL_REPRESENTATION('',(#4145),#4149);
#4145 = LINE('',#4146,#4147);
#4146 = CARTESIAN_POINT('',(0.,-0.));
#4147 = VECTOR('',#4148,1.);
#4148 = DIRECTION('',(0.,-1.));
#4149 = ( GEOMETRIC_REPRESENTATION_CONTEXT(2) 
PARAMETRIC_REPRESENTATION_CONTEXT() REPRESENTATION_CONTEXT('2D SPACE',''
  ) );
#4150 = ADVANCED_FACE('',(#4151),#2854,.T.);
#4151 = FACE_BOUND('',#4152,.T.);
#4152 = EDGE_LOOP('',(#4153,#4176,#4177,#4178));
#4153 = ORIENTED_EDGE('',*,*,#4154,.F.);
#4154 = EDGE_CURVE('',#4105,#4155,#4157,.T.);
#4155 = VERTEX_POINT('',#4156);
#4156 = CARTESIAN_POINT('',(-7.3,33.3,6.461553390593));
#4157 = SURFACE_CURVE('',#4158,(#4162,#4169),.PCURVE_S1.);
#4158 = LINE('',#4159,#4160);
#4159 = CARTESIAN_POINT('',(7.3,33.3,6.461553390593));
#4160 = VECTOR('',#4161,1.);
#4161 = DIRECTION('',(-1.,0.,0.));
#4162 = PCURVE('',#2854,#4163);
#4163 = DEFINITIONAL_REPRESENTATION('',(#4164),#4168);
#4164 = LINE('',#4165,#4166);
#4165 = CARTESIAN_POINT('',(0.,-0.));
#4166 = VECTOR('',#4167,1.);
#4167 = DIRECTION('',(1.,0.));
#4168 = ( GEOMETRIC_REPRESENTATION_CONTEXT(2) 
PARAMETRIC_REPRESENTATION_CONTEXT() REPRESENTATION_CONTEXT('2D SPACE',''
  ) );
#4169 = PCURVE('',#3997,#4170);
#4170 = DEFINITIONAL_REPRESENTATION('',(#4171),#4175);
#4171 = LINE('',#4172,#4173);
#4172 = CARTESIAN_POINT('',(33.3,-7.3));
#4173 = VECTOR('',#4174,1.);
#4174 = DIRECTION('',(0.,1.));
#4175 = ( GEOMETRIC_REPRESENTATION_CONTEXT(2) 
PARAMETRIC_REPRESENTATION_CONTEXT() REPRESENTATION_CONTEXT('2D SPACE',''
  ) );
#4176 = ORIENTED_EDGE('',*,*,#4130,.T.);
#4177 = ORIENTED_EDGE('',*,*,#2839,.F.);
#4178 = ORIENTED_EDGE('',*,*,#4179,.F.);
#4179 = EDGE_CURVE('',#4155,#2807,#4180,.T.);
#4180 = SURFACE_CURVE('',#4181,(#4185,#4192),.PCURVE_S1.);
#4181 = LINE('',#4182,#4183);
#4182 = CARTESIAN_POINT('',(-7.3,33.3,6.461553390593));
#4183 = VECTOR('',#4184,1.);
#4184 = DIRECTION('',(0.,0.,1.));
#4185 = PCURVE('',#2854,#4186);
#4186 = DEFINITIONAL_REPRESENTATION('',(#4187),#4191);
#4187 = LINE('',#4188,#4189);
#4188 = CARTESIAN_POINT('',(14.6,0.));
#4189 = VECTOR('',#4190,1.);
#4190 = DIRECTION('',(0.,-1.));
#4191 = ( GEOMETRIC_REPRESENTATION_CONTEXT(2) 
PARAMETRIC_REPRESENTATION_CONTEXT() REPRESENTATION_CONTEXT('2D SPACE',''
  ) );
#4192 = PCURVE('',#2827,#4193);
#4193 = DEFINITIONAL_REPRESENTATION('',(#4194),#4198);
#4194 = LINE('',#4195,#4196);
#4195 = CARTESIAN_POINT('',(-1.570796326795,0.));
#4196 = VECTOR('',#4197,1.);
#4197 = DIRECTION('',(-0.,-1.));
#4198 = ( GEOMETRIC_REPRESENTATION_CONTEXT(2) 
PARAMETRIC_REPRESENTATION_CONTEXT() REPRESENTATION_CONTEXT('2D SPACE',''
  ) );
#4199 = ADVANCED_FACE('',(#4200),#2827,.F.);
#4200 = FACE_BOUND('',#4201,.T.);
#4201 = EDGE_LOOP('',(#4202,#4226,#4227,#4228));
#4202 = ORIENTED_EDGE('',*,*,#4203,.F.);
#4203 = EDGE_CURVE('',#4155,#4204,#4206,.T.);
#4204 = VERTEX_POINT('',#4205);
#4205 = CARTESIAN_POINT('',(-13.3,27.3,6.461553390593));
#4206 = SURFACE_CURVE('',#4207,(#4212,#4219),.PCURVE_S1.);
#4207 = CIRCLE('',#4208,6.);
#4208 = AXIS2_PLACEMENT_3D('',#4209,#4210,#4211);
#4209 = CARTESIAN_POINT('',(-7.3,27.3,6.461553390593));
#4210 = DIRECTION('',(0.,-0.,1.));
#4211 = DIRECTION('',(1.,0.,0.));
#4212 = PCURVE('',#2827,#4213);
#4213 = DEFINITIONAL_REPRESENTATION('',(#4214),#4218);
#4214 = LINE('',#4215,#4216);
#4215 = CARTESIAN_POINT('',(-0.,0.));
#4216 = VECTOR('',#4217,1.);
#4217 = DIRECTION('',(-1.,0.));
#4218 = ( GEOMETRIC_REPRESENTATION_CONTEXT(2) 
PARAMETRIC_REPRESENTATION_CONTEXT() REPRESENTATION_CONTEXT('2D SPACE',''
  ) );
#4219 = PCURVE('',#3997,#4220);
#4220 = DEFINITIONAL_REPRESENTATION('',(#4221),#4225);
#4221 = CIRCLE('',#4222,6.);
#4222 = AXIS2_PLACEMENT_2D('',#4223,#4224);
#4223 = CARTESIAN_POINT('',(27.3,7.3));
#4224 = DIRECTION('',(0.,-1.));
#4225 = ( GEOMETRIC_REPRESENTATION_CONTEXT(2) 
PARAMETRIC_REPRESENTATION_CONTEXT() REPRESENTATION_CONTEXT('2D SPACE',''
  ) );
#4226 = ORIENTED_EDGE('',*,*,#4179,.T.);
#4227 = ORIENTED_EDGE('',*,*,#2806,.F.);
#4228 = ORIENTED_EDGE('',*,*,#4229,.F.);
#4229 = EDGE_CURVE('',#4204,#2781,#4230,.T.);
#4230 = SURFACE_CURVE('',#4231,(#4235,#4242),.PCURVE_S1.);
#4231 = LINE('',#4232,#4233);
#4232 = CARTESIAN_POINT('',(-13.3,27.3,6.461553390593));
#4233 = VECTOR('',#4234,1.);
#4234 = DIRECTION('',(0.,0.,1.));
#4235 = PCURVE('',#2827,#4236);
#4236 = DEFINITIONAL_REPRESENTATION('',(#4237),#4241);
#4237 = LINE('',#4238,#4239);
#4238 = CARTESIAN_POINT('',(-3.14159265359,0.));
#4239 = VECTOR('',#4240,1.);
#4240 = DIRECTION('',(-0.,-1.));
#4241 = ( GEOMETRIC_REPRESENTATION_CONTEXT(2) 
PARAMETRIC_REPRESENTATION_CONTEXT() REPRESENTATION_CONTEXT('2D SPACE',''
  ) );
#4242 = PCURVE('',#2795,#4243);
#4243 = DEFINITIONAL_REPRESENTATION('',(#4244),#4248);
#4244 = LINE('',#4245,#4246);
#4245 = CARTESIAN_POINT('',(0.,0.));
#4246 = VECTOR('',#4247,1.);
#4247 = DIRECTION('',(0.,-1.));
#4248 = ( GEOMETRIC_REPRESENTATION_CONTEXT(2) 
PARAMETRIC_REPRESENTATION_CONTEXT() REPRESENTATION_CONTEXT('2D SPACE',''
  ) );
#4249 = ADVANCED_FACE('',(#4250),#2795,.T.);
#4250 = FACE_BOUND('',#4251,.T.);
#4251 = EDGE_LOOP('',(#4252,#4275,#4276,#4277));
#4252 = ORIENTED_EDGE('',*,*,#4253,.F.);
#4253 = EDGE_CURVE('',#4204,#4254,#4256,.T.);
#4254 = VERTEX_POINT('',#4255);
#4255 = CARTESIAN_POINT('',(-13.3,-27.3,6.461553390593));
#4256 = SURFACE_CURVE('',#4257,(#4261,#4268),.PCURVE_S1.);
#4257 = LINE('',#4258,#4259);
#4258 = CARTESIAN_POINT('',(-13.3,27.3,6.461553390593));
#4259 = VECTOR('',#4260,1.);
#4260 = DIRECTION('',(0.,-1.,-0.));
#4261 = PCURVE('',#2795,#4262);
#4262 = DEFINITIONAL_REPRESENTATION('',(#4263),#4267);
#4263 = LINE('',#4264,#4265);
#4264 = CARTESIAN_POINT('',(0.,0.));
#4265 = VECTOR('',#4266,1.);
#4266 = DIRECTION('',(1.,0.));
#4267 = ( GEOMETRIC_REPRESENTATION_CONTEXT(2) 
PARAMETRIC_REPRESENTATION_CONTEXT() REPRESENTATION_CONTEXT('2D SPACE',''
  ) );
#4268 = PCURVE('',#3997,#4269);
#4269 = DEFINITIONAL_REPRESENTATION('',(#4270),#4274);
#4270 = LINE('',#4271,#4272);
#4271 = CARTESIAN_POINT('',(27.3,13.3));
#4272 = VECTOR('',#4273,1.);
#4273 = DIRECTION('',(-1.,1.998537730432E-66));
#4274 = ( GEOMETRIC_REPRESENTATION_CONTEXT(2) 
PARAMETRIC_REPRESENTATION_CONTEXT() REPRESENTATION_CONTEXT('2D SPACE',''
  ) );
#4275 = ORIENTED_EDGE('',*,*,#4229,.T.);
#4276 = ORIENTED_EDGE('',*,*,#2780,.F.);
#4277 = ORIENTED_EDGE('',*,*,#4278,.F.);
#4278 = EDGE_CURVE('',#4254,#2748,#4279,.T.);
#4279 = SURFACE_CURVE('',#4280,(#4284,#4291),.PCURVE_S1.);
#4280 = LINE('',#4281,#4282);
#4281 = CARTESIAN_POINT('',(-13.3,-27.3,6.461553390593));
#4282 = VECTOR('',#4283,1.);
#4283 = DIRECTION('',(0.,0.,1.));
#4284 = PCURVE('',#2795,#4285);
#4285 = DEFINITIONAL_REPRESENTATION('',(#4286),#4290);
#4286 = LINE('',#4287,#4288);
#4287 = CARTESIAN_POINT('',(54.6,0.));
#4288 = VECTOR('',#4289,1.);
#4289 = DIRECTION('',(0.,-1.));
#4290 = ( GEOMETRIC_REPRESENTATION_CONTEXT(2) 
PARAMETRIC_REPRESENTATION_CONTEXT() REPRESENTATION_CONTEXT('2D SPACE',''
  ) );
#4291 = PCURVE('',#2768,#4292);
#4292 = DEFINITIONAL_REPRESENTATION('',(#4293),#4297);
#4293 = LINE('',#4294,#4295);
#4294 = CARTESIAN_POINT('',(-3.14159265359,0.));
#4295 = VECTOR('',#4296,1.);
#4296 = DIRECTION('',(-0.,-1.));
#4297 = ( GEOMETRIC_REPRESENTATION_CONTEXT(2) 
PARAMETRIC_REPRESENTATION_CONTEXT() REPRESENTATION_CONTEXT('2D SPACE',''
  ) );
#4298 = ADVANCED_FACE('',(#4299),#2768,.F.);
#4299 = FACE_BOUND('',#4300,.T.);
#4300 = EDGE_LOOP('',(#4301,#4325,#4326,#4327));
#4301 = ORIENTED_EDGE('',*,*,#4302,.F.);
#4302 = EDGE_CURVE('',#4254,#4303,#4305,.T.);
#4303 = VERTEX_POINT('',#4304);
#4304 = CARTESIAN_POINT('',(-7.3,-33.3,6.461553390593));
#4305 = SURFACE_CURVE('',#4306,(#4311,#4318),.PCURVE_S1.);
#4306 = CIRCLE('',#4307,6.);
#4307 = AXIS2_PLACEMENT_3D('',#4308,#4309,#4310);
#4308 = CARTESIAN_POINT('',(-7.3,-27.3,6.461553390593));
#4309 = DIRECTION('',(0.,-0.,1.));
#4310 = DIRECTION('',(1.,0.,0.));
#4311 = PCURVE('',#2768,#4312);
#4312 = DEFINITIONAL_REPRESENTATION('',(#4313),#4317);
#4313 = LINE('',#4314,#4315);
#4314 = CARTESIAN_POINT('',(-0.,0.));
#4315 = VECTOR('',#4316,1.);
#4316 = DIRECTION('',(-1.,0.));
#4317 = ( GEOMETRIC_REPRESENTATION_CONTEXT(2) 
PARAMETRIC_REPRESENTATION_CONTEXT() REPRESENTATION_CONTEXT('2D SPACE',''
  ) );
#4318 = PCURVE('',#3997,#4319);
#4319 = DEFINITIONAL_REPRESENTATION('',(#4320),#4324);
#4320 = CIRCLE('',#4321,6.);
#4321 = AXIS2_PLACEMENT_2D('',#4322,#4323);
#4322 = CARTESIAN_POINT('',(-27.3,7.3));
#4323 = DIRECTION('',(0.,-1.));
#4324 = ( GEOMETRIC_REPRESENTATION_CONTEXT(2) 
PARAMETRIC_REPRESENTATION_CONTEXT() REPRESENTATION_CONTEXT('2D SPACE',''
  ) );
#4325 = ORIENTED_EDGE('',*,*,#4278,.T.);
#4326 = ORIENTED_EDGE('',*,*,#2747,.F.);
#4327 = ORIENTED_EDGE('',*,*,#4328,.F.);
#4328 = EDGE_CURVE('',#4303,#2722,#4329,.T.);
#4329 = SURFACE_CURVE('',#4330,(#4334,#4341),.PCURVE_S1.);
#4330 = LINE('',#4331,#4332);
#4331 = CARTESIAN_POINT('',(-7.3,-33.3,6.461553390593));
#4332 = VECTOR('',#4333,1.);
#4333 = DIRECTION('',(0.,0.,1.));
#4334 = PCURVE('',#2768,#4335);
#4335 = DEFINITIONAL_REPRESENTATION('',(#4336),#4340);
#4336 = LINE('',#4337,#4338);
#4337 = CARTESIAN_POINT('',(-4.712388980385,0.));
#4338 = VECTOR('',#4339,1.);
#4339 = DIRECTION('',(-0.,-1.));
#4340 = ( GEOMETRIC_REPRESENTATION_CONTEXT(2) 
PARAMETRIC_REPRESENTATION_CONTEXT() REPRESENTATION_CONTEXT('2D SPACE',''
  ) );
#4341 = PCURVE('',#2736,#4342);
#4342 = DEFINITIONAL_REPRESENTATION('',(#4343),#4347);
#4343 = LINE('',#4344,#4345);
#4344 = CARTESIAN_POINT('',(0.,0.));
#4345 = VECTOR('',#4346,1.);
#4346 = DIRECTION('',(0.,-1.));
#4347 = ( GEOMETRIC_REPRESENTATION_CONTEXT(2) 
PARAMETRIC_REPRESENTATION_CONTEXT() REPRESENTATION_CONTEXT('2D SPACE',''
  ) );
#4348 = ADVANCED_FACE('',(#4349),#2736,.T.);
#4349 = FACE_BOUND('',#4350,.T.);
#4350 = EDGE_LOOP('',(#4351,#4372,#4373,#4374));
#4351 = ORIENTED_EDGE('',*,*,#4352,.F.);
#4352 = EDGE_CURVE('',#4303,#3979,#4353,.T.);
#4353 = SURFACE_CURVE('',#4354,(#4358,#4365),.PCURVE_S1.);
#4354 = LINE('',#4355,#4356);
#4355 = CARTESIAN_POINT('',(-7.3,-33.3,6.461553390593));
#4356 = VECTOR('',#4357,1.);
#4357 = DIRECTION('',(1.,0.,0.));
#4358 = PCURVE('',#2736,#4359);
#4359 = DEFINITIONAL_REPRESENTATION('',(#4360),#4364);
#4360 = LINE('',#4361,#4362);
#4361 = CARTESIAN_POINT('',(0.,0.));
#4362 = VECTOR('',#4363,1.);
#4363 = DIRECTION('',(1.,0.));
#4364 = ( GEOMETRIC_REPRESENTATION_CONTEXT(2) 
PARAMETRIC_REPRESENTATION_CONTEXT() REPRESENTATION_CONTEXT('2D SPACE',''
  ) );
#4365 = PCURVE('',#3997,#4366);
#4366 = DEFINITIONAL_REPRESENTATION('',(#4367),#4371);
#4367 = LINE('',#4368,#4369);
#4368 = CARTESIAN_POINT('',(-33.3,7.3));
#4369 = VECTOR('',#4370,1.);
#4370 = DIRECTION('',(0.,-1.));
#4371 = ( GEOMETRIC_REPRESENTATION_CONTEXT(2) 
PARAMETRIC_REPRESENTATION_CONTEXT() REPRESENTATION_CONTEXT('2D SPACE',''
  ) );
#4372 = ORIENTED_EDGE('',*,*,#4328,.T.);
#4373 = ORIENTED_EDGE('',*,*,#2721,.F.);
#4374 = ORIENTED_EDGE('',*,*,#4009,.F.);
#4375 = ADVANCED_FACE('',(#4376),#3005,.F.);
#4376 = FACE_BOUND('',#4377,.F.);
#4377 = EDGE_LOOP('',(#4378,#4379,#4380));
#4378 = ORIENTED_EDGE('',*,*,#3045,.T.);
#4379 = ORIENTED_EDGE('',*,*,#2993,.T.);
#4380 = ORIENTED_EDGE('',*,*,#3652,.T.);
#4381 = ADVANCED_FACE('',(#4382),#3489,.F.);
#4382 = FACE_BOUND('',#4383,.F.);
#4383 = EDGE_LOOP('',(#4384,#4385,#4386));
#4384 = ORIENTED_EDGE('',*,*,#3543,.T.);
#4385 = ORIENTED_EDGE('',*,*,#3474,.T.);
#4386 = ORIENTED_EDGE('',*,*,#3567,.T.);
#4387 = ADVANCED_FACE('',(#4388,#4482),#3712,.F.);
#4388 = FACE_BOUND('',#4389,.F.);
#4389 = EDGE_LOOP('',(#4390,#4438));
#4390 = ORIENTED_EDGE('',*,*,#4391,.T.);
#4391 = EDGE_CURVE('',#4392,#4394,#4396,.T.);
#4392 = VERTEX_POINT('',#4393);
#4393 = CARTESIAN_POINT('',(-2.,-16.65,3.078553390593));
#4394 = VERTEX_POINT('',#4395);
#4395 = CARTESIAN_POINT('',(2.,-16.65,3.078553390593));
#4396 = SURFACE_CURVE('',#4397,(#4405,#4416),.PCURVE_S1.);
#4397 = ( BOUNDED_CURVE() B_SPLINE_CURVE(6,(#4398,#4399,#4400,#4401,
#4402,#4403,#4404),.UNSPECIFIED.,.F.,.F.) B_SPLINE_CURVE_WITH_KNOTS((7,7
),(0.,3.14159265359),.PIECEWISE_BEZIER_KNOTS.) CURVE() 
GEOMETRIC_REPRESENTATION_ITEM() RATIONAL_B_SPLINE_CURVE((1.132556574715,
    1.036346631341,0.992316309354,0.976461899693,0.992316309354,
1.036346631341,1.132556574715)) REPRESENTATION_ITEM('') );
#4398 = CARTESIAN_POINT('',(-2.,-16.65,3.078553390593));
#4399 = CARTESIAN_POINT('',(-2.,-15.50590360185,3.078553390593));
#4400 = CARTESIAN_POINT('',(-1.2494553522,-14.50247255882,3.078553390593
    ));
#4401 = CARTESIAN_POINT('',(2.22044604925E-16,-14.09787587216,
    3.078553390593));
#4402 = CARTESIAN_POINT('',(1.2494553522,-14.50247255882,3.078553390593)
  );
#4403 = CARTESIAN_POINT('',(2.,-15.50590360185,3.078553390593));
#4404 = CARTESIAN_POINT('',(2.,-16.65,3.078553390593));
#4405 = PCURVE('',#3712,#4406);
#4406 = DEFINITIONAL_REPRESENTATION('',(#4407),#4415);
#4407 = ( BOUNDED_CURVE() B_SPLINE_CURVE(6,(#4408,#4409,#4410,#4411,
#4412,#4413,#4414),.UNSPECIFIED.,.F.,.F.) B_SPLINE_CURVE_WITH_KNOTS((7,7
),(0.,3.14159265359),.PIECEWISE_BEZIER_KNOTS.) CURVE() 
GEOMETRIC_REPRESENTATION_ITEM() RATIONAL_B_SPLINE_CURVE((1.132556574715,
    1.036346631341,0.992316309354,0.976461899693,0.992316309354,
1.036346631341,1.132556574715)) REPRESENTATION_ITEM('') );
#4408 = CARTESIAN_POINT('',(0.,2.));
#4409 = CARTESIAN_POINT('',(-1.144096398145,2.));
#4410 = CARTESIAN_POINT('',(-2.147527441177,1.2494553522));
#4411 = CARTESIAN_POINT('',(-2.552124127831,-2.5779104134E-16));
#4412 = CARTESIAN_POINT('',(-2.147527441177,-1.2494553522));
#4413 = CARTESIAN_POINT('',(-1.144096398145,-2.));
#4414 = CARTESIAN_POINT('',(0.,-2.));
#4415 = ( GEOMETRIC_REPRESENTATION_CONTEXT(2) 
PARAMETRIC_REPRESENTATION_CONTEXT() REPRESENTATION_CONTEXT('2D SPACE',''
  ) );
#4416 = PCURVE('',#4417,#4432);
#4417 = ( BOUNDED_SURFACE() B_SPLINE_SURFACE(6,1,(
    (#4418,#4419)
    ,(#4420,#4421)
    ,(#4422,#4423)
    ,(#4424,#4425)
    ,(#4426,#4427)
    ,(#4428,#4429)
    ,(#4430,#4431
)),.UNSPECIFIED.,.F.,.F.,.F.) B_SPLINE_SURFACE_WITH_KNOTS((7,7),(2,2),(
    0.,3.14159265359),(0.,3.383),.PIECEWISE_BEZIER_KNOTS.) 
GEOMETRIC_REPRESENTATION_ITEM() RATIONAL_B_SPLINE_SURFACE((
    (1.132556574715,1.132556574715)
    ,(1.036346631341,1.036346631341)
    ,(0.992316309354,0.992316309354)
    ,(0.976461899693,0.976461899693)
    ,(0.992316309354,0.992316309354)
    ,(1.036346631341,1.036346631341)
,(1.132556574715,1.132556574715))) REPRESENTATION_ITEM('') SURFACE() );
#4418 = CARTESIAN_POINT('',(-2.,-16.65,3.078553390593));
#4419 = CARTESIAN_POINT('',(-4.35,-16.65,6.461553390593));
#4420 = CARTESIAN_POINT('',(-2.,-15.50590360185,3.078553390593));
#4421 = CARTESIAN_POINT('',(-4.35,-14.16159033403,6.461553390593));
#4422 = CARTESIAN_POINT('',(-1.2494553522,-14.50247255882,3.078553390593
    ));
#4423 = CARTESIAN_POINT('',(-2.717565391035,-11.97912781544,
    6.461553390593));
#4424 = CARTESIAN_POINT('',(2.22044604925E-16,-14.09787587216,
    3.078553390593));
#4425 = CARTESIAN_POINT('',(6.661338147751E-16,-11.09913002196,
    6.461553390593));
#4426 = CARTESIAN_POINT('',(1.2494553522,-14.50247255882,3.078553390593)
  );
#4427 = CARTESIAN_POINT('',(2.717565391035,-11.97912781544,
    6.461553390593));
#4428 = CARTESIAN_POINT('',(2.,-15.50590360185,3.078553390593));
#4429 = CARTESIAN_POINT('',(4.35,-14.16159033403,6.461553390593));
#4430 = CARTESIAN_POINT('',(2.,-16.65,3.078553390593));
#4431 = CARTESIAN_POINT('',(4.35,-16.65,6.461553390593));
#4432 = DEFINITIONAL_REPRESENTATION('',(#4433),#4437);
#4433 = LINE('',#4434,#4435);
#4434 = CARTESIAN_POINT('',(0.,0.));
#4435 = VECTOR('',#4436,1.);
#4436 = DIRECTION('',(1.,0.));
#4437 = ( GEOMETRIC_REPRESENTATION_CONTEXT(2) 
PARAMETRIC_REPRESENTATION_CONTEXT() REPRESENTATION_CONTEXT('2D SPACE',''
  ) );
#4438 = ORIENTED_EDGE('',*,*,#4439,.T.);
#4439 = EDGE_CURVE('',#4394,#4392,#4440,.T.);
#4440 = SURFACE_CURVE('',#4441,(#4449,#4460),.PCURVE_S1.);
#4441 = ( BOUNDED_CURVE() B_SPLINE_CURVE(6,(#4442,#4443,#4444,#4445,
#4446,#4447,#4448),.UNSPECIFIED.,.F.,.F.) B_SPLINE_CURVE_WITH_KNOTS((7,7
),(0.,3.14159265359),.PIECEWISE_BEZIER_KNOTS.) CURVE() 
GEOMETRIC_REPRESENTATION_ITEM() RATIONAL_B_SPLINE_CURVE((1.132556574715,
    1.036346631341,0.992316309354,0.976461899693,0.992316309354,
1.036346631341,1.132556574715)) REPRESENTATION_ITEM('') );
#4442 = CARTESIAN_POINT('',(2.,-16.65,3.078553390593));
#4443 = CARTESIAN_POINT('',(2.,-17.79409639814,3.078553390593));
#4444 = CARTESIAN_POINT('',(1.2494553522,-18.79752744117,3.078553390593)
  );
#4445 = CARTESIAN_POINT('',(-2.22044604925E-16,-19.20212412783,
    3.078553390593));
#4446 = CARTESIAN_POINT('',(-1.2494553522,-18.79752744117,3.078553390593
    ));
#4447 = CARTESIAN_POINT('',(-2.,-17.79409639814,3.078553390593));
#4448 = CARTESIAN_POINT('',(-2.,-16.65,3.078553390593));
#4449 = PCURVE('',#3712,#4450);
#4450 = DEFINITIONAL_REPRESENTATION('',(#4451),#4459);
#4451 = ( BOUNDED_CURVE() B_SPLINE_CURVE(6,(#4452,#4453,#4454,#4455,
#4456,#4457,#4458),.UNSPECIFIED.,.F.,.F.) B_SPLINE_CURVE_WITH_KNOTS((7,7
),(0.,3.14159265359),.PIECEWISE_BEZIER_KNOTS.) CURVE() 
GEOMETRIC_REPRESENTATION_ITEM() RATIONAL_B_SPLINE_CURVE((1.132556574715,
    1.036346631341,0.992316309354,0.976461899693,0.992316309354,
1.036346631341,1.132556574715)) REPRESENTATION_ITEM('') );
#4452 = CARTESIAN_POINT('',(0.,-2.));
#4453 = CARTESIAN_POINT('',(1.144096398145,-2.));
#4454 = CARTESIAN_POINT('',(2.147527441177,-1.2494553522));
#4455 = CARTESIAN_POINT('',(2.552124127831,1.8629816851E-16));
#4456 = CARTESIAN_POINT('',(2.147527441177,1.2494553522));
#4457 = CARTESIAN_POINT('',(1.144096398145,2.));
#4458 = CARTESIAN_POINT('',(0.,2.));
#4459 = ( GEOMETRIC_REPRESENTATION_CONTEXT(2) 
PARAMETRIC_REPRESENTATION_CONTEXT() REPRESENTATION_CONTEXT('2D SPACE',''
  ) );
#4460 = PCURVE('',#4461,#4476);
#4461 = ( BOUNDED_SURFACE() B_SPLINE_SURFACE(6,1,(
    (#4462,#4463)
    ,(#4464,#4465)
    ,(#4466,#4467)
    ,(#4468,#4469)
    ,(#4470,#4471)
    ,(#4472,#4473)
    ,(#4474,#4475
)),.UNSPECIFIED.,.F.,.F.,.F.) B_SPLINE_SURFACE_WITH_KNOTS((7,7),(2,2),(
    0.,3.14159265359),(0.,3.383),.PIECEWISE_BEZIER_KNOTS.) 
GEOMETRIC_REPRESENTATION_ITEM() RATIONAL_B_SPLINE_SURFACE((
    (1.132556574715,1.132556574715)
    ,(1.036346631341,1.036346631341)
    ,(0.992316309354,0.992316309354)
    ,(0.976461899693,0.976461899693)
    ,(0.992316309354,0.992316309354)
    ,(1.036346631341,1.036346631341)
,(1.132556574715,1.132556574715))) REPRESENTATION_ITEM('') SURFACE() );
#4462 = CARTESIAN_POINT('',(2.,-16.65,3.078553390593));
#4463 = CARTESIAN_POINT('',(4.35,-16.65,6.461553390593));
#4464 = CARTESIAN_POINT('',(2.,-17.79409639814,3.078553390593));
#4465 = CARTESIAN_POINT('',(4.35,-19.13840966596,6.461553390593));
#4466 = CARTESIAN_POINT('',(1.2494553522,-18.79752744117,3.078553390593)
  );
#4467 = CARTESIAN_POINT('',(2.717565391035,-21.32087218455,
    6.461553390593));
#4468 = CARTESIAN_POINT('',(-2.22044604925E-16,-19.20212412783,
    3.078553390593));
#4469 = CARTESIAN_POINT('',(-6.661338147751E-16,-22.20086997803,
    6.461553390593));
#4470 = CARTESIAN_POINT('',(-1.2494553522,-18.79752744117,3.078553390593
    ));
#4471 = CARTESIAN_POINT('',(-2.717565391035,-21.32087218455,
    6.461553390593));
#4472 = CARTESIAN_POINT('',(-2.,-17.79409639814,3.078553390593));
#4473 = CARTESIAN_POINT('',(-4.35,-19.13840966596,6.461553390593));
#4474 = CARTESIAN_POINT('',(-2.,-16.65,3.078553390593));
#4475 = CARTESIAN_POINT('',(-4.35,-16.65,6.461553390593));
#4476 = DEFINITIONAL_REPRESENTATION('',(#4477),#4481);
#4477 = LINE('',#4478,#4479);
#4478 = CARTESIAN_POINT('',(0.,0.));
#4479 = VECTOR('',#4480,1.);
#4480 = DIRECTION('',(1.,0.));
#4481 = ( GEOMETRIC_REPRESENTATION_CONTEXT(2) 
PARAMETRIC_REPRESENTATION_CONTEXT() REPRESENTATION_CONTEXT('2D SPACE',''
  ) );
#4482 = FACE_BOUND('',#4483,.F.);
#4483 = EDGE_LOOP('',(#4484));
#4484 = ORIENTED_EDGE('',*,*,#3697,.F.);
#4485 = ADVANCED_FACE('',(#4486,#4517),#3821,.F.);
#4486 = FACE_BOUND('',#4487,.F.);
#4487 = EDGE_LOOP('',(#4488));
#4488 = ORIENTED_EDGE('',*,*,#4489,.T.);
#4489 = EDGE_CURVE('',#4490,#4490,#4492,.T.);
#4490 = VERTEX_POINT('',#4491);
#4491 = CARTESIAN_POINT('',(-3.,-1.836970250913E-16,5.461553390593));
#4492 = SURFACE_CURVE('',#4493,(#4498,#4505),.PCURVE_S1.);
#4493 = CIRCLE('',#4494,3.);
#4494 = AXIS2_PLACEMENT_3D('',#4495,#4496,#4497);
#4495 = CARTESIAN_POINT('',(0.,0.,5.461553390593));
#4496 = DIRECTION('',(0.,0.,-1.));
#4497 = DIRECTION('',(-1.,0.,0.));
#4498 = PCURVE('',#3821,#4499);
#4499 = DEFINITIONAL_REPRESENTATION('',(#4500),#4504);
#4500 = CIRCLE('',#4501,3.);
#4501 = AXIS2_PLACEMENT_2D('',#4502,#4503);
#4502 = CARTESIAN_POINT('',(9.868649107779E-17,3.061616997868E-17));
#4503 = DIRECTION('',(1.,0.));
#4504 = ( GEOMETRIC_REPRESENTATION_CONTEXT(2) 
PARAMETRIC_REPRESENTATION_CONTEXT() REPRESENTATION_CONTEXT('2D SPACE',''
  ) );
#4505 = PCURVE('',#4506,#4511);
#4506 = CYLINDRICAL_SURFACE('',#4507,3.);
#4507 = AXIS2_PLACEMENT_3D('',#4508,#4509,#4510);
#4508 = CARTESIAN_POINT('',(0.,0.,5.461553390593));
#4509 = DIRECTION('',(0.,0.,-1.));
#4510 = DIRECTION('',(-1.,0.,0.));
#4511 = DEFINITIONAL_REPRESENTATION('',(#4512),#4516);
#4512 = LINE('',#4513,#4514);
#4513 = CARTESIAN_POINT('',(0.,0.));
#4514 = VECTOR('',#4515,1.);
#4515 = DIRECTION('',(1.,0.));
#4516 = ( GEOMETRIC_REPRESENTATION_CONTEXT(2) 
PARAMETRIC_REPRESENTATION_CONTEXT() REPRESENTATION_CONTEXT('2D SPACE',''
  ) );
#4517 = FACE_BOUND('',#4518,.F.);
#4518 = EDGE_LOOP('',(#4519));
#4519 = ORIENTED_EDGE('',*,*,#3806,.F.);
#4520 = ADVANCED_FACE('',(#4521,#4615),#3929,.F.);
#4521 = FACE_BOUND('',#4522,.F.);
#4522 = EDGE_LOOP('',(#4523,#4571));
#4523 = ORIENTED_EDGE('',*,*,#4524,.T.);
#4524 = EDGE_CURVE('',#4525,#4527,#4529,.T.);
#4525 = VERTEX_POINT('',#4526);
#4526 = CARTESIAN_POINT('',(-2.,16.65,3.078553390593));
#4527 = VERTEX_POINT('',#4528);
#4528 = CARTESIAN_POINT('',(2.,16.65,3.078553390593));
#4529 = SURFACE_CURVE('',#4530,(#4538,#4549),.PCURVE_S1.);
#4530 = ( BOUNDED_CURVE() B_SPLINE_CURVE(6,(#4531,#4532,#4533,#4534,
#4535,#4536,#4537),.UNSPECIFIED.,.F.,.F.) B_SPLINE_CURVE_WITH_KNOTS((7,7
),(0.,3.14159265359),.PIECEWISE_BEZIER_KNOTS.) CURVE() 
GEOMETRIC_REPRESENTATION_ITEM() RATIONAL_B_SPLINE_CURVE((1.132556574715,
    1.036346631341,0.992316309354,0.976461899693,0.992316309354,
1.036346631341,1.132556574715)) REPRESENTATION_ITEM('') );
#4531 = CARTESIAN_POINT('',(-2.,16.65,3.078553390593));
#4532 = CARTESIAN_POINT('',(-2.,17.794096398145,3.078553390593));
#4533 = CARTESIAN_POINT('',(-1.2494553522,18.797527441177,3.078553390593
    ));
#4534 = CARTESIAN_POINT('',(2.22044604925E-16,19.202124127831,
    3.078553390593));
#4535 = CARTESIAN_POINT('',(1.2494553522,18.797527441177,3.078553390593)
  );
#4536 = CARTESIAN_POINT('',(2.,17.794096398145,3.078553390593));
#4537 = CARTESIAN_POINT('',(2.,16.65,3.078553390593));
#4538 = PCURVE('',#3929,#4539);
#4539 = DEFINITIONAL_REPRESENTATION('',(#4540),#4548);
#4540 = ( BOUNDED_CURVE() B_SPLINE_CURVE(6,(#4541,#4542,#4543,#4544,
#4545,#4546,#4547),.UNSPECIFIED.,.F.,.F.) B_SPLINE_CURVE_WITH_KNOTS((7,7
),(0.,3.14159265359),.PIECEWISE_BEZIER_KNOTS.) CURVE() 
GEOMETRIC_REPRESENTATION_ITEM() RATIONAL_B_SPLINE_CURVE((1.132556574715,
    1.036346631341,0.992316309354,0.976461899693,0.992316309354,
1.036346631341,1.132556574715)) REPRESENTATION_ITEM('') );
#4541 = CARTESIAN_POINT('',(0.,2.));
#4542 = CARTESIAN_POINT('',(-1.144096398145,2.));
#4543 = CARTESIAN_POINT('',(-2.147527441177,1.2494553522));
#4544 = CARTESIAN_POINT('',(-2.552124127831,-2.5779104134E-16));
#4545 = CARTESIAN_POINT('',(-2.147527441177,-1.2494553522));
#4546 = CARTESIAN_POINT('',(-1.144096398145,-2.));
#4547 = CARTESIAN_POINT('',(0.,-2.));
#4548 = ( GEOMETRIC_REPRESENTATION_CONTEXT(2) 
PARAMETRIC_REPRESENTATION_CONTEXT() REPRESENTATION_CONTEXT('2D SPACE',''
  ) );
#4549 = PCURVE('',#4550,#4565);
#4550 = ( BOUNDED_SURFACE() B_SPLINE_SURFACE(6,1,(
    (#4551,#4552)
    ,(#4553,#4554)
    ,(#4555,#4556)
    ,(#4557,#4558)
    ,(#4559,#4560)
    ,(#4561,#4562)
    ,(#4563,#4564
)),.UNSPECIFIED.,.F.,.F.,.F.) B_SPLINE_SURFACE_WITH_KNOTS((7,7),(2,2),(
    0.,3.14159265359),(0.,3.383),.PIECEWISE_BEZIER_KNOTS.) 
GEOMETRIC_REPRESENTATION_ITEM() RATIONAL_B_SPLINE_SURFACE((
    (1.132556574715,1.132556574715)
    ,(1.036346631341,1.036346631341)
    ,(0.992316309354,0.992316309354)
    ,(0.976461899693,0.976461899693)
    ,(0.992316309354,0.992316309354)
    ,(1.036346631341,1.036346631341)
,(1.132556574715,1.132556574715))) REPRESENTATION_ITEM('') SURFACE() );
#4551 = CARTESIAN_POINT('',(-2.,16.65,3.078553390593));
#4552 = CARTESIAN_POINT('',(-4.35,16.65,6.461553390593));
#4553 = CARTESIAN_POINT('',(-2.,17.794096398145,3.078553390593));
#4554 = CARTESIAN_POINT('',(-4.35,19.138409665966,6.461553390593));
#4555 = CARTESIAN_POINT('',(-1.2494553522,18.797527441177,3.078553390593
    ));
#4556 = CARTESIAN_POINT('',(-2.717565391035,21.320872184559,
    6.461553390593));
#4557 = CARTESIAN_POINT('',(2.22044604925E-16,19.202124127831,
    3.078553390593));
#4558 = CARTESIAN_POINT('',(6.661338147751E-16,22.200869978033,
    6.461553390593));
#4559 = CARTESIAN_POINT('',(1.2494553522,18.797527441177,3.078553390593)
  );
#4560 = CARTESIAN_POINT('',(2.717565391035,21.320872184559,
    6.461553390593));
#4561 = CARTESIAN_POINT('',(2.,17.794096398145,3.078553390593));
#4562 = CARTESIAN_POINT('',(4.35,19.138409665966,6.461553390593));
#4563 = CARTESIAN_POINT('',(2.,16.65,3.078553390593));
#4564 = CARTESIAN_POINT('',(4.35,16.65,6.461553390593));
#4565 = DEFINITIONAL_REPRESENTATION('',(#4566),#4570);
#4566 = LINE('',#4567,#4568);
#4567 = CARTESIAN_POINT('',(0.,0.));
#4568 = VECTOR('',#4569,1.);
#4569 = DIRECTION('',(1.,0.));
#4570 = ( GEOMETRIC_REPRESENTATION_CONTEXT(2) 
PARAMETRIC_REPRESENTATION_CONTEXT() REPRESENTATION_CONTEXT('2D SPACE',''
  ) );
#4571 = ORIENTED_EDGE('',*,*,#4572,.T.);
#4572 = EDGE_CURVE('',#4527,#4525,#4573,.T.);
#4573 = SURFACE_CURVE('',#4574,(#4582,#4593),.PCURVE_S1.);
#4574 = ( BOUNDED_CURVE() B_SPLINE_CURVE(6,(#4575,#4576,#4577,#4578,
#4579,#4580,#4581),.UNSPECIFIED.,.F.,.F.) B_SPLINE_CURVE_WITH_KNOTS((7,7
),(0.,3.14159265359),.PIECEWISE_BEZIER_KNOTS.) CURVE() 
GEOMETRIC_REPRESENTATION_ITEM() RATIONAL_B_SPLINE_CURVE((1.132556574715,
    1.036346631341,0.992316309354,0.976461899693,0.992316309354,
1.036346631341,1.132556574715)) REPRESENTATION_ITEM('') );
#4575 = CARTESIAN_POINT('',(2.,16.65,3.078553390593));
#4576 = CARTESIAN_POINT('',(2.,15.505903601855,3.078553390593));
#4577 = CARTESIAN_POINT('',(1.2494553522,14.502472558823,3.078553390593)
  );
#4578 = CARTESIAN_POINT('',(-2.22044604925E-16,14.097875872169,
    3.078553390593));
#4579 = CARTESIAN_POINT('',(-1.2494553522,14.502472558823,3.078553390593
    ));
#4580 = CARTESIAN_POINT('',(-2.,15.505903601855,3.078553390593));
#4581 = CARTESIAN_POINT('',(-2.,16.65,3.078553390593));
#4582 = PCURVE('',#3929,#4583);
#4583 = DEFINITIONAL_REPRESENTATION('',(#4584),#4592);
#4584 = ( BOUNDED_CURVE() B_SPLINE_CURVE(6,(#4585,#4586,#4587,#4588,
#4589,#4590,#4591),.UNSPECIFIED.,.F.,.F.) B_SPLINE_CURVE_WITH_KNOTS((7,7
),(0.,3.14159265359),.PIECEWISE_BEZIER_KNOTS.) CURVE() 
GEOMETRIC_REPRESENTATION_ITEM() RATIONAL_B_SPLINE_CURVE((1.132556574715,
    1.036346631341,0.992316309354,0.976461899693,0.992316309354,
1.036346631341,1.132556574715)) REPRESENTATION_ITEM('') );
#4585 = CARTESIAN_POINT('',(0.,-2.));
#4586 = CARTESIAN_POINT('',(1.144096398145,-2.));
#4587 = CARTESIAN_POINT('',(2.147527441177,-1.2494553522));
#4588 = CARTESIAN_POINT('',(2.552124127831,1.8629816851E-16));
#4589 = CARTESIAN_POINT('',(2.147527441177,1.2494553522));
#4590 = CARTESIAN_POINT('',(1.144096398145,2.));
#4591 = CARTESIAN_POINT('',(0.,2.));
#4592 = ( GEOMETRIC_REPRESENTATION_CONTEXT(2) 
PARAMETRIC_REPRESENTATION_CONTEXT() REPRESENTATION_CONTEXT('2D SPACE',''
  ) );
#4593 = PCURVE('',#4594,#4609);
#4594 = ( BOUNDED_SURFACE() B_SPLINE_SURFACE(6,1,(
    (#4595,#4596)
    ,(#4597,#4598)
    ,(#4599,#4600)
    ,(#4601,#4602)
    ,(#4603,#4604)
    ,(#4605,#4606)
    ,(#4607,#4608
)),.UNSPECIFIED.,.F.,.F.,.F.) B_SPLINE_SURFACE_WITH_KNOTS((7,7),(2,2),(
    0.,3.14159265359),(0.,3.383),.PIECEWISE_BEZIER_KNOTS.) 
GEOMETRIC_REPRESENTATION_ITEM() RATIONAL_B_SPLINE_SURFACE((
    (1.132556574715,1.132556574715)
    ,(1.036346631341,1.036346631341)
    ,(0.992316309354,0.992316309354)
    ,(0.976461899693,0.976461899693)
    ,(0.992316309354,0.992316309354)
    ,(1.036346631341,1.036346631341)
,(1.132556574715,1.132556574715))) REPRESENTATION_ITEM('') SURFACE() );
#4595 = CARTESIAN_POINT('',(2.,16.65,3.078553390593));
#4596 = CARTESIAN_POINT('',(4.35,16.65,6.461553390593));
#4597 = CARTESIAN_POINT('',(2.,15.505903601855,3.078553390593));
#4598 = CARTESIAN_POINT('',(4.35,14.161590334034,6.461553390593));
#4599 = CARTESIAN_POINT('',(1.2494553522,14.502472558823,3.078553390593)
  );
#4600 = CARTESIAN_POINT('',(2.717565391035,11.979127815441,
    6.461553390593));
#4601 = CARTESIAN_POINT('',(-2.22044604925E-16,14.097875872169,
    3.078553390593));
#4602 = CARTESIAN_POINT('',(-6.661338147751E-16,11.099130021967,
    6.461553390593));
#4603 = CARTESIAN_POINT('',(-1.2494553522,14.502472558823,3.078553390593
    ));
#4604 = CARTESIAN_POINT('',(-2.717565391035,11.979127815441,
    6.461553390593));
#4605 = CARTESIAN_POINT('',(-2.,15.505903601855,3.078553390593));
#4606 = CARTESIAN_POINT('',(-4.35,14.161590334034,6.461553390593));
#4607 = CARTESIAN_POINT('',(-2.,16.65,3.078553390593));
#4608 = CARTESIAN_POINT('',(-4.35,16.65,6.461553390593));
#4609 = DEFINITIONAL_REPRESENTATION('',(#4610),#4614);
#4610 = LINE('',#4611,#4612);
#4611 = CARTESIAN_POINT('',(0.,0.));
#4612 = VECTOR('',#4613,1.);
#4613 = DIRECTION('',(1.,0.));
#4614 = ( GEOMETRIC_REPRESENTATION_CONTEXT(2) 
PARAMETRIC_REPRESENTATION_CONTEXT() REPRESENTATION_CONTEXT('2D SPACE',''
  ) );
#4615 = FACE_BOUND('',#4616,.F.);
#4616 = EDGE_LOOP('',(#4617));
#4617 = ORIENTED_EDGE('',*,*,#3914,.F.);
#4618 = ADVANCED_FACE('',(#4619,#4629,#4693,#4723),#3997,.T.);
#4619 = FACE_BOUND('',#4620,.T.);
#4620 = EDGE_LOOP('',(#4621,#4622,#4623,#4624,#4625,#4626,#4627,#4628));
#4621 = ORIENTED_EDGE('',*,*,#4352,.T.);
#4622 = ORIENTED_EDGE('',*,*,#3978,.T.);
#4623 = ORIENTED_EDGE('',*,*,#4055,.T.);
#4624 = ORIENTED_EDGE('',*,*,#4104,.T.);
#4625 = ORIENTED_EDGE('',*,*,#4154,.T.);
#4626 = ORIENTED_EDGE('',*,*,#4203,.T.);
#4627 = ORIENTED_EDGE('',*,*,#4253,.T.);
#4628 = ORIENTED_EDGE('',*,*,#4302,.T.);
#4629 = FACE_BOUND('',#4630,.T.);
#4630 = EDGE_LOOP('',(#4631,#4664));
#4631 = ORIENTED_EDGE('',*,*,#4632,.T.);
#4632 = EDGE_CURVE('',#4633,#4635,#4637,.T.);
#4633 = VERTEX_POINT('',#4634);
#4634 = CARTESIAN_POINT('',(4.35,-16.65,6.461553390593));
#4635 = VERTEX_POINT('',#4636);
#4636 = CARTESIAN_POINT('',(-4.35,-16.65,6.461553390593));
#4637 = SURFACE_CURVE('',#4638,(#4646,#4657),.PCURVE_S1.);
#4638 = ( BOUNDED_CURVE() B_SPLINE_CURVE(6,(#4639,#4640,#4641,#4642,
#4643,#4644,#4645),.UNSPECIFIED.,.F.,.F.) B_SPLINE_CURVE_WITH_KNOTS((7,7
),(0.,3.14159265359),.PIECEWISE_BEZIER_KNOTS.) CURVE() 
GEOMETRIC_REPRESENTATION_ITEM() RATIONAL_B_SPLINE_CURVE((1.132556574715,
    1.036346631341,0.992316309354,0.976461899693,0.992316309354,
1.036346631341,1.132556574715)) REPRESENTATION_ITEM('') );
#4639 = CARTESIAN_POINT('',(4.35,-16.65,6.461553390593));
#4640 = CARTESIAN_POINT('',(4.35,-19.13840966596,6.461553390593));
#4641 = CARTESIAN_POINT('',(2.717565391035,-21.32087218455,
    6.461553390593));
#4642 = CARTESIAN_POINT('',(-6.661338147751E-16,-22.20086997803,
    6.461553390593));
#4643 = CARTESIAN_POINT('',(-2.717565391035,-21.32087218455,
    6.461553390593));
#4644 = CARTESIAN_POINT('',(-4.35,-19.13840966596,6.461553390593));
#4645 = CARTESIAN_POINT('',(-4.35,-16.65,6.461553390593));
#4646 = PCURVE('',#3997,#4647);
#4647 = DEFINITIONAL_REPRESENTATION('',(#4648),#4656);
#4648 = ( BOUNDED_CURVE() B_SPLINE_CURVE(6,(#4649,#4650,#4651,#4652,
#4653,#4654,#4655),.UNSPECIFIED.,.F.,.F.) B_SPLINE_CURVE_WITH_KNOTS((7,7
),(0.,3.14159265359),.PIECEWISE_BEZIER_KNOTS.) CURVE() 
GEOMETRIC_REPRESENTATION_ITEM() RATIONAL_B_SPLINE_CURVE((1.132556574715,
    1.036346631341,0.992316309354,0.976461899693,0.992316309354,
1.036346631341,1.132556574715)) REPRESENTATION_ITEM('') );
#4649 = CARTESIAN_POINT('',(-16.65,-4.35));
#4650 = CARTESIAN_POINT('',(-19.13840966596,-4.35));
#4651 = CARTESIAN_POINT('',(-21.32087218455,-2.717565391035));
#4652 = CARTESIAN_POINT('',(-22.20086997803,1.202064499053E-15));
#4653 = CARTESIAN_POINT('',(-21.32087218455,2.717565391035));
#4654 = CARTESIAN_POINT('',(-19.13840966596,4.35));
#4655 = CARTESIAN_POINT('',(-16.65,4.35));
#4656 = ( GEOMETRIC_REPRESENTATION_CONTEXT(2) 
PARAMETRIC_REPRESENTATION_CONTEXT() REPRESENTATION_CONTEXT('2D SPACE',''
  ) );
#4657 = PCURVE('',#4461,#4658);
#4658 = DEFINITIONAL_REPRESENTATION('',(#4659),#4663);
#4659 = LINE('',#4660,#4661);
#4660 = CARTESIAN_POINT('',(0.,3.383));
#4661 = VECTOR('',#4662,1.);
#4662 = DIRECTION('',(1.,0.));
#4663 = ( GEOMETRIC_REPRESENTATION_CONTEXT(2) 
PARAMETRIC_REPRESENTATION_CONTEXT() REPRESENTATION_CONTEXT('2D SPACE',''
  ) );
#4664 = ORIENTED_EDGE('',*,*,#4665,.T.);
#4665 = EDGE_CURVE('',#4635,#4633,#4666,.T.);
#4666 = SURFACE_CURVE('',#4667,(#4675,#4686),.PCURVE_S1.);
#4667 = ( BOUNDED_CURVE() B_SPLINE_CURVE(6,(#4668,#4669,#4670,#4671,
#4672,#4673,#4674),.UNSPECIFIED.,.F.,.F.) B_SPLINE_CURVE_WITH_KNOTS((7,7
),(0.,3.14159265359),.PIECEWISE_BEZIER_KNOTS.) CURVE() 
GEOMETRIC_REPRESENTATION_ITEM() RATIONAL_B_SPLINE_CURVE((1.132556574715,
    1.036346631341,0.992316309354,0.976461899693,0.992316309354,
1.036346631341,1.132556574715)) REPRESENTATION_ITEM('') );
#4668 = CARTESIAN_POINT('',(-4.35,-16.65,6.461553390593));
#4669 = CARTESIAN_POINT('',(-4.35,-14.16159033403,6.461553390593));
#4670 = CARTESIAN_POINT('',(-2.717565391035,-11.97912781544,
    6.461553390593));
#4671 = CARTESIAN_POINT('',(6.661338147751E-16,-11.09913002196,
    6.461553390593));
#4672 = CARTESIAN_POINT('',(2.717565391035,-11.97912781544,
    6.461553390593));
#4673 = CARTESIAN_POINT('',(4.35,-14.16159033403,6.461553390593));
#4674 = CARTESIAN_POINT('',(4.35,-16.65,6.461553390593));
#4675 = PCURVE('',#3997,#4676);
#4676 = DEFINITIONAL_REPRESENTATION('',(#4677),#4685);
#4677 = ( BOUNDED_CURVE() B_SPLINE_CURVE(6,(#4678,#4679,#4680,#4681,
#4682,#4683,#4684),.UNSPECIFIED.,.F.,.F.) B_SPLINE_CURVE_WITH_KNOTS((7,7
),(0.,3.14159265359),.PIECEWISE_BEZIER_KNOTS.) CURVE() 
GEOMETRIC_REPRESENTATION_ITEM() RATIONAL_B_SPLINE_CURVE((1.132556574715,
    1.036346631341,0.992316309354,0.976461899693,0.992316309354,
1.036346631341,1.132556574715)) REPRESENTATION_ITEM('') );
#4678 = CARTESIAN_POINT('',(-16.65,4.35));
#4679 = CARTESIAN_POINT('',(-14.16159033403,4.35));
#4680 = CARTESIAN_POINT('',(-11.97912781544,2.717565391035));
#4681 = CARTESIAN_POINT('',(-11.09913002196,-1.302031304976E-16));
#4682 = CARTESIAN_POINT('',(-11.97912781544,-2.717565391035));
#4683 = CARTESIAN_POINT('',(-14.16159033403,-4.35));
#4684 = CARTESIAN_POINT('',(-16.65,-4.35));
#4685 = ( GEOMETRIC_REPRESENTATION_CONTEXT(2) 
PARAMETRIC_REPRESENTATION_CONTEXT() REPRESENTATION_CONTEXT('2D SPACE',''
  ) );
#4686 = PCURVE('',#4417,#4687);
#4687 = DEFINITIONAL_REPRESENTATION('',(#4688),#4692);
#4688 = LINE('',#4689,#4690);
#4689 = CARTESIAN_POINT('',(0.,3.383));
#4690 = VECTOR('',#4691,1.);
#4691 = DIRECTION('',(1.,0.));
#4692 = ( GEOMETRIC_REPRESENTATION_CONTEXT(2) 
PARAMETRIC_REPRESENTATION_CONTEXT() REPRESENTATION_CONTEXT('2D SPACE',''
  ) );
#4693 = FACE_BOUND('',#4694,.T.);
#4694 = EDGE_LOOP('',(#4695));
#4695 = ORIENTED_EDGE('',*,*,#4696,.T.);
#4696 = EDGE_CURVE('',#4697,#4697,#4699,.T.);
#4697 = VERTEX_POINT('',#4698);
#4698 = CARTESIAN_POINT('',(-3.,-1.836970250913E-16,6.461553390593));
#4699 = SURFACE_CURVE('',#4700,(#4705,#4716),.PCURVE_S1.);
#4700 = CIRCLE('',#4701,3.);
#4701 = AXIS2_PLACEMENT_3D('',#4702,#4703,#4704);
#4702 = CARTESIAN_POINT('',(0.,0.,6.461553390593));
#4703 = DIRECTION('',(0.,0.,-1.));
#4704 = DIRECTION('',(-1.,0.,0.));
#4705 = PCURVE('',#3997,#4706);
#4706 = DEFINITIONAL_REPRESENTATION('',(#4707),#4715);
#4707 = ( BOUNDED_CURVE() B_SPLINE_CURVE(2,(#4708,#4709,#4710,#4711,
#4712,#4713,#4714),.UNSPECIFIED.,.T.,.F.) B_SPLINE_CURVE_WITH_KNOTS((1,2
    ,2,2,2,1),(-2.094395102393,0.,2.094395102393,4.188790204786,
6.28318530718,8.377580409573),.UNSPECIFIED.) CURVE() 
GEOMETRIC_REPRESENTATION_ITEM() RATIONAL_B_SPLINE_CURVE((1.,0.5,1.,0.5,
1.,0.5,1.)) REPRESENTATION_ITEM('') );
#4708 = CARTESIAN_POINT('',(-8.493995750814E-16,3.));
#4709 = CARTESIAN_POINT('',(5.196152422707,3.));
#4710 = CARTESIAN_POINT('',(2.598076211353,-1.5));
#4711 = CARTESIAN_POINT('',(-1.14611495593E-16,-6.));
#4712 = CARTESIAN_POINT('',(-2.598076211353,-1.5));
#4713 = CARTESIAN_POINT('',(-5.196152422707,3.));
#4714 = CARTESIAN_POINT('',(-8.493995750814E-16,3.));
#4715 = ( GEOMETRIC_REPRESENTATION_CONTEXT(2) 
PARAMETRIC_REPRESENTATION_CONTEXT() REPRESENTATION_CONTEXT('2D SPACE',''
  ) );
#4716 = PCURVE('',#4506,#4717);
#4717 = DEFINITIONAL_REPRESENTATION('',(#4718),#4722);
#4718 = LINE('',#4719,#4720);
#4719 = CARTESIAN_POINT('',(0.,-1.));
#4720 = VECTOR('',#4721,1.);
#4721 = DIRECTION('',(1.,0.));
#4722 = ( GEOMETRIC_REPRESENTATION_CONTEXT(2) 
PARAMETRIC_REPRESENTATION_CONTEXT() REPRESENTATION_CONTEXT('2D SPACE',''
  ) );
#4723 = FACE_BOUND('',#4724,.T.);
#4724 = EDGE_LOOP('',(#4725,#4758));
#4725 = ORIENTED_EDGE('',*,*,#4726,.T.);
#4726 = EDGE_CURVE('',#4727,#4729,#4731,.T.);
#4727 = VERTEX_POINT('',#4728);
#4728 = CARTESIAN_POINT('',(4.35,16.65,6.461553390593));
#4729 = VERTEX_POINT('',#4730);
#4730 = CARTESIAN_POINT('',(-4.35,16.65,6.461553390593));
#4731 = SURFACE_CURVE('',#4732,(#4740,#4751),.PCURVE_S1.);
#4732 = ( BOUNDED_CURVE() B_SPLINE_CURVE(6,(#4733,#4734,#4735,#4736,
#4737,#4738,#4739),.UNSPECIFIED.,.F.,.F.) B_SPLINE_CURVE_WITH_KNOTS((7,7
),(0.,3.14159265359),.PIECEWISE_BEZIER_KNOTS.) CURVE() 
GEOMETRIC_REPRESENTATION_ITEM() RATIONAL_B_SPLINE_CURVE((1.132556574715,
    1.036346631341,0.992316309354,0.976461899693,0.992316309354,
1.036346631341,1.132556574715)) REPRESENTATION_ITEM('') );
#4733 = CARTESIAN_POINT('',(4.35,16.65,6.461553390593));
#4734 = CARTESIAN_POINT('',(4.35,14.161590334034,6.461553390593));
#4735 = CARTESIAN_POINT('',(2.717565391035,11.979127815441,
    6.461553390593));
#4736 = CARTESIAN_POINT('',(-6.661338147751E-16,11.099130021967,
    6.461553390593));
#4737 = CARTESIAN_POINT('',(-2.717565391035,11.979127815441,
    6.461553390593));
#4738 = CARTESIAN_POINT('',(-4.35,14.161590334034,6.461553390593));
#4739 = CARTESIAN_POINT('',(-4.35,16.65,6.461553390593));
#4740 = PCURVE('',#3997,#4741);
#4741 = DEFINITIONAL_REPRESENTATION('',(#4742),#4750);
#4742 = ( BOUNDED_CURVE() B_SPLINE_CURVE(6,(#4743,#4744,#4745,#4746,
#4747,#4748,#4749),.UNSPECIFIED.,.F.,.F.) B_SPLINE_CURVE_WITH_KNOTS((7,7
),(0.,3.14159265359),.PIECEWISE_BEZIER_KNOTS.) CURVE() 
GEOMETRIC_REPRESENTATION_ITEM() RATIONAL_B_SPLINE_CURVE((1.132556574715,
    1.036346631341,0.992316309354,0.976461899693,0.992316309354,
1.036346631341,1.132556574715)) REPRESENTATION_ITEM('') );
#4743 = CARTESIAN_POINT('',(16.65,-4.35));
#4744 = CARTESIAN_POINT('',(14.161590334034,-4.35));
#4745 = CARTESIAN_POINT('',(11.979127815441,-2.717565391035));
#4746 = CARTESIAN_POINT('',(11.099130021967,1.202064499053E-15));
#4747 = CARTESIAN_POINT('',(11.979127815441,2.717565391035));
#4748 = CARTESIAN_POINT('',(14.161590334034,4.35));
#4749 = CARTESIAN_POINT('',(16.65,4.35));
#4750 = ( GEOMETRIC_REPRESENTATION_CONTEXT(2) 
PARAMETRIC_REPRESENTATION_CONTEXT() REPRESENTATION_CONTEXT('2D SPACE',''
  ) );
#4751 = PCURVE('',#4594,#4752);
#4752 = DEFINITIONAL_REPRESENTATION('',(#4753),#4757);
#4753 = LINE('',#4754,#4755);
#4754 = CARTESIAN_POINT('',(0.,3.383));
#4755 = VECTOR('',#4756,1.);
#4756 = DIRECTION('',(1.,0.));
#4757 = ( GEOMETRIC_REPRESENTATION_CONTEXT(2) 
PARAMETRIC_REPRESENTATION_CONTEXT() REPRESENTATION_CONTEXT('2D SPACE',''
  ) );
#4758 = ORIENTED_EDGE('',*,*,#4759,.T.);
#4759 = EDGE_CURVE('',#4729,#4727,#4760,.T.);
#4760 = SURFACE_CURVE('',#4761,(#4769,#4780),.PCURVE_S1.);
#4761 = ( BOUNDED_CURVE() B_SPLINE_CURVE(6,(#4762,#4763,#4764,#4765,
#4766,#4767,#4768),.UNSPECIFIED.,.F.,.F.) B_SPLINE_CURVE_WITH_KNOTS((7,7
),(0.,3.14159265359),.PIECEWISE_BEZIER_KNOTS.) CURVE() 
GEOMETRIC_REPRESENTATION_ITEM() RATIONAL_B_SPLINE_CURVE((1.132556574715,
    1.036346631341,0.992316309354,0.976461899693,0.992316309354,
1.036346631341,1.132556574715)) REPRESENTATION_ITEM('') );
#4762 = CARTESIAN_POINT('',(-4.35,16.65,6.461553390593));
#4763 = CARTESIAN_POINT('',(-4.35,19.138409665966,6.461553390593));
#4764 = CARTESIAN_POINT('',(-2.717565391035,21.320872184559,
    6.461553390593));
#4765 = CARTESIAN_POINT('',(6.661338147751E-16,22.200869978033,
    6.461553390593));
#4766 = CARTESIAN_POINT('',(2.717565391035,21.320872184559,
    6.461553390593));
#4767 = CARTESIAN_POINT('',(4.35,19.138409665966,6.461553390593));
#4768 = CARTESIAN_POINT('',(4.35,16.65,6.461553390593));
#4769 = PCURVE('',#3997,#4770);
#4770 = DEFINITIONAL_REPRESENTATION('',(#4771),#4779);
#4771 = ( BOUNDED_CURVE() B_SPLINE_CURVE(6,(#4772,#4773,#4774,#4775,
#4776,#4777,#4778),.UNSPECIFIED.,.F.,.F.) B_SPLINE_CURVE_WITH_KNOTS((7,7
),(0.,3.14159265359),.PIECEWISE_BEZIER_KNOTS.) CURVE() 
GEOMETRIC_REPRESENTATION_ITEM() RATIONAL_B_SPLINE_CURVE((1.132556574715,
    1.036346631341,0.992316309354,0.976461899693,0.992316309354,
1.036346631341,1.132556574715)) REPRESENTATION_ITEM('') );
#4772 = CARTESIAN_POINT('',(16.65,4.35));
#4773 = CARTESIAN_POINT('',(19.138409665966,4.35));
#4774 = CARTESIAN_POINT('',(21.320872184559,2.717565391035));
#4775 = CARTESIAN_POINT('',(22.200869978033,-1.302031304976E-16));
#4776 = CARTESIAN_POINT('',(21.320872184559,-2.717565391035));
#4777 = CARTESIAN_POINT('',(19.138409665966,-4.35));
#4778 = CARTESIAN_POINT('',(16.65,-4.35));
#4779 = ( GEOMETRIC_REPRESENTATION_CONTEXT(2) 
PARAMETRIC_REPRESENTATION_CONTEXT() REPRESENTATION_CONTEXT('2D SPACE',''
  ) );
#4780 = PCURVE('',#4550,#4781);
#4781 = DEFINITIONAL_REPRESENTATION('',(#4782),#4786);
#4782 = LINE('',#4783,#4784);
#4783 = CARTESIAN_POINT('',(0.,3.383));
#4784 = VECTOR('',#4785,1.);
#4785 = DIRECTION('',(1.,0.));
#4786 = ( GEOMETRIC_REPRESENTATION_CONTEXT(2) 
PARAMETRIC_REPRESENTATION_CONTEXT() REPRESENTATION_CONTEXT('2D SPACE',''
  ) );
#4787 = ADVANCED_FACE('',(#4788),#4417,.T.);
#4788 = FACE_BOUND('',#4789,.T.);
#4789 = EDGE_LOOP('',(#4790,#4810,#4811,#4831));
#4790 = ORIENTED_EDGE('',*,*,#4791,.F.);
#4791 = EDGE_CURVE('',#4392,#4635,#4792,.T.);
#4792 = SURFACE_CURVE('',#4793,(#4796,#4803),.PCURVE_S1.);
#4793 = B_SPLINE_CURVE_WITH_KNOTS('',1,(#4794,#4795),.UNSPECIFIED.,.F.,
  .F.,(2,2),(0.,3.383),.PIECEWISE_BEZIER_KNOTS.);
#4794 = CARTESIAN_POINT('',(-2.,-16.65,3.078553390593));
#4795 = CARTESIAN_POINT('',(-4.35,-16.65,6.461553390593));
#4796 = PCURVE('',#4417,#4797);
#4797 = DEFINITIONAL_REPRESENTATION('',(#4798),#4802);
#4798 = LINE('',#4799,#4800);
#4799 = CARTESIAN_POINT('',(0.,0.));
#4800 = VECTOR('',#4801,1.);
#4801 = DIRECTION('',(0.,1.));
#4802 = ( GEOMETRIC_REPRESENTATION_CONTEXT(2) 
PARAMETRIC_REPRESENTATION_CONTEXT() REPRESENTATION_CONTEXT('2D SPACE',''
  ) );
#4803 = PCURVE('',#4461,#4804);
#4804 = DEFINITIONAL_REPRESENTATION('',(#4805),#4809);
#4805 = LINE('',#4806,#4807);
#4806 = CARTESIAN_POINT('',(3.14159265359,0.));
#4807 = VECTOR('',#4808,1.);
#4808 = DIRECTION('',(0.,1.));
#4809 = ( GEOMETRIC_REPRESENTATION_CONTEXT(2) 
PARAMETRIC_REPRESENTATION_CONTEXT() REPRESENTATION_CONTEXT('2D SPACE',''
  ) );
#4810 = ORIENTED_EDGE('',*,*,#4391,.T.);
#4811 = ORIENTED_EDGE('',*,*,#4812,.T.);
#4812 = EDGE_CURVE('',#4394,#4633,#4813,.T.);
#4813 = SURFACE_CURVE('',#4814,(#4817,#4824),.PCURVE_S1.);
#4814 = B_SPLINE_CURVE_WITH_KNOTS('',1,(#4815,#4816),.UNSPECIFIED.,.F.,
  .F.,(2,2),(0.,3.383),.PIECEWISE_BEZIER_KNOTS.);
#4815 = CARTESIAN_POINT('',(2.,-16.65,3.078553390593));
#4816 = CARTESIAN_POINT('',(4.35,-16.65,6.461553390593));
#4817 = PCURVE('',#4417,#4818);
#4818 = DEFINITIONAL_REPRESENTATION('',(#4819),#4823);
#4819 = LINE('',#4820,#4821);
#4820 = CARTESIAN_POINT('',(3.14159265359,0.));
#4821 = VECTOR('',#4822,1.);
#4822 = DIRECTION('',(0.,1.));
#4823 = ( GEOMETRIC_REPRESENTATION_CONTEXT(2) 
PARAMETRIC_REPRESENTATION_CONTEXT() REPRESENTATION_CONTEXT('2D SPACE',''
  ) );
#4824 = PCURVE('',#4461,#4825);
#4825 = DEFINITIONAL_REPRESENTATION('',(#4826),#4830);
#4826 = LINE('',#4827,#4828);
#4827 = CARTESIAN_POINT('',(0.,0.));
#4828 = VECTOR('',#4829,1.);
#4829 = DIRECTION('',(0.,1.));
#4830 = ( GEOMETRIC_REPRESENTATION_CONTEXT(2) 
PARAMETRIC_REPRESENTATION_CONTEXT() REPRESENTATION_CONTEXT('2D SPACE',''
  ) );
#4831 = ORIENTED_EDGE('',*,*,#4665,.F.);
#4832 = ADVANCED_FACE('',(#4833),#4461,.T.);
#4833 = FACE_BOUND('',#4834,.T.);
#4834 = EDGE_LOOP('',(#4835,#4836,#4837,#4838));
#4835 = ORIENTED_EDGE('',*,*,#4812,.F.);
#4836 = ORIENTED_EDGE('',*,*,#4439,.T.);
#4837 = ORIENTED_EDGE('',*,*,#4791,.T.);
#4838 = ORIENTED_EDGE('',*,*,#4632,.F.);
#4839 = ADVANCED_FACE('',(#4840),#4506,.F.);
#4840 = FACE_BOUND('',#4841,.F.);
#4841 = EDGE_LOOP('',(#4842,#4863,#4864,#4865));
#4842 = ORIENTED_EDGE('',*,*,#4843,.F.);
#4843 = EDGE_CURVE('',#4490,#4697,#4844,.T.);
#4844 = SEAM_CURVE('',#4845,(#4849,#4856),.PCURVE_S1.);
#4845 = LINE('',#4846,#4847);
#4846 = CARTESIAN_POINT('',(-3.,-1.836970250913E-16,5.461553390593));
#4847 = VECTOR('',#4848,1.);
#4848 = DIRECTION('',(0.,0.,1.));
#4849 = PCURVE('',#4506,#4850);
#4850 = DEFINITIONAL_REPRESENTATION('',(#4851),#4855);
#4851 = LINE('',#4852,#4853);
#4852 = CARTESIAN_POINT('',(6.28318530718,0.));
#4853 = VECTOR('',#4854,1.);
#4854 = DIRECTION('',(0.,-1.));
#4855 = ( GEOMETRIC_REPRESENTATION_CONTEXT(2) 
PARAMETRIC_REPRESENTATION_CONTEXT() REPRESENTATION_CONTEXT('2D SPACE',''
  ) );
#4856 = PCURVE('',#4506,#4857);
#4857 = DEFINITIONAL_REPRESENTATION('',(#4858),#4862);
#4858 = LINE('',#4859,#4860);
#4859 = CARTESIAN_POINT('',(0.,0.));
#4860 = VECTOR('',#4861,1.);
#4861 = DIRECTION('',(0.,-1.));
#4862 = ( GEOMETRIC_REPRESENTATION_CONTEXT(2) 
PARAMETRIC_REPRESENTATION_CONTEXT() REPRESENTATION_CONTEXT('2D SPACE',''
  ) );
#4863 = ORIENTED_EDGE('',*,*,#4489,.F.);
#4864 = ORIENTED_EDGE('',*,*,#4843,.T.);
#4865 = ORIENTED_EDGE('',*,*,#4696,.T.);
#4866 = ADVANCED_FACE('',(#4867),#4550,.T.);
#4867 = FACE_BOUND('',#4868,.T.);
#4868 = EDGE_LOOP('',(#4869,#4889,#4890,#4910));
#4869 = ORIENTED_EDGE('',*,*,#4870,.F.);
#4870 = EDGE_CURVE('',#4525,#4729,#4871,.T.);
#4871 = SURFACE_CURVE('',#4872,(#4875,#4882),.PCURVE_S1.);
#4872 = B_SPLINE_CURVE_WITH_KNOTS('',1,(#4873,#4874),.UNSPECIFIED.,.F.,
  .F.,(2,2),(0.,3.383),.PIECEWISE_BEZIER_KNOTS.);
#4873 = CARTESIAN_POINT('',(-2.,16.65,3.078553390593));
#4874 = CARTESIAN_POINT('',(-4.35,16.65,6.461553390593));
#4875 = PCURVE('',#4550,#4876);
#4876 = DEFINITIONAL_REPRESENTATION('',(#4877),#4881);
#4877 = LINE('',#4878,#4879);
#4878 = CARTESIAN_POINT('',(0.,0.));
#4879 = VECTOR('',#4880,1.);
#4880 = DIRECTION('',(0.,1.));
#4881 = ( GEOMETRIC_REPRESENTATION_CONTEXT(2) 
PARAMETRIC_REPRESENTATION_CONTEXT() REPRESENTATION_CONTEXT('2D SPACE',''
  ) );
#4882 = PCURVE('',#4594,#4883);
#4883 = DEFINITIONAL_REPRESENTATION('',(#4884),#4888);
#4884 = LINE('',#4885,#4886);
#4885 = CARTESIAN_POINT('',(3.14159265359,0.));
#4886 = VECTOR('',#4887,1.);
#4887 = DIRECTION('',(0.,1.));
#4888 = ( GEOMETRIC_REPRESENTATION_CONTEXT(2) 
PARAMETRIC_REPRESENTATION_CONTEXT() REPRESENTATION_CONTEXT('2D SPACE',''
  ) );
#4889 = ORIENTED_EDGE('',*,*,#4524,.T.);
#4890 = ORIENTED_EDGE('',*,*,#4891,.T.);
#4891 = EDGE_CURVE('',#4527,#4727,#4892,.T.);
#4892 = SURFACE_CURVE('',#4893,(#4896,#4903),.PCURVE_S1.);
#4893 = B_SPLINE_CURVE_WITH_KNOTS('',1,(#4894,#4895),.UNSPECIFIED.,.F.,
  .F.,(2,2),(0.,3.383),.PIECEWISE_BEZIER_KNOTS.);
#4894 = CARTESIAN_POINT('',(2.,16.65,3.078553390593));
#4895 = CARTESIAN_POINT('',(4.35,16.65,6.461553390593));
#4896 = PCURVE('',#4550,#4897);
#4897 = DEFINITIONAL_REPRESENTATION('',(#4898),#4902);
#4898 = LINE('',#4899,#4900);
#4899 = CARTESIAN_POINT('',(3.14159265359,0.));
#4900 = VECTOR('',#4901,1.);
#4901 = DIRECTION('',(0.,1.));
#4902 = ( GEOMETRIC_REPRESENTATION_CONTEXT(2) 
PARAMETRIC_REPRESENTATION_CONTEXT() REPRESENTATION_CONTEXT('2D SPACE',''
  ) );
#4903 = PCURVE('',#4594,#4904);
#4904 = DEFINITIONAL_REPRESENTATION('',(#4905),#4909);
#4905 = LINE('',#4906,#4907);
#4906 = CARTESIAN_POINT('',(0.,0.));
#4907 = VECTOR('',#4908,1.);
#4908 = DIRECTION('',(0.,1.));
#4909 = ( GEOMETRIC_REPRESENTATION_CONTEXT(2) 
PARAMETRIC_REPRESENTATION_CONTEXT() REPRESENTATION_CONTEXT('2D SPACE',''
  ) );
#4910 = ORIENTED_EDGE('',*,*,#4759,.F.);
#4911 = ADVANCED_FACE('',(#4912),#4594,.T.);
#4912 = FACE_BOUND('',#4913,.T.);
#4913 = EDGE_LOOP('',(#4914,#4915,#4916,#4917));
#4914 = ORIENTED_EDGE('',*,*,#4891,.F.);
#4915 = ORIENTED_EDGE('',*,*,#4572,.T.);
#4916 = ORIENTED_EDGE('',*,*,#4870,.T.);
#4917 = ORIENTED_EDGE('',*,*,#4726,.F.);
#4918 = ( GEOMETRIC_REPRESENTATION_CONTEXT(3) 
GLOBAL_UNCERTAINTY_ASSIGNED_CONTEXT((#4922)) 
GLOBAL_UNIT_ASSIGNED_CONTEXT((#4919,#4920,#4921)) REPRESENTATION_CONTEXT
('Context #1','3D Context with UNIT and UNCERTAINTY') );
#4919 = ( LENGTH_UNIT() NAMED_UNIT(*) SI_UNIT(.MILLI.,.METRE.) );
#4920 = ( NAMED_UNIT(*) PLANE_ANGLE_UNIT() SI_UNIT($,.RADIAN.) );
#4921 = ( NAMED_UNIT(*) SI_UNIT($,.STERADIAN.) SOLID_ANGLE_UNIT() );
#4922 = UNCERTAINTY_MEASURE_WITH_UNIT(LENGTH_MEASURE(1.E-07),#4919,
  'distance_accuracy_value','confusion accuracy');
#4923 = PRODUCT_RELATED_PRODUCT_CATEGORY('part',$,(#7));
ENDSEC;
END-ISO-10303-21;
